date,brent_oil,crude_oil,heating_oil_proxy,vix,sp500,dxy,gold,us_10y_yield,us_2y_yield,freight_proxy,data_source
2010-01-04,80.12000274658203,81.51000213623047,2.190500020980835,20.040000915527344,1132.989990234375,77.52999877929688,1117.699951171875,3.8410000801086426,0.054999999701976776,,yfinance
2010-01-05,80.58999633789062,81.7699966430664,2.1940999031066895,19.350000381469727,1136.52001953125,77.62000274658203,1118.0999755859375,3.755000114440918,0.05999999865889549,,yfinance
2010-01-06,81.88999938964844,83.18000030517578,2.203200101852417,19.15999984741211,1137.1400146484375,77.48999786376953,1135.9000244140625,3.808000087738037,0.04500000178813934,,yfinance
2010-01-07,81.51000213623047,82.66000366210938,2.1835999488830566,19.059999465942383,1141.68994140625,77.91000366210938,1133.0999755859375,3.822000026702881,0.04500000178813934,,yfinance
2010-01-08,81.37000274658203,82.75,2.2002999782562256,18.1299991607666,1144.97998046875,77.47000122070312,1138.199951171875,3.808000087738037,0.03999999910593033,,yfinance
2010-01-11,80.97000122070312,82.5199966430664,2.1800999641418457,17.549999237060547,1146.97998046875,77.0,1150.699951171875,3.818000078201294,0.02500000037252903,,yfinance
2010-01-12,79.30000305175781,80.79000091552734,2.1317999362945557,18.25,1136.219970703125,76.94999694824219,1128.9000244140625,3.7190001010894775,0.03999999910593033,,yfinance
2010-01-13,78.30999755859375,79.6500015258789,2.094599962234497,17.850000381469727,1145.6800537109375,76.8499984741211,1136.4000244140625,3.7829999923706055,0.05000000074505806,,yfinance
2010-01-14,77.81999969482422,79.38999938964844,2.082900047302246,17.6299991607666,1148.4599609375,76.7300033569336,1142.5999755859375,3.7339999675750732,0.04500000178813934,,yfinance
2010-01-15,77.11000061035156,78.0,2.0460000038146973,17.90999984741211,1136.030029296875,77.31999969482422,1130.0999755859375,3.6760001182556152,0.054999999701976776,,yfinance
2010-01-19,77.62999725341797,79.0199966430664,2.0453999042510986,17.579999923706055,1150.22998046875,77.5,1139.699951171875,3.7070000171661377,0.05000000074505806,,yfinance
2010-01-20,76.31999969482422,77.62000274658203,2.0211000442504883,18.68000030517578,1138.0400390625,78.33999633789062,1112.300048828125,3.6589999198913574,0.05000000074505806,,yfinance
2010-01-21,74.58000183105469,76.08000183105469,1.9855999946594238,22.270000457763672,1116.47998046875,78.31999969482422,1102.699951171875,3.6110000610351562,0.03999999910593033,,yfinance
2010-01-22,72.83000183105469,74.54000091552734,1.94159996509552,27.309999465942383,1091.760009765625,78.27999877929688,1089.199951171875,3.5980000495910645,0.04500000178813934,,yfinance
2010-01-25,73.69000244140625,75.26000213623047,1.9658000469207764,25.40999984741211,1096.780029296875,78.19000244140625,1095.199951171875,3.630000114440918,0.04500000178813934,,yfinance
2010-01-26,73.29000091552734,74.70999908447266,1.9507999420166016,24.549999237060547,1092.1700439453125,78.43000030517578,1097.9000244140625,3.630000114440918,0.06499999761581421,,yfinance
2010-01-27,72.23999786376953,73.66999816894531,1.9168000221252441,23.139999389648438,1097.5,78.68000030517578,1084.4000244140625,3.6440000534057617,0.07000000029802322,,yfinance
2010-01-28,72.12999725341797,73.63999938964844,1.919100046157837,23.729999542236328,1084.530029296875,78.9000015258789,1083.5999755859375,3.6579999923706055,0.07000000029802322,,yfinance
2010-01-29,71.45999908447266,72.88999938964844,1.902899980545044,24.6200008392334,1073.8699951171875,79.45999908447266,1083.0,3.6089999675750732,0.07000000029802322,,yfinance
2010-02-01,73.11000061035156,74.43000030517578,1.9549000263214111,22.59000015258789,1089.18994140625,79.23999786376953,1104.300048828125,3.6540000438690186,0.08500000089406967,,yfinance
2010-02-02,76.05999755859375,77.2300033569336,2.0316998958587646,21.479999542236328,1103.3199462890625,79.01000213623047,1117.4000244140625,3.634999990463257,0.09000000357627869,,yfinance
2010-02-03,75.91999816894531,76.9800033569336,2.019399881362915,21.600000381469727,1097.280029296875,79.37000274658203,1111.4000244140625,3.703000068664551,0.09000000357627869,,yfinance
2010-02-04,72.12999725341797,73.13999938964844,1.9351999759674072,26.079999923706055,1063.1099853515625,79.91999816894531,1062.4000244140625,3.609999895095825,0.08500000089406967,,yfinance
2010-02-05,69.58999633789062,71.19000244140625,1.8747999668121338,26.110000610351562,1066.18994140625,80.44000244140625,1052.199951171875,3.5460000038146973,0.08500000089406967,,yfinance
2010-02-08,70.11000061035156,71.88999938964844,1.8854999542236328,26.510000228881836,1056.739990234375,80.30000305175781,1065.699951171875,3.5920000076293945,0.09000000357627869,,yfinance
2010-02-09,72.12999725341797,73.75,1.9372999668121338,26.0,1070.52001953125,79.86000061035156,1076.699951171875,3.632999897003174,0.10000000149011612,,yfinance
2010-02-10,72.54000091552734,74.5199966430664,1.9469000101089478,25.399999618530273,1068.1300048828125,80.02999877929688,1075.800048828125,3.694000005722046,0.10000000149011612,,yfinance
2010-02-11,73.05000305175781,75.27999877929688,1.9630000591278076,23.959999084472656,1078.469970703125,79.98999786376953,1094.199951171875,3.7330000400543213,0.0949999988079071,,yfinance
2010-02-12,72.9000015258789,74.12999725341797,1.9189000129699707,22.729999542236328,1075.510009765625,80.31999969482422,1089.5,3.693000078201294,0.09000000357627869,,yfinance
2010-02-16,75.68000030517578,77.01000213623047,1.9962999820709229,22.25,1094.8699951171875,79.69999694824219,1119.300048828125,3.6640000343322754,0.08500000089406967,,yfinance
2010-02-17,76.2699966430664,77.33000183105469,2.006700038909912,21.719999313354492,1099.510009765625,80.37999725341797,1119.5,3.742000102996826,0.09000000357627869,,yfinance
2010-02-18,77.77999877929688,79.05999755859375,2.0515999794006348,20.6299991607666,1106.75,80.4000015258789,1118.0,3.802999973297119,0.08500000089406967,,yfinance
2010-02-19,78.19000244140625,79.80999755859375,2.0699000358581543,20.020000457763672,1109.1700439453125,80.63999938964844,1121.300048828125,3.7820000648498535,0.0949999988079071,,yfinance
2010-02-22,78.61000061035156,80.16000366210938,2.0787999629974365,19.940000534057617,1108.010009765625,80.51000213623047,1112.5999755859375,3.7990000247955322,0.08500000089406967,,yfinance
2010-02-23,77.25,78.86000061035156,2.0322999954223633,21.3700008392334,1094.5999755859375,80.8499984741211,1102.699951171875,3.690999984741211,0.11500000208616257,,yfinance
2010-02-24,78.08999633789062,80.0,2.042099952697754,20.270000457763672,1105.239990234375,80.8499984741211,1096.5,3.694999933242798,0.10999999940395355,,yfinance
2010-02-25,76.29000091552734,78.16999816894531,1.986199975013733,20.100000381469727,1102.93994140625,80.79000091552734,1107.800048828125,3.6419999599456787,0.11500000208616257,,yfinance
2010-02-26,77.58999633789062,79.66000366210938,2.024899959564209,19.5,1104.489990234375,80.36000061035156,1118.300048828125,3.5950000286102295,0.11500000208616257,,yfinance
2010-03-01,76.88999938964844,78.69999694824219,2.0234999656677246,19.260000228881836,1115.7099609375,80.66000366210938,1117.800048828125,3.6059999465942383,0.11999999731779099,,yfinance
2010-03-02,78.18000030517578,79.68000030517578,2.0560998916625977,19.059999465942383,1118.31005859375,80.5199966430664,1136.9000244140625,3.614000082015991,0.125,,yfinance
2010-03-03,79.25,80.87000274658203,2.0936999320983887,18.829999923706055,1118.7900390625,79.9800033569336,1142.699951171875,3.625,0.13500000536441803,,yfinance
2010-03-04,78.54000091552734,80.20999908447266,2.068700075149536,18.719999313354492,1122.969970703125,80.55999755859375,1132.5999755859375,3.6059999465942383,0.13500000536441803,,yfinance
2010-03-05,79.88999938964844,81.5,2.097399950027466,17.420000076293945,1138.699951171875,80.43000030517578,1134.800048828125,3.681999921798706,0.14499999582767487,,yfinance
2010-03-08,80.47000122070312,81.87000274658203,2.1054999828338623,17.790000915527344,1138.5,80.43000030517578,1123.5999755859375,3.7079999446868896,0.14499999582767487,,yfinance
2010-03-09,79.91000366210938,81.48999786376953,2.0897998809814453,17.920000076293945,1140.449951171875,80.58999633789062,1122.0,3.7009999752044678,0.15000000596046448,,yfinance
2010-03-10,80.4800033569336,82.08999633789062,2.1161999702453613,18.56999969482422,1145.6099853515625,80.44999694824219,1107.800048828125,3.7200000286102295,0.14499999582767487,,yfinance
2010-03-11,80.27999877929688,82.11000061035156,2.115000009536743,18.059999465942383,1150.239990234375,80.31999969482422,1108.0,3.7200000286102295,0.14499999582767487,,yfinance
2010-03-12,79.38999938964844,81.23999786376953,2.0940001010894775,17.579999923706055,1149.989990234375,79.83000183105469,1101.5,3.7100000381469727,0.14000000059604645,,yfinance
2010-03-15,77.88999938964844,79.80000305175781,2.0576000213623047,18.0,1150.510009765625,80.25,1105.0999755859375,3.7039999961853027,0.14499999582767487,,yfinance
2010-03-16,79.0199966430664,81.69999694824219,2.114300012588501,17.690000534057617,1159.4599609375,79.75,1122.199951171875,3.6530001163482666,0.1550000011920929,,yfinance
2010-03-17,81.95999908447266,82.93000030517578,2.1394999027252197,16.90999984741211,1166.2099609375,79.63999938964844,1124.0,3.6419999599456787,0.15000000596046448,,yfinance
2010-03-18,81.4800033569336,82.19999694824219,2.1191000938415527,16.6200008392334,1165.8299560546875,80.22000122070312,1127.4000244140625,3.671999931335449,0.14499999582767487,,yfinance
2010-03-19,79.87999725341797,80.68000030517578,2.07669997215271,16.969999313354492,1159.9000244140625,80.72000122070312,1107.4000244140625,3.687000036239624,0.14499999582767487,,yfinance
2010-03-22,80.54000091552734,81.25,2.083699941635132,16.8700008392334,1165.81005859375,80.6500015258789,1099.300048828125,3.6630001068115234,0.14000000059604645,,yfinance
2010-03-23,80.69999694824219,81.91000366210938,2.101799964904785,16.350000381469727,1174.1700439453125,80.9000015258789,1103.5,3.680000066757202,0.12999999523162842,,yfinance
2010-03-24,79.62000274658203,80.61000061035156,2.07069993019104,17.549999237060547,1167.719970703125,81.83999633789062,1088.5999755859375,3.8289999961853027,0.13500000536441803,,yfinance
2010-03-25,79.61000061035156,80.52999877929688,2.0692999362945557,18.399999618530273,1165.72998046875,82.12000274658203,1092.699951171875,3.9010000228881836,0.12999999523162842,,yfinance
2010-03-26,79.29000091552734,80.0,2.069700002670288,17.770000457763672,1166.5899658203125,81.68000030517578,1104.199951171875,3.8550000190734863,0.12999999523162842,,yfinance
2010-03-29,81.16999816894531,82.16999816894531,2.118799924850464,17.59000015258789,1173.219970703125,81.36000061035156,1110.300048828125,3.864000082015991,0.125,,yfinance
2010-03-30,81.27999877929688,82.37000274658203,2.1247000694274902,17.1299991607666,1173.27001953125,81.47000122070312,1104.5,3.868000030517578,0.15000000596046448,,yfinance
2010-03-31,82.69999694824219,83.76000213623047,2.164599895477295,17.59000015258789,1169.4300537109375,81.06999969482422,1113.300048828125,3.8329999446868896,0.15000000596046448,,yfinance
2010-04-01,84.01000213623047,84.87000274658203,2.2167000770568848,17.469999313354492,1178.0999755859375,80.77999877929688,1125.0999755859375,3.8589999675750732,0.15000000596046448,,yfinance
2010-04-05,85.87999725341797,86.62000274658203,2.2674999237060547,17.020000457763672,1187.43994140625,81.08999633789062,1132.9000244140625,3.99399995803833,0.1599999964237213,,yfinance
2010-04-06,86.1500015258789,86.83999633789062,2.2683000564575195,16.229999542236328,1189.43994140625,81.38999938964844,1135.0999755859375,3.9679999351501465,0.16500000655651093,,yfinance
2010-04-07,85.58999633789062,85.87999725341797,2.2439000606536865,16.6200008392334,1182.449951171875,81.44000244140625,1152.300048828125,3.86299991607666,0.1599999964237213,,yfinance
2010-04-08,84.80999755859375,85.38999938964844,2.2281999588012695,16.479999542236328,1186.43994140625,81.52999877929688,1152.199951171875,3.8959999084472656,0.1550000011920929,,yfinance
2010-04-09,84.83000183105469,84.91999816894531,2.2260000705718994,16.139999389648438,1194.3699951171875,81.08999633789062,1161.0999755859375,3.888000011444092,0.15000000596046448,,yfinance
2010-04-12,84.7699966430664,84.33999633789062,2.218899965286255,15.579999923706055,1196.47998046875,80.55999755859375,1161.5999755859375,3.8459999561309814,0.13500000536441803,,yfinance
2010-04-13,84.72000122070312,84.05000305175781,2.214200019836426,16.200000762939453,1197.300048828125,80.51000213623047,1152.800048828125,3.811000108718872,0.15000000596046448,,yfinance
2010-04-14,86.1500015258789,85.83999633789062,2.2421000003814697,15.59000015258789,1210.6500244140625,80.19000244140625,1159.0,3.8550000190734863,0.1550000011920929,,yfinance
2010-04-15,87.16999816894531,85.51000213623047,2.2523000240325928,15.890000343322754,1211.6700439453125,80.4800033569336,1159.699951171875,3.8480000495910645,0.15000000596046448,,yfinance
2010-04-16,85.98999786376953,83.23999786376953,2.216900110244751,18.360000610351562,1192.1300048828125,80.81999969482422,1136.300048828125,3.7699999809265137,0.15000000596046448,,yfinance
2010-04-19,84.2300033569336,81.44999694824219,2.1568000316619873,17.34000015258789,1197.52001953125,81.0,1135.199951171875,3.806999921798706,0.15000000596046448,,yfinance
2010-04-20,84.80000305175781,83.44999694824219,2.1802000999450684,15.729999542236328,1207.1700439453125,81.05000305175781,1138.5999755859375,3.805000066757202,0.14499999582767487,,yfinance
2010-04-21,85.69999694824219,83.68000030517578,2.2058000564575195,16.31999969482422,1205.93994140625,81.16000366210938,1148.199951171875,3.73799991607666,0.14499999582767487,,yfinance
2010-04-22,85.66999816894531,83.69999694824219,2.2149999141693115,16.469999313354492,1208.6700439453125,81.56999969482422,1142.300048828125,3.7720000743865967,0.15000000596046448,,yfinance
2010-04-23,87.25,85.12000274658203,2.250499963760376,16.6200008392334,1217.280029296875,81.3499984741211,1153.0999755859375,3.816999912261963,0.1550000011920929,,yfinance
2010-04-26,86.83000183105469,84.19999694824219,2.2370998859405518,17.469999313354492,1212.050048828125,81.4800033569336,1153.5,3.815000057220459,0.15000000596046448,,yfinance
2010-04-27,85.77999877929688,82.44000244140625,2.230299949645996,22.809999465942383,1183.7099609375,82.1500015258789,1161.699951171875,3.690000057220459,0.14499999582767487,,yfinance
2010-04-28,86.16000366210938,83.22000122070312,2.2290000915527344,21.079999923706055,1191.3599853515625,82.37999725341797,1171.300048828125,3.7730000019073486,0.1550000011920929,,yfinance
2010-04-29,86.9000015258789,85.16999816894531,2.251199960708618,18.440000534057617,1206.780029296875,82.0,1168.4000244140625,3.7279999256134033,0.1599999964237213,,yfinance
2010-04-30,87.44000244140625,86.1500015258789,2.2885000705718994,22.049999237060547,1186.68994140625,81.87000274658203,1180.0999755859375,3.6630001068115234,0.1550000011920929,,yfinance
2010-05-03,88.94000244140625,86.19000244140625,2.345099925994873,20.190000534057617,1202.260009765625,82.2699966430664,1182.699951171875,3.7049999237060547,0.1599999964237213,,yfinance
2010-05-04,,82.73999786376953,2.259500026702881,23.84000015258789,1173.5999755859375,83.30000305175781,1168.5999755859375,3.61299991607666,0.1550000011920929,,yfinance
2010-05-05,82.61000061035156,79.97000122070312,2.184499979019165,24.90999984741211,1165.8699951171875,84.08000183105469,1174.5999755859375,3.549999952316284,0.14499999582767487,,yfinance
2010-05-06,79.83000183105469,77.11000061035156,2.1136999130249023,32.79999923706055,1128.1500244140625,84.88999938964844,1196.9000244140625,3.3980000019073486,0.10000000149011612,,yfinance
2010-05-07,78.2699966430664,75.11000061035156,2.0794999599456787,40.95000076293945,1110.8800048828125,84.44999694824219,1210.0,3.428999900817871,0.11999999731779099,,yfinance
2010-05-10,80.12000274658203,76.80000305175781,2.1201999187469482,28.84000015258789,1159.72998046875,84.16000366210938,1200.4000244140625,3.5390000343322754,0.14499999582767487,,yfinance
2010-05-11,80.48999786376953,76.37000274658203,2.1401000022888184,28.31999969482422,1155.7900390625,84.47000122070312,1219.9000244140625,3.5350000858306885,0.15000000596046448,,yfinance
2010-05-12,81.19999694824219,75.6500015258789,2.15910005569458,25.520000457763672,1171.6700439453125,84.83000183105469,1242.699951171875,3.566999912261963,0.15000000596046448,,yfinance
2010-05-13,80.11000061035156,74.4000015258789,2.1319000720977783,26.68000030517578,1157.43994140625,85.20999908447266,1228.800048828125,3.563999891281128,0.1550000011920929,,yfinance
2010-05-14,77.18000030517578,71.61000061035156,2.0606000423431396,31.239999771118164,1135.6800537109375,86.0999984741211,1227.4000244140625,3.441999912261963,0.14499999582767487,,yfinance
2010-05-17,75.0999984741211,70.08000183105469,1.985200047492981,30.84000015258789,1136.93994140625,86.20999908447266,1227.699951171875,3.4719998836517334,0.15000000596046448,,yfinance
2010-05-18,74.43000030517578,69.41000366210938,1.9615000486373901,33.54999923706055,1120.800048828125,87.16000366210938,1214.300048828125,3.375999927520752,0.16500000655651093,,yfinance
2010-05-19,73.69000244140625,69.87000274658203,1.945199966430664,35.31999969482422,1115.050048828125,86.38999938964844,1192.5999755859375,3.3589999675750732,0.16500000655651093,,yfinance
2010-05-20,71.83999633789062,68.01000213623047,1.901900053024292,45.790000915527344,1071.5899658203125,85.56999969482422,1187.800048828125,3.2639999389648438,0.1550000011920929,,yfinance
2010-05-21,71.68000030517578,70.04000091552734,1.8967000246047974,40.099998474121094,1087.68994140625,85.37000274658203,1175.699951171875,3.200000047683716,0.15000000596046448,,yfinance
2010-05-24,71.16999816894531,70.20999908447266,1.8992999792099,38.31999969482422,1073.6500244140625,86.20999908447266,1193.800048828125,3.2269999980926514,0.15000000596046448,,yfinance
2010-05-25,69.55000305175781,68.75,1.8717000484466553,34.61000061035156,1074.030029296875,86.77999877929688,1197.800048828125,3.1579999923706055,0.1599999964237213,,yfinance
2010-05-26,71.73999786376953,71.51000213623047,1.920699954032898,35.02000045776367,1067.949951171875,87.12000274658203,1213.300048828125,3.2179999351501465,0.1599999964237213,,yfinance
2010-05-27,74.66000366210938,74.55000305175781,1.999400019645691,29.68000030517578,1103.06005859375,86.18000030517578,1211.9000244140625,3.3380000591278076,0.1599999964237213,,yfinance
2010-05-28,74.0199966430664,73.97000122070312,1.9802000522613525,32.06999969482422,1089.4100341796875,86.4800033569336,1212.199951171875,3.3010001182556152,0.15000000596046448,,yfinance
2010-06-01,72.70999908447266,72.58000183105469,1.9703999757766724,35.540000915527344,1070.7099609375,86.63999938964844,1224.800048828125,3.2960000038146973,0.14499999582767487,,yfinance
2010-06-02,73.75,72.86000061035156,2.0058999061584473,30.170000076293945,1098.3800048828125,86.79000091552734,1220.5999755859375,3.3340001106262207,0.14499999582767487,,yfinance
2010-06-03,75.41000366210938,74.61000061035156,2.039099931716919,29.459999084472656,1102.8299560546875,87.13999938964844,1208.300048828125,3.378999948501587,0.12999999523162842,,yfinance
2010-06-04,72.08999633789062,71.51000213623047,1.9577000141143799,35.47999954223633,1064.8800048828125,88.2300033569336,1216.199951171875,3.194999933242798,0.11999999731779099,,yfinance
2010-06-07,72.08999633789062,71.44000244140625,1.9682999849319458,36.56999969482422,1050.469970703125,88.4000015258789,1239.300048828125,3.184000015258789,0.10499999672174454,,yfinance
2010-06-08,72.08999633789062,71.98999786376953,1.9652999639511108,33.70000076293945,1062.0,88.38999938964844,1244.0,3.1679999828338623,0.10999999940395355,,yfinance
2010-06-09,72.08999633789062,74.37999725341797,2.0095999240875244,33.72999954223633,1055.68994140625,87.9000015258789,1228.5,3.187000036239624,0.0949999988079071,,yfinance
2010-06-10,75.29000091552734,75.4800033569336,2.0327999591827393,30.56999969482422,1086.8399658203125,87.16999816894531,1220.800048828125,3.319000005722046,0.08500000089406967,,yfinance
2010-06-11,74.3499984741211,73.77999877929688,2.0053000450134277,28.790000915527344,1091.5999755859375,87.51000213623047,1228.9000244140625,3.2160000801086426,0.07000000029802322,,yfinance
2010-06-14,75.19999694824219,75.12000274658203,2.025899887084961,28.579999923706055,1089.6300048828125,86.51000213623047,1223.300048828125,3.2750000953674316,0.054999999701976776,,yfinance
2010-06-15,76.19999694824219,76.94000244140625,2.06850004196167,25.8700008392334,1115.22998046875,85.9800033569336,1233.199951171875,3.309999942779541,0.07999999821186066,,yfinance
2010-06-16,78.13999938964844,77.66999816894531,2.110100030899048,25.920000076293945,1114.6099853515625,86.08000183105469,1229.300048828125,3.2820000648498535,0.09000000357627869,,yfinance
2010-06-17,78.68000030517578,76.79000091552734,2.14739990234375,25.049999237060547,1116.0400390625,85.69000244140625,1247.5,3.190000057220459,0.09000000357627869,,yfinance
2010-06-18,78.22000122070312,77.18000030517578,2.1289000511169434,23.950000762939453,1117.510009765625,85.69999694824219,1257.199951171875,3.2230000495910645,0.0949999988079071,,yfinance
2010-06-21,78.81999969482422,77.81999969482422,2.145900011062622,24.8799991607666,1113.199951171875,85.93000030517578,1239.699951171875,3.243000030517578,0.10499999672174454,,yfinance
2010-06-22,78.04000091552734,77.20999908447266,2.1129000186920166,27.049999237060547,1095.31005859375,86.11000061035156,1239.9000244140625,3.1659998893737793,0.125,,yfinance
2010-06-23,76.2699966430664,76.3499984741211,2.0683999061584473,26.90999984741211,1092.0400390625,85.73999786376953,1234.0999755859375,3.115000009536743,0.11999999731779099,,yfinance
2010-06-24,76.47000122070312,76.51000213623047,2.0571999549865723,29.739999771118164,1073.68994140625,85.7300033569336,1245.5,3.122999906539917,0.125,,yfinance
2010-06-25,78.12000274658203,78.86000061035156,2.1122000217437744,28.530000686645508,1076.760009765625,85.30999755859375,1255.800048828125,3.11299991607666,0.125,,yfinance
2010-06-28,77.58999633789062,78.25,2.0933001041412354,29.0,1074.5699462890625,85.6500015258789,1238.199951171875,3.0320000648498535,0.13500000536441803,,yfinance
2010-06-29,75.44000244140625,75.94000244140625,2.0213000774383545,34.130001068115234,1041.239990234375,86.02999877929688,1242.0,2.9670000076293945,0.1599999964237213,,yfinance
2010-06-30,75.01000213623047,75.62999725341797,1.9816999435424805,34.540000915527344,1030.7099609375,86.0199966430664,1245.5,2.9509999752044678,0.17000000178813934,,yfinance
2010-07-01,72.33999633789062,72.94999694824219,1.9385000467300415,32.86000061035156,1027.3699951171875,84.72000122070312,1206.300048828125,2.927000045776367,0.16500000655651093,,yfinance
2010-07-02,71.6500015258789,72.13999938964844,1.9155000448226929,30.1200008392334,1022.5800170898438,84.43000030517578,1207.4000244140625,2.9790000915527344,0.1599999964237213,,yfinance
2010-07-06,71.44999694824219,71.9800033569336,1.917199969291687,29.649999618530273,1028.06005859375,84.08000183105469,1194.800048828125,2.931999921798706,0.1599999964237213,,yfinance
2010-07-07,73.51000213623047,74.06999969482422,1.978700041770935,26.84000015258789,1060.27001953125,83.81999969482422,1198.5999755859375,2.9800000190734863,0.1550000011920929,,yfinance
2010-07-08,74.70999908447266,75.44000244140625,2.0053000450134277,25.709999084472656,1070.25,83.81999969482422,1195.800048828125,3.0199999809265137,0.14499999582767487,,yfinance
2010-07-09,75.41999816894531,76.08999633789062,2.025700092315674,24.979999542236328,1077.9599609375,83.94999694824219,1209.5999755859375,3.055999994277954,0.14499999582767487,,yfinance
2010-07-12,74.37000274658203,74.94999694824219,1.9912999868392944,24.43000030517578,1078.75,84.19999694824219,1198.5,3.0460000038146973,0.14000000059604645,,yfinance
2010-07-13,76.6500015258789,77.1500015258789,2.0473999977111816,24.559999465942383,1095.3399658203125,83.63999938964844,1213.300048828125,3.114000082015991,0.14499999582767487,,yfinance
2010-07-14,76.7699966430664,77.04000091552734,2.036099910736084,24.889999389648438,1095.1700439453125,83.43000030517578,1206.800048828125,3.049999952316284,0.14499999582767487,,yfinance
2010-07-15,,76.62000274658203,2.0183000564575195,25.139999389648438,1096.47998046875,82.55999755859375,1208.0999755859375,2.9779999256134033,0.14499999582767487,,yfinance
2010-07-16,75.37000274658203,76.01000213623047,2.0113000869750977,26.25,1064.8800048828125,82.48999786376953,1188.0,2.938999891281128,0.14499999582767487,,yfinance
2010-07-19,75.62000274658203,76.54000091552734,2.0169999599456787,25.969999313354492,1071.25,82.51000213623047,1181.699951171875,2.9639999866485596,0.14499999582767487,,yfinance
2010-07-20,76.22000122070312,77.44000244140625,2.0246999263763428,23.93000030517578,1083.47998046875,82.75,1191.5,2.931999921798706,0.15000000596046448,,yfinance
2010-07-21,75.37000274658203,76.55999755859375,1.9891999959945679,25.639999389648438,1069.5899658203125,83.38999938964844,1191.5999755859375,2.8919999599456787,0.15000000596046448,,yfinance
2010-07-22,77.81999969482422,79.30000305175781,2.0624001026153564,24.6299991607666,1093.6700439453125,82.5999984741211,1195.5,2.931999921798706,0.14499999582767487,,yfinance
2010-07-23,77.44999694824219,78.9800033569336,2.05049991607666,23.469999313354492,1102.6600341796875,82.45999908447266,1187.699951171875,2.99399995803833,0.14499999582767487,,yfinance
2010-07-26,77.5,78.9800033569336,2.04259991645813,22.729999542236328,1115.010009765625,82.08999633789062,1183.0,2.99399995803833,0.14499999582767487,,yfinance
2010-07-27,76.12999725341797,77.5,1.999400019645691,23.190000534057617,1113.8399658203125,82.18000030517578,1158.0,3.046999931335449,0.15000000596046448,,yfinance
2010-07-28,76.05999755859375,76.98999786376953,1.996399998664856,24.25,1106.1300048828125,82.18000030517578,1160.4000244140625,3.000999927520752,0.14499999582767487,,yfinance
2010-07-29,77.58999633789062,78.36000061035156,2.0371999740600586,24.1299991607666,1101.530029296875,81.63999938964844,1168.4000244140625,2.999000072479248,0.14499999582767487,,yfinance
2010-07-30,78.18000030517578,78.94999694824219,2.0427000522613525,23.5,1101.5999755859375,81.54000091552734,1181.699951171875,2.9070000648498535,0.14000000059604645,,yfinance
2010-08-02,80.81999969482422,81.33999633789062,2.1538000106811523,22.010000228881836,1125.8599853515625,80.94000244140625,1183.4000244140625,2.9630000591278076,0.14000000059604645,,yfinance
2010-08-03,82.68000030517578,82.55000305175781,2.200000047683716,22.6299991607666,1120.4599609375,80.5999984741211,1185.199951171875,2.9140000343322754,0.15000000596046448,,yfinance
2010-08-04,82.19999694824219,82.47000122070312,2.202199935913086,22.209999084472656,1127.239990234375,80.88999938964844,1193.699951171875,2.9519999027252197,0.14499999582767487,,yfinance
2010-08-05,81.61000061035156,82.01000213623047,2.186800003051758,22.100000381469727,1125.81005859375,80.81999969482422,1197.199951171875,2.9149999618530273,0.14000000059604645,,yfinance
2010-08-06,80.16000366210938,80.69999694824219,2.147200107574463,21.739999771118164,1121.6400146484375,80.41000366210938,1203.4000244140625,2.8239998817443848,0.14000000059604645,,yfinance
2010-08-09,80.98999786376953,81.4800033569336,2.1538000106811523,22.139999389648438,1127.7900390625,80.70999908447266,1200.699951171875,2.822000026702881,0.14000000059604645,,yfinance
2010-08-10,79.5999984741211,80.25,2.1254000663757324,22.3700008392334,1121.06005859375,80.80000305175781,1196.199951171875,2.7809998989105225,0.14499999582767487,,yfinance
2010-08-11,77.63999938964844,78.0199966430664,2.075200080871582,25.389999389648438,1089.469970703125,82.29000091552734,1197.5,2.684999942779541,0.14499999582767487,,yfinance
2010-08-12,75.5199966430664,75.73999786376953,2.001499891281128,25.729999542236328,1083.6099853515625,82.63999938964844,1214.800048828125,2.734999895095825,0.15000000596046448,,yfinance
2010-08-13,75.11000061035156,75.38999938964844,1.9955999851226807,26.239999771118164,1079.25,82.94999694824219,1214.9000244140625,2.687999963760376,0.14499999582767487,,yfinance
2010-08-16,74.8499984741211,75.23999786376953,1.988800048828125,26.100000381469727,1079.3800048828125,82.52999877929688,1224.5,2.575000047683716,0.15000000596046448,,yfinance
2010-08-17,76.93000030517578,75.7699966430664,2.025899887084961,24.329999923706055,1092.5400390625,82.2300033569336,1226.5999755859375,2.6449999809265137,0.1550000011920929,,yfinance
2010-08-18,76.47000122070312,75.41999816894531,2.024899959564209,24.59000015258789,1094.1600341796875,82.22000122070312,1229.699951171875,2.6410000324249268,0.15000000596046448,,yfinance
2010-08-19,75.30000305175781,74.43000030517578,2.000699996948242,26.440000534057617,1075.6300048828125,82.44999694824219,1233.800048828125,2.5789999961853027,0.14499999582767487,,yfinance
2010-08-20,74.26000213623047,73.45999908447266,1.9709999561309814,25.489999771118164,1071.68994140625,83.05999755859375,1227.199951171875,2.611999988555908,0.14499999582767487,,yfinance
2010-08-23,73.62000274658203,73.0999984741211,1.955399990081787,25.65999984741211,1067.3599853515625,83.12000274658203,1226.9000244140625,2.6070001125335693,0.15000000596046448,,yfinance
2010-08-24,72.37999725341797,71.62999725341797,1.9357000589370728,27.459999084472656,1051.8699951171875,83.1500015258789,1231.800048828125,2.499000072479248,0.1550000011920929,,yfinance
2010-08-25,73.4800033569336,72.5199966430664,1.9706000089645386,26.700000762939453,1055.3299560546875,83.26000213623047,1239.5,2.5380001068115234,0.15000000596046448,,yfinance
2010-08-26,75.0199966430664,73.36000061035156,2.009200096130371,27.3700008392334,1047.219970703125,82.93000030517578,1235.4000244140625,2.499000072479248,0.14499999582767487,,yfinance
2010-08-27,76.6500015258789,75.16999816894531,2.044300079345703,24.450000762939453,1064.5899658203125,82.91999816894531,1236.0,2.6519999504089355,0.14000000059604645,,yfinance
2010-08-30,76.5999984741211,74.69999694824219,2.0251998901367188,27.209999084472656,1048.9200439453125,83.16000366210938,1237.0999755859375,2.5450000762939453,0.12999999523162842,,yfinance
2010-08-31,74.63999938964844,71.91999816894531,1.9944000244140625,26.049999237060547,1049.3299560546875,83.19999694824219,1248.300048828125,2.4769999980926514,0.13500000536441803,,yfinance
2010-09-01,76.3499984741211,73.91000366210938,2.041100025177002,23.889999389648438,1080.2900390625,82.5199966430664,1246.300048828125,2.5820000171661377,0.12999999523162842,,yfinance
2010-09-02,76.93000030517578,75.0199966430664,2.062299966812134,23.190000534057617,1090.0999755859375,82.45999908447266,1251.5,2.628000020980835,0.125,,yfinance
2010-09-03,76.66999816894531,74.5999984741211,2.057300090789795,21.309999465942383,1104.510009765625,83.0999984741211,1249.199951171875,2.7060000896453857,0.125,,yfinance
2010-09-07,77.73999786376953,74.08999633789062,2.0743000507354736,23.799999237060547,1091.8399658203125,82.81999969482422,1257.300048828125,2.6089999675750732,0.11999999731779099,,yfinance
2010-09-08,78.16999816894531,74.66999816894531,2.081700086593628,23.25,1098.8699951171875,82.58999633789062,1255.5999755859375,2.6540000438690186,0.12999999523162842,,yfinance
2010-09-09,77.47000122070312,74.25,2.0683999061584473,22.809999465942383,1104.1800537109375,82.66999816894531,1248.9000244140625,2.760999917984009,0.13500000536441803,,yfinance
2010-09-10,78.16000366210938,76.44999694824219,2.1043999195098877,21.989999771118164,1109.550048828125,82.69999694824219,1244.5,2.7950000762939453,0.13500000536441803,,yfinance
2010-09-13,79.02999877929688,77.19000244140625,2.1226999759674072,21.209999084472656,1121.9000244140625,81.91000366210938,1245.0999755859375,2.740999937057495,0.13500000536441803,,yfinance
2010-09-14,79.16000366210938,76.80000305175781,2.1287999153137207,21.559999465942383,1121.0999755859375,81.08000183105469,1269.699951171875,2.6659998893737793,0.14499999582767487,,yfinance
2010-09-15,78.91000366210938,76.0199966430664,2.1326000690460205,22.100000381469727,1125.0699462890625,81.48999786376953,1266.699951171875,2.7230000495910645,0.15000000596046448,,yfinance
2010-09-16,78.4800033569336,74.56999969482422,2.0989999771118164,21.719999313354492,1124.6600341796875,81.23999786376953,1271.9000244140625,2.759000062942505,0.15000000596046448,,yfinance
2010-09-17,78.20999908447266,73.66000366210938,2.0992000102996826,22.010000228881836,1125.5899658203125,81.4000015258789,1275.5999755859375,2.746000051498413,0.14499999582767487,,yfinance
2010-09-20,79.31999969482422,74.86000061035156,2.139400005340576,21.5,1142.7099609375,81.33999633789062,1279.0,2.7060000896453857,0.15000000596046448,,yfinance
2010-09-21,78.41999816894531,73.5199966430664,2.1198999881744385,22.350000381469727,1139.780029296875,80.44000244140625,1272.4000244140625,2.5940001010894775,0.1550000011920929,,yfinance
2010-09-22,77.94999694824219,74.70999908447266,2.1070001125335693,22.510000228881836,1134.280029296875,79.83000183105469,1290.199951171875,2.5480000972747803,0.1550000011920929,,yfinance
2010-09-23,78.11000061035156,75.18000030517578,2.114500045776367,23.8700008392334,1124.8299560546875,80.01000213623047,1294.300048828125,2.555000066757202,0.15000000596046448,,yfinance
2010-09-24,78.87000274658203,76.48999786376953,2.1305999755859375,21.709999084472656,1148.6700439453125,79.38999938964844,1296.0,2.611999988555908,0.14000000059604645,,yfinance
2010-09-27,78.56999969482422,76.5199966430664,2.12280011177063,22.540000915527344,1142.1600341796875,79.33999633789062,1296.699951171875,2.5169999599456787,0.12999999523162842,,yfinance
2010-09-28,78.70999908447266,76.18000030517578,2.124500036239624,22.600000381469727,1147.699951171875,79.01000213623047,1306.5999755859375,2.4560000896453857,0.15000000596046448,,yfinance
2010-09-29,80.7699966430664,77.86000061035156,2.190500020980835,23.25,1144.72998046875,78.69000244140625,1308.5,2.50600004196167,0.1550000011920929,,yfinance
2010-09-30,82.30999755859375,79.97000122070312,2.24399995803833,23.700000762939453,1141.199951171875,78.72000122070312,1307.800048828125,2.5169999599456787,0.1550000011920929,,yfinance
2010-10-01,83.75,81.58000183105469,2.293800115585327,22.5,1146.239990234375,78.08999633789062,1316.0999755859375,2.5260000228881836,0.15000000596046448,,yfinance
2010-10-04,83.27999877929688,81.47000122070312,2.2846999168395996,23.530000686645508,1137.030029296875,78.44999694824219,1315.4000244140625,2.4790000915527344,0.14499999582767487,,yfinance
2010-10-05,84.83999633789062,82.81999969482422,2.3025999069213867,21.760000228881836,1160.75,77.75,1338.9000244140625,2.4739999771118164,0.11500000208616257,,yfinance
2010-10-06,85.05999755859375,83.2300033569336,2.307800054550171,21.489999771118164,1159.969970703125,77.38999938964844,1346.4000244140625,2.3989999294281006,0.11500000208616257,,yfinance
2010-10-07,83.43000030517578,81.66999816894531,2.251800060272217,21.559999465942383,1158.06005859375,77.38999938964844,1333.9000244140625,2.3959999084472656,0.11500000208616257,,yfinance
2010-10-08,84.02999877929688,82.66000366210938,2.281899929046631,20.709999084472656,1165.1500244140625,77.31999969482422,1344.199951171875,2.38100004196167,0.11500000208616257,,yfinance
2010-10-11,83.72000122070312,82.20999908447266,2.2790000438690186,18.959999084472656,1165.3199462890625,77.44000244140625,1353.300048828125,,,,yfinance
2010-10-12,83.5,81.66999816894531,2.262500047683716,18.93000030517578,1169.77001953125,77.36000061035156,1345.699951171875,2.421999931335449,0.11500000208616257,,yfinance
2010-10-13,84.63999938964844,83.01000213623047,2.3006999492645264,19.06999969482422,1178.0999755859375,77.06999969482422,1369.5,2.430999994277954,0.12999999523162842,,yfinance
2010-10-14,84.52999877929688,82.69000244140625,2.283900022506714,19.8799991607666,1173.81005859375,76.6500015258789,1376.699951171875,2.494999885559082,0.13500000536441803,,yfinance
2010-10-15,82.44999694824219,81.25,2.230799913406372,19.030000686645508,1176.18994140625,77.04000091552734,1371.0999755859375,2.5759999752044678,0.13500000536441803,,yfinance
2010-10-18,84.37000274658203,83.08000183105469,2.276099920272827,19.09000015258789,1184.7099609375,76.93000030517578,1371.199951171875,2.490999937057495,0.13500000536441803,,yfinance
2010-10-19,81.0999984741211,79.48999786376953,2.189300060272217,20.6299991607666,1165.9000244140625,78.18000030517578,1335.0999755859375,2.4749999046325684,0.13500000536441803,,yfinance
2010-10-20,83.5999984741211,81.7699966430664,2.2548000812530518,19.790000915527344,1178.1700439453125,77.16999816894531,1343.300048828125,2.4700000286102295,0.13500000536441803,,yfinance
2010-10-21,81.83000183105469,80.55999755859375,2.2144999504089355,19.270000457763672,1180.260009765625,77.41999816894531,1324.699951171875,2.5309998989105225,0.11999999731779099,,yfinance
2010-10-22,82.95999908447266,81.69000244140625,2.2516000270843506,18.780000686645508,1183.0799560546875,77.47000122070312,1324.4000244140625,2.562999963760376,0.11999999731779099,,yfinance
2010-10-25,83.54000091552734,82.5199966430664,2.255000114440918,19.850000381469727,1185.6199951171875,77.0999984741211,1338.300048828125,2.553999900817871,0.11500000208616257,,yfinance
2010-10-26,83.66000366210938,82.55000305175781,2.25,20.219999313354492,1185.6400146484375,77.70999908447266,1338.0,2.635999917984009,0.12999999523162842,,yfinance
2010-10-27,83.2300033569336,81.94000244140625,2.238300085067749,20.709999084472656,1182.449951171875,78.1500015258789,1322.199951171875,2.7119998931884766,0.12999999523162842,,yfinance
2010-10-28,83.58999633789062,82.18000030517578,2.243499994277954,20.8799991607666,1183.780029296875,77.30999755859375,1342.0999755859375,2.6610000133514404,0.125,,yfinance
2010-10-29,83.1500015258789,81.43000030517578,2.220099925994873,21.200000762939453,1183.260009765625,77.2699966430664,1357.0999755859375,2.611999988555908,0.10999999940395355,,yfinance
2010-11-01,84.62000274658203,82.94999694824219,2.2776999473571777,21.829999923706055,1184.3800048828125,77.30000305175781,1350.199951171875,2.628000020980835,0.10499999672174454,,yfinance
2010-11-02,85.41000366210938,83.9000015258789,2.293600082397461,21.56999969482422,1193.5699462890625,76.72000122070312,1356.4000244140625,2.5940001010894775,0.125,,yfinance
2010-11-03,86.37999725341797,84.69000244140625,2.327899932861328,19.559999465942383,1197.9599609375,76.4800033569336,1337.0999755859375,2.61899995803833,0.11999999731779099,,yfinance
2010-11-04,88.0,86.48999786376953,2.3731000423431396,18.520000457763672,1221.06005859375,75.87999725341797,1382.699951171875,2.4839999675750732,0.11500000208616257,,yfinance
2010-11-05,88.11000061035156,86.8499984741211,2.3847999572753906,18.260000228881836,1225.8499755859375,76.55000305175781,1397.300048828125,2.5360000133514404,0.11999999731779099,,yfinance
2010-11-08,88.45999908447266,87.05999755859375,2.397700071334839,18.290000915527344,1223.25,77.02999877929688,1402.800048828125,2.562999963760376,0.10999999940395355,,yfinance
2010-11-09,88.33000183105469,86.72000122070312,2.4066998958587646,19.079999923706055,1213.4000244140625,77.44000244140625,1409.800048828125,2.6589999198913574,0.125,,yfinance
2010-11-10,88.95999908447266,87.80999755859375,2.4419000148773193,18.469999313354492,1218.7099609375,77.62999725341797,1399.0999755859375,2.6480000019073486,0.125,,yfinance
2010-11-11,88.80999755859375,87.80999755859375,2.4265999794006348,18.639999389648438,1213.5400390625,78.22000122070312,1403.0999755859375,2.6480000019073486,0.125,,yfinance
2010-11-12,86.33999633789062,84.87999725341797,2.3631999492645264,20.610000610351562,1199.2099609375,78.08000183105469,1365.4000244140625,2.75600004196167,0.125,,yfinance
2010-11-15,86.69999694824219,84.86000061035156,2.3708999156951904,20.200000762939453,1197.75,78.5199966430664,1368.4000244140625,2.9110000133514404,0.12999999523162842,,yfinance
2010-11-16,84.7300033569336,82.33999633789062,2.309000015258789,22.579999923706055,1178.3399658203125,79.20999908447266,1338.300048828125,2.8469998836517334,0.13500000536441803,,yfinance
2010-11-17,83.27999877929688,80.44000244140625,2.2518999576568604,21.760000228881836,1178.5899658203125,79.08000183105469,1336.800048828125,2.864000082015991,0.13500000536441803,,yfinance
2010-11-18,85.05000305175781,81.8499984741211,2.295099973678589,18.75,1196.68994140625,78.62000274658203,1352.9000244140625,2.9019999504089355,0.13500000536441803,,yfinance
2010-11-19,84.33999633789062,81.51000213623047,2.274399995803833,18.040000915527344,1199.72998046875,78.5,1352.199951171875,2.875,0.12999999523162842,,yfinance
2010-11-22,83.95999908447266,81.73999786376953,2.2685999870300293,18.3700008392334,1197.8399658203125,78.68000030517578,1357.699951171875,2.812999963760376,0.125,,yfinance
2010-11-23,83.25,81.25,2.2495999336242676,20.6299991607666,1180.72998046875,79.68000030517578,1377.5,2.76200008392334,0.14000000059604645,,yfinance
2010-11-24,85.83999633789062,83.86000061035156,2.325500011444092,19.559999465942383,1198.3499755859375,79.87000274658203,1372.9000244140625,2.9140000343322754,0.15000000596046448,,yfinance
2010-11-26,85.58000183105469,83.76000213623047,2.316200017929077,22.219999313354492,1189.4000244140625,80.36000061035156,1362.300048828125,2.864000082015991,0.1550000011920929,,yfinance
2010-11-29,87.33999633789062,85.7300033569336,2.358099937438965,21.530000686645508,1187.760009765625,80.83999633789062,1366.0,2.822000026702881,0.1550000011920929,,yfinance
2010-11-30,85.91999816894531,84.11000061035156,2.3169000148773193,23.540000915527344,1180.550048828125,81.19999694824219,1385.0,2.796999931335449,0.1599999964237213,,yfinance
2010-12-01,88.87000274658203,86.75,2.405600070953369,21.360000610351562,1206.0699462890625,80.70999908447266,1387.300048828125,2.9639999866485596,0.1550000011920929,,yfinance
2010-12-02,90.69000244140625,88.0,2.4546000957489014,19.389999389648438,1221.530029296875,80.30000305175781,1388.5,3.0,0.14499999582767487,,yfinance
2010-12-03,91.41999816894531,89.19000244140625,2.4874000549316406,18.010000228881836,1224.7099609375,79.37999725341797,1405.4000244140625,3.0169999599456787,0.12999999523162842,,yfinance
2010-12-06,91.44999694824219,89.37999725341797,2.4756999015808105,18.020000457763672,1223.1199951171875,79.56999969482422,1415.300048828125,2.940999984741211,0.125,,yfinance
2010-12-07,91.38999938964844,88.69000244140625,2.4702000617980957,17.989999771118164,1223.75,79.86000061035156,1408.300048828125,3.1649999618530273,0.14000000059604645,,yfinance
2010-12-08,90.7699966430664,88.27999877929688,2.460700035095215,17.739999771118164,1228.280029296875,80.0,1382.5,3.2360000610351562,0.13500000536441803,,yfinance
2010-12-09,90.98999786376953,88.37000274658203,2.4667999744415283,17.25,1233.0,80.06999969482422,1392.0999755859375,3.2230000495910645,0.13500000536441803,,yfinance
2010-12-10,90.4800033569336,87.79000091552734,2.4574999809265137,17.610000610351562,1240.4000244140625,80.06999969482422,1384.300048828125,3.2960000038146973,0.11500000208616257,,yfinance
2010-12-13,91.19000244140625,88.61000061035156,2.4651999473571777,17.549999237060547,1240.4599609375,79.27999877929688,1397.300048828125,3.2829999923706055,0.11999999731779099,,yfinance
2010-12-14,91.20999908447266,88.27999877929688,2.467900037765503,17.610000610351562,1241.5899658203125,79.37000274658203,1403.5999755859375,3.4549999237060547,0.13500000536441803,,yfinance
2010-12-15,92.19999694824219,88.62000274658203,2.4835000038146973,17.940000534057617,1235.22998046875,80.26000213623047,1385.5,3.5199999809265137,0.13500000536441803,,yfinance
2010-12-16,91.70999908447266,87.69999694824219,2.476300001144409,17.389999389648438,1242.8699951171875,80.18000030517578,1370.4000244140625,3.4769999980926514,0.125,,yfinance
2010-12-17,91.66999816894531,88.0199966430664,2.4737000465393066,16.110000610351562,1243.9100341796875,80.37000274658203,1378.5999755859375,3.3299999237060547,0.10499999672174454,,yfinance
2010-12-20,92.73999786376953,88.80999755859375,2.489500045776367,16.40999984741211,1247.0799560546875,80.62999725341797,1385.5,3.3489999771118164,0.10000000149011612,,yfinance
2010-12-21,93.19999694824219,89.81999969482422,2.516400098800659,16.489999771118164,1254.5999755859375,80.72000122070312,1388.199951171875,3.3259999752044678,0.12999999523162842,,yfinance
2010-12-22,93.6500015258789,90.4800033569336,2.5285000801086426,15.449999809265137,1258.8399658203125,80.7300033569336,1386.800048828125,3.3459999561309814,0.12999999523162842,,yfinance
2010-12-23,94.25,91.51000213623047,2.540800094604492,16.469999313354492,1256.77001953125,80.5,1380.0,3.3929998874664307,0.12999999523162842,,yfinance
2010-12-27,93.8499984741211,91.0,2.5165998935699463,17.670000076293945,1257.5400390625,80.37000274658203,1382.4000244140625,3.3510000705718994,0.11999999731779099,,yfinance
2010-12-28,94.37999725341797,91.48999786376953,2.5243000984191895,17.520000457763672,1258.510009765625,80.36000061035156,1405.199951171875,3.4809999465942383,0.14000000059604645,,yfinance
2010-12-29,94.13999938964844,91.12000274658203,2.5215001106262207,17.280000686645508,1259.780029296875,79.80000305175781,1413.0999755859375,3.3410000801086426,0.125,,yfinance
2010-12-30,93.08999633789062,89.83999633789062,2.4853999614715576,17.520000457763672,1257.8800048828125,79.5199966430664,1405.5999755859375,3.36899995803833,0.10999999940395355,,yfinance
2010-12-31,94.75,91.37999725341797,2.5436999797821045,17.75,1257.6400146484375,79.02999877929688,1421.0999755859375,3.305000066757202,0.11500000208616257,,yfinance
2011-01-03,94.83999633789062,91.55000305175781,2.552799940109253,17.610000610351562,1271.8699951171875,79.12999725341797,1422.5999755859375,3.3420000076293945,0.11999999731779099,,yfinance
2011-01-04,93.52999877929688,89.37999725341797,2.506500005722046,17.3799991607666,1270.199951171875,79.44000244140625,1378.5,3.3459999561309814,0.13500000536441803,,yfinance
2011-01-05,95.5,90.30000305175781,2.5422000885009766,17.020000457763672,1276.56005859375,80.26000213623047,1373.4000244140625,3.4830000400543213,0.13500000536441803,,yfinance
2011-01-06,94.5199966430664,88.37999725341797,2.511199951171875,17.399999618530273,1273.8499755859375,80.79000091552734,1371.4000244140625,3.4189999103546143,0.14000000059604645,,yfinance
2011-01-07,93.33000183105469,88.02999877929688,2.486299991607666,17.139999389648438,1271.5,81.01000213623047,1368.5,3.328000068664551,0.13500000536441803,,yfinance
2011-01-10,95.69999694824219,89.25,2.5560998916625977,17.540000915527344,1269.75,80.87999725341797,1373.699951171875,3.303999900817871,0.13500000536441803,,yfinance
2011-01-11,97.61000061035156,91.11000061035156,2.608799934387207,16.889999389648438,1274.47998046875,80.8499984741211,1384.0,3.3410000801086426,0.14499999582767487,,yfinance
2011-01-12,98.12000274658203,91.86000061035156,2.6185998916625977,16.239999771118164,1285.9599609375,80.02999877929688,1385.699951171875,3.3550000190734863,0.14499999582767487,,yfinance
2011-01-13,98.05999755859375,91.4000015258789,2.609100103378296,16.389999389648438,1283.760009765625,79.19000244140625,1386.9000244140625,3.3010001182556152,0.14000000059604645,,yfinance
2011-01-14,,91.54000091552734,2.64520001411438,15.460000038146973,1293.239990234375,79.16000366210938,1360.4000244140625,3.3329999446868896,0.14499999582767487,,yfinance
2011-01-18,97.80000305175781,91.37999725341797,2.645900011062622,15.869999885559082,1295.02001953125,78.95999908447266,1368.0999755859375,3.364000082015991,0.14499999582767487,,yfinance
2011-01-19,98.16000366210938,90.86000061035156,2.6561999320983887,17.309999465942383,1281.9200439453125,78.63999938964844,1370.199951171875,3.3369998931884766,0.1550000011920929,,yfinance
2011-01-20,96.58000183105469,88.86000061035156,2.623199939727783,17.989999771118164,1280.260009765625,78.81999969482422,1346.5,3.4590001106262207,0.1550000011920929,,yfinance
2011-01-21,97.5999984741211,89.11000061035156,2.6507999897003174,18.469999313354492,1283.3499755859375,78.20999908447266,1341.0,3.4159998893737793,0.15000000596046448,,yfinance
2011-01-24,96.61000061035156,87.87000274658203,2.61929988861084,17.649999618530273,1290.8399658203125,78.05000305175781,1344.5,3.4079999923706055,0.15000000596046448,,yfinance
2011-01-25,95.25,86.19000244140625,2.592900037765503,17.59000015258789,1291.1800537109375,78.0,1332.300048828125,3.319000005722046,0.15000000596046448,,yfinance
2011-01-26,97.91000366210938,87.33000183105469,2.669800043106079,16.639999389648438,1296.6300048828125,77.9000015258789,1333.0,3.427999973297119,0.1550000011920929,,yfinance
2011-01-27,97.38999938964844,85.63999938964844,2.654599905014038,16.149999618530273,1299.5400390625,77.7300033569336,1318.4000244140625,3.384999990463257,0.14000000059604645,,yfinance
2011-01-28,99.41999816894531,89.33999633789062,2.690200090408325,20.040000915527344,1276.3399658203125,78.12999725341797,1340.699951171875,3.3289999961853027,0.13500000536441803,,yfinance
2011-01-31,101.01000213623047,92.19000244140625,2.746799945831299,19.530000686645508,1286.1199951171875,77.73999786376953,1333.800048828125,3.378000020980835,0.14499999582767487,,yfinance
2011-02-01,101.73999786376953,90.7699966430664,2.756999969482422,17.6299991607666,1307.5899658203125,77.06999969482422,1339.5999755859375,3.443000078201294,0.15000000596046448,,yfinance
2011-02-02,102.33999633789062,90.86000061035156,2.7806999683380127,17.299999237060547,1304.030029296875,77.16000366210938,1331.5,3.489000082015991,0.15000000596046448,,yfinance
2011-02-03,101.76000213623047,90.54000091552734,2.767400026321411,16.690000534057617,1307.0999755859375,77.75,1352.300048828125,3.5409998893737793,0.14499999582767487,,yfinance
2011-02-04,99.83000183105469,89.02999877929688,2.7167000770568848,15.930000305175781,1310.8699951171875,78.04000091552734,1348.300048828125,3.6519999504089355,0.14499999582767487,,yfinance
2011-02-07,99.25,87.4800033569336,2.7060999870300293,16.280000686645508,1319.050048828125,78.02999877929688,1347.5999755859375,3.6440000534057617,0.14000000059604645,,yfinance
2011-02-08,99.91999816894531,86.94000244140625,2.731800079345703,15.8100004196167,1324.5699462890625,78.0,1363.4000244140625,3.7249999046325684,0.14499999582767487,,yfinance
2011-02-09,101.81999969482422,86.70999908447266,2.768899917602539,15.869999885559082,1320.8800048828125,77.63999938964844,1364.800048828125,3.6419999599456787,0.12999999523162842,,yfinance
2011-02-10,100.87000274658203,86.7300033569336,2.710700035095215,16.09000015258789,1321.8699951171875,78.25,1361.9000244140625,3.7079999446868896,0.10999999940395355,,yfinance
2011-02-11,101.43000030517578,85.58000183105469,2.6958000659942627,15.6899995803833,1329.1500244140625,78.45999908447266,1359.9000244140625,3.6459999084472656,0.10999999940395355,,yfinance
2011-02-14,103.08000183105469,84.80999755859375,2.7504000663757324,15.949999809265137,1332.3199462890625,78.61000061035156,1364.5999755859375,3.614000082015991,0.10999999940395355,,yfinance
2011-02-15,101.63999938964844,84.31999969482422,2.7290000915527344,16.3700008392334,1328.010009765625,78.56999969482422,1373.5999755859375,3.615999937057495,0.125,,yfinance
2011-02-16,103.77999877929688,84.98999786376953,2.7748000621795654,16.719999313354492,1336.3199462890625,78.22000122070312,1374.699951171875,3.621000051498413,0.10999999940395355,,yfinance
2011-02-17,102.58999633789062,86.36000061035156,2.7323999404907227,16.59000015258789,1340.4300537109375,78.0,1384.699951171875,3.5739998817443848,0.09000000357627869,,yfinance
2011-02-18,102.5199966430664,86.19999694824219,2.712899923324585,16.43000030517578,1343.010009765625,77.66000366210938,1388.199951171875,3.5889999866485596,0.09000000357627869,,yfinance
2011-02-22,105.77999877929688,93.56999969482422,2.7923998832702637,20.799999237060547,1315.43994140625,77.7699966430664,1400.5,3.4609999656677246,0.10000000149011612,,yfinance
2011-02-23,111.25,98.0999984741211,2.904900074005127,22.1299991607666,1307.4000244140625,77.41000366210938,1413.4000244140625,3.486999988555908,0.11500000208616257,,yfinance
2011-02-24,111.36000061035156,97.27999877929688,2.8773000240325928,21.31999969482422,1306.0999755859375,77.05999755859375,1415.300048828125,3.437999963760376,0.11999999731779099,,yfinance
2011-02-25,112.13999938964844,97.87999725341797,2.9309000968933105,19.219999313354492,1319.8800048828125,77.27999877929688,1408.699951171875,3.424999952316284,0.125,,yfinance
2011-02-28,111.80000305175781,96.97000122070312,2.925800085067749,18.350000381469727,1327.219970703125,76.88999938964844,1409.300048828125,3.4140000343322754,0.13500000536441803,,yfinance
2011-03-01,115.41999816894531,99.62999725341797,3.0234999656677246,21.010000228881836,1306.3299560546875,77.05000305175781,1430.699951171875,3.4140000343322754,0.12999999523162842,,yfinance
2011-03-02,116.3499984741211,102.2300033569336,3.0576999187469482,20.700000762939453,1308.43994140625,76.66999816894531,1437.199951171875,3.4639999866485596,0.11999999731779099,,yfinance
2011-03-03,114.79000091552734,101.91000366210938,3.049299955368042,18.600000381469727,1330.969970703125,76.4800033569336,1416.0,3.572000026702881,0.125,,yfinance
2011-03-04,115.97000122070312,104.41999816894531,3.0892999172210693,19.059999465942383,1321.1500244140625,76.4000015258789,1428.199951171875,3.492000102996826,0.10999999940395355,,yfinance
2011-03-07,115.04000091552734,105.44000244140625,3.065700054168701,20.65999984741211,1310.1300048828125,76.5,1434.0999755859375,3.496999979019165,0.10000000149011612,,yfinance
2011-03-08,113.05999755859375,105.0199966430664,3.0111000537872314,19.81999969482422,1321.8199462890625,76.80000305175781,1426.9000244140625,3.5439999103546143,0.10499999672174454,,yfinance
2011-03-09,115.94000244140625,104.37999725341797,3.07069993019104,20.219999313354492,1320.02001953125,76.72000122070312,1429.300048828125,3.4690001010894775,0.0949999988079071,,yfinance
2011-03-10,115.43000030517578,102.69999694824219,3.0448999404907227,21.8799991607666,1295.1099853515625,77.27999877929688,1412.199951171875,3.3929998874664307,0.06499999761581421,,yfinance
2011-03-11,113.83999633789062,101.16000366210938,3.0290000438690186,20.079999923706055,1304.280029296875,76.77999877929688,1421.5,3.3929998874664307,0.07000000029802322,,yfinance
2011-03-14,113.66999816894531,101.19000244140625,3.063800096511841,21.1299991607666,1296.3900146484375,76.3499984741211,1424.5999755859375,3.3469998836517334,0.07500000298023224,,yfinance
2011-03-15,108.5199966430664,97.18000030517578,2.9537999629974365,24.31999969482422,1281.8699951171875,76.33000183105469,1392.5999755859375,3.322999954223633,0.0949999988079071,,yfinance
2011-03-16,110.62000274658203,97.9800033569336,2.9972000122070312,29.399999618530273,1256.8800048828125,76.68000030517578,1396.0,3.2119998931884766,0.08500000089406967,,yfinance
2011-03-17,114.9000015258789,101.41999816894531,3.0648999214172363,26.3700008392334,1273.719970703125,76.04000091552734,1404.0,3.247999906539917,0.07000000029802322,,yfinance
2011-03-18,113.93000030517578,101.06999969482422,3.0243000984191895,24.440000534057617,1279.2099609375,75.72000122070312,1415.9000244140625,3.2769999504089355,0.06499999761581421,,yfinance
2011-03-21,114.95999908447266,102.33000183105469,3.052500009536743,20.610000610351562,1298.3800048828125,75.4000015258789,1426.199951171875,3.322999954223633,0.07000000029802322,,yfinance
2011-03-22,115.69999694824219,104.0,3.076200008392334,20.209999084472656,1293.77001953125,75.43000030517578,1427.5,3.3320000171661377,0.09000000357627869,,yfinance
2011-03-23,115.55000305175781,105.75,3.055000066757202,19.170000076293945,1297.5400390625,75.79000091552734,1437.9000244140625,3.3480000495910645,0.08500000089406967,,yfinance
2011-03-24,115.72000122070312,105.5999984741211,3.062000036239624,18.0,1309.6600341796875,75.66000366210938,1434.800048828125,3.4040000438690186,0.07999999821186066,,yfinance
2011-03-25,115.58999633789062,105.4000015258789,3.054800033569336,17.90999984741211,1313.800048828125,76.22000122070312,1426.0999755859375,3.444000005722046,0.07999999821186066,,yfinance
2011-03-28,114.80000305175781,103.9800033569336,3.024899959564209,19.440000534057617,1310.18994140625,76.12999725341797,1419.800048828125,3.447999954223633,0.07999999821186066,,yfinance
2011-03-29,,104.79000091552734,3.0415000915527344,18.15999984741211,1319.43994140625,76.25,1416.0,3.490999937057495,0.0949999988079071,,yfinance
2011-03-30,115.12999725341797,104.2699966430664,3.039599895477295,17.709999084472656,1328.260009765625,76.12000274658203,1423.800048828125,3.4549999237060547,0.0949999988079071,,yfinance
2011-03-31,117.36000061035156,106.72000122070312,3.0897998809814453,17.739999771118164,1325.8299560546875,75.86000061035156,1438.9000244140625,3.4539999961853027,0.09000000357627869,,yfinance
2011-04-01,118.69999694824219,107.94000244140625,3.134500026702881,17.399999618530273,1332.4100341796875,75.83000183105469,1428.0999755859375,3.4509999752044678,0.054999999701976776,,yfinance
2011-04-04,121.05999755859375,108.47000122070312,3.1714000701904297,17.5,1332.8699951171875,75.91000366210938,1432.199951171875,3.430999994277954,0.03500000014901161,,yfinance
2011-04-05,122.22000122070312,108.33999633789062,3.184999942779541,17.25,1332.6300048828125,75.87999725341797,1451.800048828125,3.486999988555908,0.06499999761581421,,yfinance
2011-04-06,122.30000305175781,108.83000183105469,3.191200017929077,16.899999618530273,1335.5400390625,75.51000213623047,1457.699951171875,3.5450000762939453,0.05000000074505806,,yfinance
2011-04-07,122.66999816894531,110.30000305175781,3.2060000896453857,17.110000610351562,1333.510009765625,75.58999633789062,1458.5,3.555000066757202,0.03500000014901161,,yfinance
2011-04-08,126.6500015258789,112.79000091552734,3.319700002670288,17.8700008392334,1328.1700439453125,75.06999969482422,1473.4000244140625,3.569999933242798,0.03500000014901161,,yfinance
2011-04-11,123.9800033569336,109.91999816894531,3.252500057220459,16.59000015258789,1324.4599609375,75.05999755859375,1467.4000244140625,3.569999933242798,0.03500000014901161,,yfinance
2011-04-12,120.91999816894531,106.25,3.172600030899048,17.09000015258789,1314.1600341796875,74.8499984741211,1452.9000244140625,3.5,0.04500000178813934,,yfinance
2011-04-13,122.87999725341797,107.11000061035156,3.2028000354766846,16.920000076293945,1314.4100341796875,74.9800033569336,1454.9000244140625,3.4660000801086426,0.05000000074505806,,yfinance
2011-04-14,122.36000061035156,108.11000061035156,3.188999891281128,16.270000457763672,1314.52001953125,74.68000030517578,1471.699951171875,3.484999895095825,0.06499999761581421,,yfinance
2011-04-15,123.44999694824219,109.66000366210938,3.2242000102996826,15.319999694824219,1319.6800537109375,74.83000183105469,1485.300048828125,3.4100000858306885,0.05999999865889549,,yfinance
2011-04-18,121.61000061035156,107.12000274658203,3.182800054550171,16.959999084472656,1305.1400146484375,75.5,1492.300048828125,3.371000051498413,0.054999999701976776,,yfinance
2011-04-19,121.33000183105469,108.1500015258789,3.1584999561309814,15.829999923706055,1312.6199951171875,75.02999877929688,1494.5,3.3559999465942383,0.054999999701976776,,yfinance
2011-04-20,,111.44999694824219,3.221400022506714,15.069999694824219,1330.3599853515625,74.37000274658203,1498.300048828125,3.4000000953674316,0.054999999701976776,,yfinance
2011-04-21,123.98999786376953,112.29000091552734,3.199199914932251,14.6899995803833,1337.3800048828125,74.0,1503.199951171875,3.4000000953674316,0.04500000178813934,,yfinance
2011-04-25,123.66000366210938,112.27999877929688,3.181999921798706,15.770000457763672,1335.25,73.98999786376953,1508.5999755859375,3.36299991607666,0.04500000178813934,,yfinance
2011-04-26,124.13999938964844,112.20999908447266,3.2111001014709473,15.619999885559082,1347.239990234375,73.83999633789062,1503.0,3.319999933242798,0.054999999701976776,,yfinance
2011-04-27,125.12999725341797,112.76000213623047,3.2334001064300537,15.350000381469727,1355.6600341796875,73.5199966430664,1516.699951171875,3.368000030517578,0.05000000074505806,,yfinance
2011-04-28,125.0199966430664,112.86000061035156,3.231600046157837,14.619999885559082,1360.47998046875,73.12000274658203,1530.800048828125,3.312000036239624,0.03500000014901161,,yfinance
2011-04-29,125.88999938964844,113.93000030517578,3.2558000087738037,14.75,1363.6099853515625,72.93000030517578,1556.0,3.2960000038146973,0.03999999910593033,,yfinance
2011-05-02,125.12000274658203,113.5199966430664,3.2520999908447266,15.989999771118164,1361.219970703125,72.94999694824219,1556.699951171875,3.2860000133514404,0.029999999329447746,,yfinance
2011-05-03,122.44999694824219,111.05000305175781,3.1907999515533447,16.700000762939453,1356.6199951171875,73.13999938964844,1540.0999755859375,3.255000114440918,0.02500000037252903,,yfinance
2011-05-04,121.19000244140625,109.23999786376953,3.1429998874664307,17.079999923706055,1347.3199462890625,73.02999877929688,1514.9000244140625,3.2230000495910645,0.019999999552965164,,yfinance
2011-05-05,110.80000305175781,99.80000305175781,2.886899948120117,18.200000762939453,1335.0999755859375,74.19000244140625,1480.9000244140625,3.1679999828338623,0.009999999776482582,,yfinance
2011-05-06,109.12999725341797,97.18000030517578,2.8457000255584717,18.399999618530273,1340.199951171875,74.83999633789062,1491.199951171875,3.1570000648498535,0.004999999888241291,,yfinance
2011-05-09,115.9000015258789,102.55000305175781,2.9618000984191895,17.15999984741211,1346.2900390625,74.73999786376953,1502.9000244140625,3.1419999599456787,0.004999999888241291,,yfinance
2011-05-10,117.62999725341797,103.87999725341797,3.001199960708618,15.90999984741211,1357.1600341796875,74.61000061035156,1516.5999755859375,3.194999933242798,0.02500000037252903,,yfinance
2011-05-11,112.56999969482422,98.20999908447266,2.8982999324798584,16.950000762939453,1342.0799560546875,75.33000183105469,1501.0999755859375,3.1570000648498535,0.019999999552965164,,yfinance
2011-05-12,112.9800033569336,98.97000122070312,2.9137001037597656,16.030000686645508,1348.6500244140625,75.23999786376953,1506.5999755859375,3.2300000190734863,0.019999999552965164,,yfinance
2011-05-13,113.83000183105469,99.6500015258789,2.942199945449829,17.06999969482422,1337.77001953125,75.76000213623047,1493.4000244140625,3.187000036239624,0.019999999552965164,,yfinance
2011-05-16,112.7300033569336,97.37000274658203,2.8743999004364014,18.239999771118164,1329.469970703125,75.47000122070312,1490.4000244140625,3.1489999294281006,0.019999999552965164,,yfinance
2011-05-17,109.98999786376953,96.91000366210938,2.845099925994873,17.549999237060547,1328.97998046875,75.4000015258789,1479.800048828125,3.121000051498413,0.03500000014901161,,yfinance
2011-05-18,112.30000305175781,100.0999984741211,2.905900001525879,16.229999542236328,1340.6800537109375,75.47000122070312,1495.5999755859375,3.1710000038146973,0.03999999910593033,,yfinance
2011-05-19,111.41999816894531,98.44000244140625,2.894700050354004,15.520000457763672,1343.5999755859375,75.12000274658203,1492.199951171875,3.1710000038146973,0.03999999910593033,,yfinance
2011-05-20,112.38999938964844,99.48999786376953,2.918299913406372,17.43000030517578,1333.27001953125,75.43000030517578,1508.800048828125,3.1519999504089355,0.03999999910593033,,yfinance
2011-05-23,110.0999984741211,97.69999694824219,2.847100019454956,18.270000457763672,1317.3699951171875,76.0999984741211,1515.300048828125,3.134000062942505,0.04500000178813934,,yfinance
2011-05-24,112.52999877929688,99.58999633789062,2.9096999168395996,17.81999969482422,1316.280029296875,75.87999725341797,1523.199951171875,3.122999906539917,0.05000000074505806,,yfinance
2011-05-25,114.93000030517578,101.31999969482422,2.980299949645996,17.06999969482422,1320.469970703125,75.93000030517578,1526.5999755859375,3.128999948501587,0.04500000178813934,,yfinance
2011-05-26,115.05000305175781,100.2300033569336,2.9828999042510986,16.09000015258789,1325.68994140625,75.55000305175781,1522.800048828125,3.061000108718872,0.04500000178813934,,yfinance
2011-05-27,115.02999877929688,100.58999633789062,2.990499973297119,15.979999542236328,1331.0999755859375,74.94999694824219,1536.300048828125,3.063999891281128,0.03500000014901161,,yfinance
2011-05-31,116.7300033569336,102.69999694824219,3.056299924850464,15.449999809265137,1345.199951171875,74.63999938964844,1535.9000244140625,3.049999952316284,0.03999999910593033,,yfinance
2011-06-01,114.52999877929688,100.29000091552734,3.008699893951416,18.299999237060547,1314.550048828125,74.68000030517578,1542.4000244140625,2.9660000801086426,0.03999999910593033,,yfinance
2011-06-02,115.54000091552734,100.4000015258789,3.0439000129699707,18.09000015258789,1312.93994140625,74.33000183105469,1532.0,3.0299999713897705,0.03500000014901161,,yfinance
2011-06-03,115.83999633789062,100.22000122070312,3.0566999912261963,17.950000762939453,1300.1600341796875,73.77999877929688,1541.699951171875,2.996999979019165,0.029999999329447746,,yfinance
2011-06-06,114.4800033569336,99.01000213623047,3.017400026321411,18.489999771118164,1286.1700439453125,73.94999694824219,1546.5,3.002000093460083,0.029999999329447746,,yfinance
2011-06-07,116.77999877929688,99.08999633789062,3.0769999027252197,18.06999969482422,1284.93994140625,73.5199966430664,1543.300048828125,3.010999917984009,0.03999999910593033,,yfinance
2011-06-08,117.8499984741211,100.73999786376953,3.0936999320983887,18.790000915527344,1279.56005859375,73.93000030517578,1538.0999755859375,2.9619998931884766,0.03500000014901161,,yfinance
2011-06-09,119.56999969482422,101.93000030517578,3.1377999782562256,17.770000457763672,1289.0,74.19000244140625,1542.0999755859375,2.997999906539917,0.03999999910593033,,yfinance
2011-06-10,118.77999877929688,99.29000091552734,3.10509991645813,18.860000610351562,1270.97998046875,74.79000091552734,1528.5999755859375,2.9709999561309814,0.03500000014901161,,yfinance
2011-06-13,119.0999984741211,97.30000305175781,3.105799913406372,19.610000610351562,1271.8299560546875,74.51000213623047,1515.0,2.990999937057495,0.03999999910593033,,yfinance
2011-06-14,120.16000366210938,99.37000274658203,3.1257998943328857,18.260000228881836,1287.8699951171875,74.33000183105469,1523.800048828125,3.0989999771118164,0.05000000074505806,,yfinance
2011-06-15,117.0999984741211,94.80999755859375,2.984800100326538,21.31999969482422,1265.4200439453125,75.5999984741211,1525.5999755859375,2.9730000495910645,0.04500000178813934,,yfinance
2011-06-16,114.0199966430664,94.94999694824219,3.0037999153137207,22.729999542236328,1267.6400146484375,75.75,1529.300048828125,2.9089999198913574,0.03500000014901161,,yfinance
2011-06-17,113.20999908447266,93.01000213623047,2.983299970626831,21.850000381469727,1271.5,74.98999786376953,1538.5999755859375,2.944000005722046,0.02500000037252903,,yfinance
2011-06-20,111.69000244140625,93.26000213623047,2.931999921798706,19.989999771118164,1278.3599853515625,75.02999877929688,1541.5,2.9630000591278076,0.014999999664723873,,yfinance
2011-06-21,110.94999694824219,93.4000015258789,2.890000104904175,18.860000610351562,1295.52001953125,74.54000091552734,1546.0,2.984999895095825,0.019999999552965164,,yfinance
2011-06-22,114.20999908447266,95.41000366210938,2.954900026321411,18.520000457763672,1287.1400146484375,74.77999877929688,1552.9000244140625,2.993000030517578,0.009999999776482582,,yfinance
2011-06-23,107.26000213623047,91.0199966430664,2.7816998958587646,19.290000915527344,1283.5,75.44999694824219,1520.0999755859375,2.9089999198913574,0.004999999888241291,,yfinance
2011-06-24,105.12000274658203,91.16000366210938,2.7502999305725098,21.100000381469727,1268.449951171875,75.66999816894531,1500.5,2.871000051498413,0.009999999776482582,,yfinance
2011-06-27,105.98999786376953,90.61000061035156,2.764899969100952,20.559999465942383,1280.0999755859375,75.38999938964844,1496.0,2.927000045776367,0.014999999664723873,,yfinance
2011-06-28,108.77999877929688,92.88999938964844,2.825700044631958,19.170000076293945,1296.6700439453125,75.05999755859375,1499.699951171875,3.0450000762939453,0.02500000037252903,,yfinance
2011-06-29,112.4000015258789,94.7699966430664,2.9202001094818115,17.270000457763672,1307.4100341796875,74.69000244140625,1509.9000244140625,3.1080000400543213,0.019999999552965164,,yfinance
2011-06-30,112.4800033569336,95.41999816894531,2.9326999187469482,16.520000457763672,1320.6400146484375,74.30000305175781,1502.300048828125,3.1579999923706055,0.014999999664723873,,yfinance
2011-07-01,111.7699966430664,94.94000244140625,2.924499988555908,15.869999885559082,1339.6700439453125,74.3499984741211,1482.300048828125,3.197000026702881,0.009999999776482582,,yfinance
2011-07-05,,96.88999938964844,2.9565999507904053,16.059999465942383,1337.8800048828125,74.69000244140625,1512.300048828125,3.135999917984009,0.009999999776482582,,yfinance
2011-07-06,113.62000274658203,96.6500015258789,2.9632999897003174,16.34000015258789,1339.219970703125,75.12000274658203,1528.699951171875,3.0950000286102295,0.004999999888241291,,yfinance
2011-07-07,118.58999633789062,98.66999816894531,3.1019999980926514,15.949999809265137,1353.219970703125,74.95999908447266,1530.199951171875,3.1489999294281006,0.019999999552965164,,yfinance
2011-07-08,118.33000183105469,96.19999694824219,3.096400022506714,15.949999809265137,1343.800048828125,75.18000030517578,1541.199951171875,3.0160000324249268,0.019999999552965164,,yfinance
2011-07-11,117.23999786376953,95.1500015258789,3.0875000953674316,18.389999389648438,1319.489990234375,75.98999786376953,1548.800048828125,2.9170000553131104,0.014999999664723873,,yfinance
2011-07-12,117.75,97.43000030517578,3.087599992752075,19.8700008392334,1313.6400146484375,75.80999755859375,1561.9000244140625,2.9079999923706055,0.029999999329447746,,yfinance
2011-07-13,,98.05000305175781,3.0996999740600586,19.90999984741211,1317.719970703125,75.20999908447266,1585.199951171875,2.8910000324249268,0.004999999888241291,,yfinance
2011-07-14,118.31999969482422,95.69000244140625,3.08489990234375,20.799999237060547,1308.8699951171875,75.25,1589.0,2.944000005722046,0.004999999888241291,,yfinance
2011-07-15,117.26000213623047,97.23999786376953,3.118000030517578,19.530000686645508,1316.1400146484375,75.12999725341797,1589.800048828125,2.9079999923706055,0.004999999888241291,,yfinance
2011-07-18,116.05000305175781,95.93000030517578,3.077699899673462,20.950000762939453,1305.43994140625,75.4800033569336,1602.0999755859375,2.9089999198913574,0.004999999888241291,,yfinance
2011-07-19,,97.5,3.0980000495910645,19.209999084472656,1326.72998046875,75.22000122070312,1600.9000244140625,2.8910000324249268,0.02500000037252903,,yfinance
2011-07-20,118.1500015258789,98.13999938964844,3.1184000968933105,19.09000015258789,1325.8399658203125,74.79000091552734,1596.699951171875,2.933000087738037,0.019999999552965164,,yfinance
2011-07-21,117.51000213623047,99.12999725341797,3.0992000102996826,17.559999465942383,1343.800048828125,74.0199966430664,1586.800048828125,3.009999990463257,0.03500000014901161,,yfinance
2011-07-22,118.66999816894531,99.87000274658203,3.128000020980835,17.520000457763672,1345.02001953125,74.19999694824219,1601.300048828125,2.9639999866485596,0.029999999329447746,,yfinance
2011-07-25,117.94000244140625,99.19999694824219,3.107800006866455,19.350000381469727,1337.4300537109375,74.05999755859375,1612.0,3.003999948501587,0.03500000014901161,,yfinance
2011-07-26,118.27999877929688,99.58999633789062,3.1133999824523926,20.229999542236328,1331.93994140625,73.47000122070312,1616.5999755859375,2.9509999752044678,0.06499999761581421,,yfinance
2011-07-27,117.43000030517578,97.4000015258789,3.0826001167297363,22.979999542236328,1304.8900146484375,74.08999633789062,1615.0,2.9800000190734863,0.07000000029802322,,yfinance
2011-07-28,117.36000061035156,97.44000244140625,3.1052000522613525,23.739999771118164,1300.6700439453125,74.22000122070312,1613.4000244140625,2.9509999752044678,0.06499999761581421,,yfinance
2011-07-29,116.73999786376953,95.69999694824219,3.0961999893188477,25.25,1292.280029296875,73.9000015258789,1628.300048828125,2.805000066757202,0.09000000357627869,,yfinance
2011-08-01,116.80999755859375,94.88999938964844,3.097399950027466,23.65999984741211,1286.93994140625,74.26000213623047,1619.0,2.740000009536743,0.07500000298023224,,yfinance
2011-08-02,116.45999908447266,93.79000091552734,3.091599941253662,24.790000915527344,1254.050048828125,74.51000213623047,1641.9000244140625,2.624000072479248,0.05000000074505806,,yfinance
2011-08-03,113.2300033569336,91.93000030517578,3.018899917602539,23.3799991607666,1260.3399658203125,74.04000091552734,1663.4000244140625,2.5989999771118164,0.009999999776482582,,yfinance
2011-08-04,107.25,86.62999725341797,2.893899917602539,31.65999984741211,1200.0699462890625,75.12000274658203,1656.199951171875,2.4579999446868896,0.009999999776482582,,yfinance
2011-08-05,109.37000274658203,86.87999725341797,2.941699981689453,32.0,1199.3800048828125,74.5999984741211,1648.800048828125,2.558000087738037,0.009999999776482582,,yfinance
2011-08-08,103.73999786376953,81.30999755859375,2.8017001152038574,48.0,1119.4599609375,74.79000091552734,1710.199951171875,2.3389999866485596,0.014999999664723873,,yfinance
2011-08-09,102.56999969482422,79.30000305175781,2.7648000717163086,35.060001373291016,1172.530029296875,74.61000061035156,1740.0,2.181999921798706,0.029999999329447746,,yfinance
2011-08-10,106.68000030517578,82.88999938964844,2.865299940109253,42.9900016784668,1120.760009765625,74.63999938964844,1781.300048828125,2.13700008392334,0.014999999664723873,,yfinance
2011-08-11,108.0199966430664,85.72000122070312,2.899199962615967,39.0,1172.6400146484375,74.68000030517578,1748.800048828125,2.3359999656677246,0.009999999776482582,,yfinance
2011-08-12,108.02999877929688,85.37999725341797,2.903700113296509,36.36000061035156,1178.81005859375,74.61000061035156,1740.199951171875,2.236999988555908,0.004999999888241291,,yfinance
2011-08-15,109.91000366210938,87.87999725341797,2.9440999031066895,31.8700008392334,1204.489990234375,73.83999633789062,1755.5,2.2850000858306885,0.004999999888241291,,yfinance
2011-08-16,,86.6500015258789,2.9326000213623047,32.849998474121094,1192.760009765625,74.01000213623047,1782.4000244140625,2.2139999866485596,0.019999999552965164,,yfinance
2011-08-17,110.5999984741211,87.58000183105469,2.9616000652313232,31.579999923706055,1193.8900146484375,73.66999816894531,1791.199951171875,2.1649999618530273,0.004999999888241291,,yfinance
2011-08-18,106.98999786376953,82.37999725341797,2.874799966812134,42.66999816894531,1140.6500244140625,74.23999786376953,1818.9000244140625,2.0829999446868896,0.009999999776482582,,yfinance
2011-08-19,108.62000274658203,82.26000213623047,2.9045000076293945,43.04999923706055,1123.530029296875,73.98999786376953,1848.9000244140625,2.071000099182129,0.009999999776482582,,yfinance
2011-08-22,108.36000061035156,84.12000274658203,2.9107000827789307,42.439998626708984,1123.8199462890625,74.06999969482422,1888.699951171875,2.0880000591278076,0.004999999888241291,,yfinance
2011-08-23,109.30999755859375,85.44000244140625,2.942500114440918,36.27000045776367,1162.3499755859375,73.87000274658203,1858.300048828125,2.13700008392334,0.004999999888241291,,yfinance
2011-08-24,110.1500015258789,85.16000366210938,2.960700035095215,35.900001525878906,1177.5999755859375,74.01000213623047,1754.0999755859375,2.259999990463257,0.009999999776482582,,yfinance
2011-08-25,,85.30000305175781,2.9855000972747803,39.7599983215332,1159.27001953125,74.27999877929688,1759.800048828125,2.2219998836517334,0.009999999776482582,,yfinance
2011-08-26,111.36000061035156,85.37000274658203,3.0100998878479004,35.59000015258789,1176.800048828125,73.80999755859375,1794.0999755859375,2.187999963760376,0.009999999776482582,,yfinance
2011-08-29,111.87999725341797,87.2699966430664,3.010200023651123,32.279998779296875,1210.0799560546875,73.72000122070312,1788.4000244140625,2.2709999084472656,0.004999999888241291,,yfinance
2011-08-30,114.0199966430664,88.9000015258789,3.069200038909912,32.88999938964844,1212.9200439453125,73.94000244140625,1826.699951171875,2.1760001182556152,0.014999999664723873,,yfinance
2011-08-31,114.8499984741211,88.80999755859375,3.078200101852417,31.6200008392334,1218.8900146484375,74.12999725341797,1828.5,2.2179999351501465,0.014999999664723873,,yfinance
2011-09-01,114.29000091552734,88.93000030517578,3.051800012588501,31.81999969482422,1204.4200439453125,74.4800033569336,1826.0,2.1459999084472656,0.009999999776482582,,yfinance
2011-09-02,112.33000183105469,86.44999694824219,2.9974000453948975,33.91999816894531,1173.969970703125,74.75,1873.699951171875,1.996000051498413,0.014999999664723873,,yfinance
2011-09-06,112.88999938964844,86.0199966430664,3.010200023651123,37.0,1165.239990234375,75.91999816894531,1869.9000244140625,1.9789999723434448,0.014999999664723873,,yfinance
2011-09-07,115.80000305175781,89.33999633789062,3.0755999088287354,33.380001068115234,1198.6199951171875,75.45999908447266,1814.199951171875,2.0360000133514404,0.014999999664723873,,yfinance
2011-09-08,114.55000305175781,89.05000305175781,3.044300079345703,34.31999969482422,1185.9000244140625,76.23999786376953,1854.4000244140625,1.9859999418258667,0.009999999776482582,,yfinance
2011-09-09,112.7699966430664,87.23999786376953,2.98580002784729,38.52000045776367,1154.22998046875,77.19000244140625,1856.4000244140625,1.9149999618530273,0.004999999888241291,,yfinance
2011-09-12,112.25,88.19000244140625,2.947499990463257,38.59000015258789,1162.27001953125,77.56999969482422,1809.9000244140625,1.9299999475479126,0.004999999888241291,,yfinance
2011-09-13,111.88999938964844,90.20999908447266,2.9361000061035156,36.90999984741211,1172.8699951171875,76.91000366210938,1826.800048828125,1.99399995803833,0.004999999888241291,,yfinance
2011-09-14,112.4000015258789,88.91000366210938,2.944999933242798,34.599998474121094,1188.6800537109375,76.83000183105469,1823.5,2.010999917984009,0.004999999888241291,,yfinance
2011-09-15,115.33999633789062,89.4000015258789,3.024600028991699,31.969999313354492,1209.1099853515625,76.23999786376953,1778.5,2.0850000381469727,0.004999999888241291,,yfinance
2011-09-16,112.22000122070312,87.95999908447266,3.0088999271392822,30.979999542236328,1216.010009765625,76.58000183105469,1812.0999755859375,2.0759999752044678,0.004999999888241291,,yfinance
2011-09-19,109.13999938964844,85.69999694824219,2.944700002670288,32.72999954223633,1204.0899658203125,77.38999938964844,1776.4000244140625,1.940000057220459,0.004999999888241291,,yfinance
2011-09-20,110.54000091552734,86.88999938964844,2.9616000652313232,32.86000061035156,1202.0899658203125,77.02999877929688,1806.5999755859375,1.9470000267028809,0.004999999888241291,,yfinance
2011-09-21,110.36000061035156,85.91999816894531,2.9342000484466553,37.31999969482422,1166.760009765625,77.33999633789062,1805.5,1.875,0.004999999888241291,,yfinance
2011-09-22,105.48999786376953,80.51000213623047,2.8485000133514404,41.349998474121094,1129.56005859375,78.37999725341797,1739.199951171875,1.715000033378601,0.004999999888241291,,yfinance
2011-09-23,103.97000122070312,79.8499984741211,2.795799970626831,41.25,1136.4300537109375,78.30000305175781,1637.5,1.8079999685287476,0.004999999888241291,,yfinance
2011-09-26,,80.23999786376953,2.7915000915527344,39.02000045776367,1162.949951171875,78.36000061035156,1592.5,1.9040000438690186,0.004999999888241291,,yfinance
2011-09-27,107.13999938964844,84.44999694824219,2.8766000270843506,37.709999084472656,1175.3800048828125,77.51000213623047,1650.5999755859375,2.0160000324249268,0.009999999776482582,,yfinance
2011-09-28,103.80999755859375,81.20999908447266,2.8183999061584473,41.08000183105469,1151.06005859375,77.8499984741211,1616.300048828125,2.002000093460083,0.009999999776482582,,yfinance
2011-09-29,103.94999694824219,82.13999938964844,2.8180999755859375,38.84000015258789,1160.4000244140625,77.91999816894531,1615.5,1.9570000171661377,0.009999999776482582,,yfinance
2011-09-30,102.76000213623047,79.19999694824219,2.794800043106079,42.959999084472656,1131.4200439453125,78.55000305175781,1620.4000244140625,1.9240000247955322,0.009999999776482582,,yfinance
2011-10-03,101.70999908447266,77.61000061035156,2.7528998851776123,45.45000076293945,1099.22998046875,79.44999694824219,1656.0,1.784999966621399,0.019999999552965164,,yfinance
2011-10-04,99.79000091552734,75.66999816894531,2.723400115966797,40.81999969482422,1123.949951171875,79.5999984741211,1614.699951171875,1.781000018119812,0.004999999888241291,,yfinance
2011-10-05,,79.68000030517578,2.776599884033203,37.810001373291016,1144.030029296875,78.91000366210938,1640.300048828125,1.9049999713897705,0.004999999888241291,,yfinance
2011-10-06,105.7300033569336,82.58999633789062,2.8610999584198,36.27000045776367,1164.969970703125,78.52999877929688,1651.9000244140625,1.9859999418258667,0.004999999888241291,,yfinance
2011-10-07,105.87999725341797,82.9800033569336,2.858799934387207,36.20000076293945,1155.4599609375,78.72000122070312,1634.5,2.068000078201294,0.004999999888241291,,yfinance
2011-10-10,108.94999694824219,85.41000366210938,2.903899908065796,33.02000045776367,1194.8900146484375,77.5999984741211,1669.5999755859375,2.0759999752044678,0.004999999888241291,,yfinance
2011-10-11,110.7300033569336,85.80999755859375,2.904099941253662,32.86000061035156,1195.5400390625,77.58000183105469,1659.699951171875,2.1600000858306885,0.004999999888241291,,yfinance
2011-10-12,111.36000061035156,85.56999969482422,2.9347000122070312,31.260000228881836,1207.25,76.98999786376953,1681.300048828125,2.2260000705718994,0.014999999664723873,,yfinance
2011-10-13,111.11000061035156,84.2300033569336,2.971400022506714,30.700000762939453,1203.6600341796875,76.98999786376953,1667.300048828125,2.1689999103546143,0.014999999664723873,,yfinance
2011-10-14,114.68000030517578,86.80000305175781,3.055799961090088,28.239999771118164,1224.5799560546875,76.62000274658203,1681.800048828125,2.2320001125335693,0.014999999664723873,,yfinance
2011-10-17,110.16000366210938,86.37999725341797,3.0136001110076904,33.38999938964844,1200.8599853515625,77.13999938964844,1675.5,2.1549999713897705,0.019999999552965164,,yfinance
2011-10-18,111.1500015258789,88.33999633789062,3.0276999473571777,31.559999465942383,1225.3800048828125,77.12999725341797,1651.699951171875,2.1510000228881836,0.02500000037252903,,yfinance
2011-10-19,108.38999938964844,86.11000061035156,2.9811999797821045,34.439998626708984,1209.8800048828125,77.11000061035156,1646.0,2.1589999198913574,0.019999999552965164,,yfinance
2011-10-20,109.76000213623047,85.30000305175781,3.030100107192993,34.779998779296875,1215.3900146484375,76.97000122070312,1611.9000244140625,2.180000066757202,0.014999999664723873,,yfinance
2011-10-21,109.55999755859375,87.4000015258789,3.0174999237060547,31.31999969482422,1238.25,76.30000305175781,1635.0999755859375,2.203000068664551,0.014999999664723873,,yfinance
2011-10-24,111.44999694824219,91.2699966430664,3.0546000003814697,29.260000228881836,1254.18994140625,76.0199966430664,1651.5,2.2339999675750732,0.004999999888241291,,yfinance
2011-10-25,110.91999816894531,93.16999816894531,3.0501999855041504,32.220001220703125,1229.050048828125,76.25,1699.5999755859375,2.128000020980835,0.014999999664723873,,yfinance
2011-10-26,108.91000366210938,90.19999694824219,3.0157999992370605,29.860000610351562,1242.0,76.19999694824219,1722.699951171875,2.203000068664551,0.014999999664723873,,yfinance
2011-10-27,112.08000183105469,93.95999908447266,3.098400115966797,25.459999084472656,1284.5899658203125,74.87000274658203,1746.699951171875,2.3949999809265137,0.009999999776482582,,yfinance
2011-10-28,109.91000366210938,93.31999969482422,3.0592000484466553,24.530000686645508,1285.0899658203125,75.08999633789062,1746.199951171875,2.305999994277954,0.009999999776482582,,yfinance
2011-10-31,109.55999755859375,93.19000244140625,3.0429000854492188,29.959999084472656,1253.300048828125,76.16999816894531,1724.199951171875,2.174999952316284,0.004999999888241291,,yfinance
2011-11-01,109.54000091552734,92.19000244140625,3.037899971008301,34.77000045776367,1218.280029296875,77.26000213623047,1711.0,2.000999927520752,0.004999999888241291,,yfinance
2011-11-02,109.33999633789062,92.51000213623047,3.000699996948242,32.7400016784668,1237.9000244140625,77.01000213623047,1728.699951171875,2.00600004196167,0.004999999888241291,,yfinance
2011-11-03,110.83000183105469,94.06999969482422,3.038100004196167,30.5,1261.1500244140625,76.66999816894531,1764.199951171875,2.065999984741211,0.004999999888241291,,yfinance
2011-11-04,111.97000122070312,94.26000213623047,3.07069993019104,30.15999984741211,1253.22998046875,76.91000366210938,1755.300048828125,2.049999952316284,0.004999999888241291,,yfinance
2011-11-07,114.55999755859375,95.5199966430664,3.119800090789795,29.850000381469727,1261.1199951171875,76.95999908447266,1790.300048828125,1.99399995803833,0.004999999888241291,,yfinance
2011-11-08,115.0,96.80000305175781,3.1161000728607178,27.479999542236328,1275.9200439453125,76.66999816894531,1798.4000244140625,2.065000057220459,0.004999999888241291,,yfinance
2011-11-09,112.30999755859375,95.73999786376953,3.098599910736084,36.15999984741211,1229.0999755859375,77.93000030517578,1790.9000244140625,1.9550000429153442,0.004999999888241291,,yfinance
2011-11-10,113.70999908447266,97.77999877929688,3.151099920272827,32.810001373291016,1239.699951171875,77.63999938964844,1758.9000244140625,2.055999994277954,0.004999999888241291,,yfinance
2011-11-11,114.16000366210938,98.98999786376953,3.171600103378296,30.040000915527344,1263.8499755859375,76.94000244140625,1787.5,2.055999994277954,0.004999999888241291,,yfinance
2011-11-14,111.88999938964844,98.13999938964844,3.1621999740600586,31.1299991607666,1251.780029296875,77.55999755859375,1777.800048828125,2.0429999828338623,0.004999999888241291,,yfinance
2011-11-15,112.38999938964844,99.37000274658203,3.171299934387207,31.219999313354492,1257.81005859375,77.87999725341797,1781.699951171875,2.056999921798706,0.009999999776482582,,yfinance
2011-11-16,111.87999725341797,102.58999633789062,3.1345999240875244,33.5099983215332,1236.9100341796875,78.16000366210938,1773.800048828125,2.0239999294281006,0.004999999888241291,,yfinance
2011-11-17,108.22000122070312,98.81999969482422,3.083199977874756,34.5099983215332,1216.1300048828125,78.29000091552734,1719.800048828125,1.9579999446868896,0.004999999888241291,,yfinance
2011-11-18,107.55999755859375,97.41000366210938,3.0325000286102295,32.0,1215.6500244140625,78.0199966430664,1724.699951171875,2.01200008392334,0.004999999888241291,,yfinance
2011-11-21,,96.91999816894531,2.99429988861084,32.90999984741211,1192.97998046875,78.30000305175781,1678.300048828125,1.9620000123977661,0.004999999888241291,,yfinance
2011-11-22,109.02999877929688,98.01000213623047,3.034600019454956,31.969999313354492,1188.0400390625,78.2300033569336,1702.199951171875,1.9390000104904175,0.014999999664723873,,yfinance
2011-11-23,107.0199966430664,96.16999816894531,2.9591000080108643,33.97999954223633,1161.7900390625,79.0,1695.699951171875,1.878999948501587,0.014999999664723873,,yfinance
2011-11-25,106.4000015258789,96.7699966430664,2.927299976348877,34.470001220703125,1158.6700439453125,79.61000061035156,1685.5,1.9670000076293945,0.004999999888241291,,yfinance
2011-11-28,109.0,98.20999908447266,2.969899892807007,32.130001068115234,1192.550048828125,79.29000091552734,1710.800048828125,1.9579999446868896,0.009999999776482582,,yfinance
2011-11-29,110.81999969482422,99.79000091552734,3.0211000442504883,30.639999389648438,1195.18994140625,79.0,1713.4000244140625,1.996000051498413,0.014999999664723873,,yfinance
2011-11-30,,100.36000061035156,3.021399974822998,27.799999237060547,1246.9599609375,78.38999938964844,1745.5,2.068000078201294,0.014999999664723873,,yfinance
2011-12-01,108.98999786376953,100.19999694824219,2.9695000648498535,27.40999984741211,1244.5799560546875,78.31999969482422,1735.300048828125,2.117000102996826,0.014999999664723873,,yfinance
2011-12-02,109.94000244140625,100.95999908447266,2.990000009536743,27.520000457763672,1244.280029296875,78.62999725341797,1747.0,2.0420000553131104,0.014999999664723873,,yfinance
2011-12-05,109.80999755859375,100.98999786376953,2.9923999309539795,27.84000015258789,1257.0799560546875,78.61000061035156,1730.699951171875,2.053999900817871,0.014999999664723873,,yfinance
2011-12-06,110.80999755859375,101.27999877929688,3.021699905395508,28.1299991607666,1258.469970703125,78.51000213623047,1727.9000244140625,2.0929999351501465,0.004999999888241291,,yfinance
2011-12-07,109.52999877929688,100.48999786376953,2.9823999404907227,28.670000076293945,1261.010009765625,78.4800033569336,1740.9000244140625,2.0169999599456787,0.004999999888241291,,yfinance
2011-12-08,108.11000061035156,98.33999633789062,2.929800033569336,30.59000015258789,1234.3499755859375,78.80999755859375,1709.800048828125,1.972000002861023,0.004999999888241291,,yfinance
2011-12-09,108.62000274658203,99.41000366210938,2.9124999046325684,26.3799991607666,1255.18994140625,78.62999725341797,1712.800048828125,2.052000045776367,0.004999999888241291,,yfinance
2011-12-12,107.26000213623047,97.7699966430664,2.8961000442504883,25.670000076293945,1236.469970703125,79.56999969482422,1664.199951171875,2.009000062942505,0.004999999888241291,,yfinance
2011-12-13,109.5,100.13999938964844,2.928800106048584,25.40999984741211,1225.72998046875,80.25,1659.9000244140625,1.9620000123977661,0.004999999888241291,,yfinance
2011-12-14,105.0199966430664,94.94999694824219,2.829900026321411,26.040000915527344,1211.8199462890625,80.52999877929688,1584.300048828125,1.9010000228881836,0.004999999888241291,,yfinance
2011-12-15,105.08999633789062,93.87000274658203,2.822499990463257,25.110000610351562,1215.75,80.23999786376953,1574.5999755859375,1.9129999876022339,0.004999999888241291,,yfinance
2011-12-16,103.3499984741211,93.52999877929688,2.80049991607666,24.290000915527344,1219.6600341796875,80.25,1595.5999755859375,1.8539999723434448,0.004999999888241291,,yfinance
2011-12-19,103.63999938964844,93.87999725341797,2.780400037765503,24.920000076293945,1205.3499755859375,80.25,1594.4000244140625,1.812999963760376,0.004999999888241291,,yfinance
2011-12-20,106.7300033569336,97.22000122070312,2.849400043487549,23.219999313354492,1241.300048828125,79.87999725341797,1615.5999755859375,1.9249999523162842,0.004999999888241291,,yfinance
2011-12-21,107.70999908447266,98.66999816894531,2.9086999893188477,21.43000030517578,1243.719970703125,80.0199966430664,1611.9000244140625,1.9670000076293945,0.004999999888241291,,yfinance
2011-12-22,107.88999938964844,99.52999877929688,2.907599925994873,21.15999984741211,1254.0,79.91999816894531,1608.9000244140625,1.9509999752044678,0.004999999888241291,,yfinance
2011-12-23,107.95999908447266,99.68000030517578,2.890700101852417,20.729999542236328,1265.3299560546875,80.01000213623047,1604.699951171875,2.0299999713897705,0.004999999888241291,,yfinance
2011-12-27,109.2699966430664,101.33999633789062,2.9084999561309814,21.90999984741211,1265.4300537109375,79.79000091552734,1594.199951171875,2.009000062942505,0.004999999888241291,,yfinance
2011-12-28,107.55999755859375,99.36000061035156,2.893399953842163,23.520000457763672,1249.6400146484375,80.48999786376953,1562.9000244140625,1.9079999923706055,0.004999999888241291,,yfinance
2011-12-29,108.01000213623047,99.6500015258789,2.9175000190734863,22.649999618530273,1263.02001953125,80.4800033569336,1539.9000244140625,1.8969999551773071,0.004999999888241291,,yfinance
2011-12-30,107.37999725341797,98.83000183105469,2.934999942779541,23.399999618530273,1257.5999755859375,80.16999816894531,1565.800048828125,1.871000051498413,0.004999999888241291,,yfinance
2012-01-03,112.12999725341797,102.95999908447266,3.0381999015808105,22.969999313354492,1277.06005859375,79.61000061035156,1599.699951171875,1.9600000381469727,0.004999999888241291,,yfinance
2012-01-04,113.69999694824219,103.22000122070312,3.089900016784668,22.219999313354492,1277.300048828125,80.08999633789062,1611.9000244140625,1.9950000047683716,0.009999999776482582,,yfinance
2012-01-05,112.73999786376953,101.80999755859375,3.038800001144409,21.479999542236328,1281.06005859375,80.94000244140625,1619.4000244140625,1.9930000305175781,0.009999999776482582,,yfinance
2012-01-06,113.05999755859375,101.55999755859375,3.070199966430664,20.6299991607666,1277.81005859375,81.23999786376953,1616.0999755859375,1.9609999656677246,0.014999999664723873,,yfinance
2012-01-09,112.44999694824219,101.30999755859375,3.072999954223633,21.06999969482422,1280.699951171875,81.05000305175781,1607.5,1.9600000381469727,0.004999999888241291,,yfinance
2012-01-10,113.27999877929688,102.23999786376953,3.1013998985290527,20.690000534057617,1292.0799560546875,80.80000305175781,1631.0,1.972000002861023,0.009999999776482582,,yfinance
2012-01-11,112.23999786376953,100.87000274658203,3.0645999908447266,21.049999237060547,1292.47998046875,81.3499984741211,1639.199951171875,1.9040000438690186,0.014999999664723873,,yfinance
2012-01-12,111.26000213623047,99.0999984741211,3.0541000366210938,20.469999313354492,1295.5,80.7699966430664,1647.300048828125,1.9329999685287476,0.019999999552965164,,yfinance
2012-01-13,110.44000244140625,98.69999694824219,3.0271999835968018,20.90999984741211,1289.0899658203125,81.43000030517578,1630.4000244140625,1.8530000448226929,0.019999999552965164,,yfinance
2012-01-17,111.52999877929688,100.70999908447266,3.0371999740600586,22.200000762939453,1293.6700439453125,81.18000030517578,1655.199951171875,1.850000023841858,0.019999999552965164,,yfinance
2012-01-18,110.66000366210938,100.58999633789062,3.013400077819824,20.889999389648438,1308.0400390625,80.5999984741211,1659.5,1.8969999551773071,0.02500000037252903,,yfinance
2012-01-19,111.55000305175781,100.38999938964844,3.0360000133514404,19.8700008392334,1314.5,80.20999908447266,1654.0999755859375,1.972000002861023,0.03999999910593033,,yfinance
2012-01-20,109.86000061035156,98.45999908447266,2.9883999824523926,18.280000686645508,1315.3800048828125,80.22000122070312,1663.699951171875,2.0280001163482666,0.03999999910593033,,yfinance
2012-01-23,110.58000183105469,99.58000183105469,3.0097999572753906,18.670000076293945,1316.0,79.69000244140625,1678.0,2.066999912261963,0.03500000014901161,,yfinance
2012-01-24,110.02999877929688,98.94999694824219,3.024199962615967,18.90999984741211,1314.6500244140625,79.86000061035156,1664.199951171875,2.063999891281128,0.03500000014901161,,yfinance
2012-01-25,109.80999755859375,99.4000015258789,3.019200086593628,18.309999465942383,1326.06005859375,79.56999969482422,1699.800048828125,2.006999969482422,0.03500000014901161,,yfinance
2012-01-26,110.79000091552734,99.69999694824219,3.053499937057495,18.56999969482422,1318.4300537109375,79.41000366210938,1726.300048828125,1.930999994277954,0.04500000178813934,,yfinance
2012-01-27,111.45999908447266,99.55999755859375,3.0703999996185303,18.530000686645508,1316.3299560546875,78.9000015258789,1731.800048828125,1.8980000019073486,0.05000000074505806,,yfinance
2012-01-30,110.75,98.77999877929688,3.051800012588501,19.399999618530273,1313.010009765625,79.16000366210938,1731.0,1.8370000123977661,0.04500000178813934,,yfinance
2012-01-31,110.9800033569336,98.4800033569336,3.0627999305725098,19.440000534057617,1312.4100341796875,79.27999877929688,1737.800048828125,1.7990000247955322,0.054999999701976776,,yfinance
2012-02-01,111.55999755859375,97.61000061035156,3.0455000400543213,18.549999237060547,1324.0899658203125,78.91999816894531,1747.0999755859375,1.8459999561309814,0.054999999701976776,,yfinance
2012-02-02,112.06999969482422,96.36000061035156,3.0529000759124756,17.979999542236328,1325.5400390625,78.97000122070312,1756.800048828125,1.8250000476837158,0.07500000298023224,,yfinance
2012-02-03,114.58000183105469,97.83999633789062,3.1143999099731445,17.100000381469727,1344.9000244140625,78.94000244140625,1737.9000244140625,1.9490000009536743,0.07000000029802322,,yfinance
2012-02-06,115.93000030517578,96.91000366210938,3.1707000732421875,17.760000228881836,1344.3299560546875,79.08999633789062,1722.800048828125,1.9010000228881836,0.06499999761581421,,yfinance
2012-02-07,116.2300033569336,98.41000366210938,3.1909000873565674,17.649999618530273,1347.050048828125,78.56999969482422,1746.4000244140625,1.965999960899353,0.07999999821186066,,yfinance
2012-02-08,117.19999694824219,98.70999908447266,3.189500093460083,18.15999984741211,1349.9599609375,78.63999938964844,1729.300048828125,1.975000023841858,0.07500000298023224,,yfinance
2012-02-09,118.58999633789062,99.83999633789062,3.2084999084472656,18.6299991607666,1351.949951171875,78.55999755859375,1739.0,2.046999931335449,0.08500000089406967,,yfinance
2012-02-10,117.30999755859375,98.66999816894531,3.1821000576019287,20.790000915527344,1342.6400146484375,79.11000061035156,1723.300048828125,1.968999981880188,0.07999999821186066,,yfinance
2012-02-13,117.93000030517578,100.91000366210938,3.1600000858306885,19.040000915527344,1351.77001953125,78.94000244140625,1723.0,1.9900000095367432,0.0949999988079071,,yfinance
2012-02-14,118.16000366210938,100.73999786376953,3.164799928665161,19.540000915527344,1350.5,79.58000183105469,1715.9000244140625,1.9240000247955322,0.10999999940395355,,yfinance
2012-02-15,118.93000030517578,101.80000305175781,3.1916000843048096,21.139999389648438,1343.22998046875,79.66999816894531,1726.300048828125,1.930999994277954,0.10499999672174454,,yfinance
2012-02-16,120.11000061035156,102.30999755859375,3.209700107574463,19.219999313354492,1358.0400390625,79.33999633789062,1726.800048828125,1.9930000305175781,0.0949999988079071,,yfinance
2012-02-17,119.58000183105469,103.23999786376953,3.1888999938964844,17.780000686645508,1361.22998046875,79.33000183105469,1724.5,2.009999990463257,0.07500000298023224,,yfinance
2012-02-21,121.66000366210938,105.83999633789062,3.239300012588501,18.190000534057617,1362.2099609375,79.04000091552734,1757.0999755859375,2.0450000762939453,0.07000000029802322,,yfinance
2012-02-22,122.9000015258789,106.27999877929688,3.27239990234375,18.190000534057617,1357.6600341796875,79.20999908447266,1770.0,2.005000114440918,0.07999999821186066,,yfinance
2012-02-23,123.62000274658203,107.83000183105469,3.2948999404907227,16.799999237060547,1363.4599609375,78.80999755859375,1784.9000244140625,1.9839999675750732,0.08500000089406967,,yfinance
2012-02-24,125.47000122070312,109.7699966430664,3.3159000873565674,17.309999465942383,1365.739990234375,78.3499984741211,1775.0999755859375,1.9769999980926514,0.09000000357627869,,yfinance
2012-02-27,124.16999816894531,108.55999755859375,3.286400079727173,18.190000534057617,1367.5899658203125,78.55999755859375,1773.5999755859375,1.9220000505447388,0.10000000149011612,,yfinance
2012-02-28,121.55000305175781,106.55000305175781,3.22379994392395,17.959999084472656,1372.1800537109375,78.2699966430664,1787.0,1.9290000200271606,0.0949999988079071,,yfinance
2012-02-29,122.66000366210938,107.06999969482422,3.187999963760376,18.43000030517578,1365.6800537109375,78.7300033569336,1709.9000244140625,1.9769999980926514,0.07500000298023224,,yfinance
2012-03-01,126.19999694824219,108.83999633789062,3.2753000259399414,17.260000228881836,1374.0899658203125,78.77999877929688,1721.0999755859375,2.0369999408721924,0.07000000029802322,,yfinance
2012-03-02,123.6500015258789,106.69999694824219,3.2018001079559326,17.290000915527344,1369.6300048828125,79.4000015258789,1708.800048828125,1.9859999418258667,0.05999999865889549,,yfinance
2012-03-05,123.80000305175781,106.72000122070312,3.217400074005127,18.049999237060547,1364.3299560546875,79.31999969482422,1703.0,2.005000114440918,0.05999999865889549,,yfinance
2012-03-06,121.9800033569336,104.69999694824219,3.188199996948242,20.8700008392334,1343.3599853515625,79.86000061035156,1671.4000244140625,1.944000005722046,0.07000000029802322,,yfinance
2012-03-07,124.12000274658203,106.16000366210938,3.219399929046631,19.06999969482422,1352.6300048828125,79.70999908447266,1683.300048828125,1.972000002861023,0.07500000298023224,,yfinance
2012-03-08,125.44000244140625,106.58000183105469,3.2695000171661377,17.950000762939453,1365.9100341796875,79.16000366210938,1698.0999755859375,2.0139999389648438,0.07500000298023224,,yfinance
2012-03-09,125.9800033569336,107.4000015258789,3.2637999057769775,17.110000610351562,1370.8699951171875,80.04000091552734,1710.9000244140625,2.0380001068115234,0.07999999821186066,,yfinance
2012-03-12,125.33999633789062,106.33999633789062,3.2428998947143555,15.640000343322754,1371.0899658203125,79.87000274658203,1699.199951171875,2.0309998989105225,0.07500000298023224,,yfinance
2012-03-13,126.22000122070312,106.70999908447266,3.271199941635132,14.800000190734863,1395.949951171875,80.19000244140625,1693.699951171875,2.1070001125335693,0.07999999821186066,,yfinance
2012-03-14,124.97000122070312,105.43000030517578,3.2618000507354736,15.3100004196167,1394.280029296875,80.55999755859375,1642.5,2.2739999294281006,0.07999999821186066,,yfinance
2012-03-15,123.55000305175781,105.11000061035156,3.2225000858306885,15.420000076293945,1402.5999755859375,80.1500015258789,1659.0999755859375,2.2809998989105225,0.07500000298023224,,yfinance
2012-03-16,125.80999755859375,107.05999755859375,3.281899929046631,14.470000267028809,1404.1700439453125,79.77999877929688,1655.5,2.2980000972747803,0.07999999821186066,,yfinance
2012-03-19,125.70999908447266,108.08999633789062,3.2613000869750977,15.039999961853027,1409.75,79.44999694824219,1666.9000244140625,2.378999948501587,0.07500000298023224,,yfinance
2012-03-20,124.12000274658203,105.61000061035156,3.2367000579833984,15.579999923706055,1405.52001953125,79.58999633789062,1646.699951171875,2.371999979019165,0.0949999988079071,,yfinance
2012-03-21,124.19999694824219,107.2699966430664,3.216200113296509,15.130000114440918,1402.8900146484375,79.62999725341797,1650.0,2.2939999103546143,0.08500000089406967,,yfinance
2012-03-22,123.13999938964844,105.3499984741211,3.1786999702453613,15.569999694824219,1392.780029296875,79.73999786376953,1642.300048828125,2.2750000953674316,0.07000000029802322,,yfinance
2012-03-23,125.12999725341797,106.87000274658203,3.210099935531616,14.819999694824219,1397.1099853515625,79.33999633789062,1662.300048828125,2.236999988555908,0.07000000029802322,,yfinance
2012-03-26,125.6500015258789,107.02999877929688,3.228800058364868,14.260000228881836,1416.510009765625,78.93000030517578,1685.5,2.24399995803833,0.07000000029802322,,yfinance
2012-03-27,125.54000091552734,107.33000183105469,3.218600034713745,15.59000015258789,1412.52001953125,79.04000091552734,1684.800048828125,2.187000036239624,0.07999999821186066,,yfinance
2012-03-28,124.16000366210938,105.41000366210938,3.207900047302246,15.470000267028809,1405.5400390625,79.16000366210938,1657.9000244140625,2.196000099182129,0.07500000298023224,,yfinance
2012-03-29,122.38999938964844,102.77999877929688,3.158900022506714,15.479999542236328,1403.280029296875,79.18000030517578,1652.199951171875,2.1589999198913574,0.054999999701976776,,yfinance
2012-03-30,122.87999725341797,103.0199966430664,3.1684000492095947,15.5,1408.469970703125,78.93000030517578,1669.300048828125,2.2160000801086426,0.06499999761581421,,yfinance
2012-04-02,125.43000030517578,105.2300033569336,3.2495999336242676,15.640000343322754,1419.0400390625,78.81999969482422,1677.5,2.193000078201294,0.05999999865889549,,yfinance
2012-04-03,124.86000061035156,104.01000213623047,3.2274999618530273,15.65999984741211,1413.3800048828125,79.4800033569336,1670.0,2.2839999198913574,0.07500000298023224,,yfinance
2012-04-04,122.33999633789062,101.47000122070312,3.160900115966797,16.440000534057617,1398.9599609375,79.76000213623047,1612.300048828125,2.243000030517578,0.07000000029802322,,yfinance
2012-04-05,123.43000030517578,103.30999755859375,3.1691999435424805,16.700000762939453,1398.0799560546875,80.06999969482422,1628.5,2.174999952316284,0.07000000029802322,,yfinance
2012-04-09,122.66999816894531,102.45999908447266,3.145900011062622,18.809999465942383,1382.199951171875,79.7300033569336,1642.5,2.0369999408721924,0.07500000298023224,,yfinance
2012-04-10,119.87999725341797,101.0199966430664,3.0957000255584717,20.389999389648438,1358.5899658203125,79.88999938964844,1659.5,1.9880000352859497,0.08500000089406967,,yfinance
2012-04-11,120.18000030517578,102.69999694824219,3.1149001121520996,20.020000457763672,1368.7099609375,79.77999877929688,1659.0,2.0280001163482666,0.08500000089406967,,yfinance
2012-04-12,121.70999908447266,103.63999938964844,3.166300058364868,17.200000762939453,1387.5699462890625,79.27999877929688,1679.5,2.0490000247955322,0.08500000089406967,,yfinance
2012-04-13,121.83000183105469,102.83000183105469,3.1745998859405518,19.549999237060547,1370.260009765625,79.87999725341797,1659.0999755859375,1.9980000257492065,0.07999999821186066,,yfinance
2012-04-16,118.68000030517578,102.93000030517578,3.1166000366210938,19.549999237060547,1369.5699462890625,79.55000305175781,1648.699951171875,1.9739999771118164,0.07500000298023224,,yfinance
2012-04-17,118.77999877929688,104.19999694824219,3.1266000270843506,18.459999084472656,1390.780029296875,79.47000122070312,1650.300048828125,2.009000062942505,0.07500000298023224,,yfinance
2012-04-18,117.97000122070312,102.66999816894531,3.1182000637054443,18.639999389648438,1385.1400146484375,79.52999877929688,1638.800048828125,1.9819999933242798,0.06499999761581421,,yfinance
2012-04-19,118.0,102.2699966430664,3.1250998973846436,18.360000610351562,1376.9200439453125,79.55999755859375,1640.5999755859375,1.9520000219345093,0.06499999761581421,,yfinance
2012-04-20,118.76000213623047,103.05000305175781,3.1375999450683594,17.440000534057617,1378.530029296875,79.18000030517578,1642.0999755859375,1.9700000286102295,0.06499999761581421,,yfinance
2012-04-23,118.70999908447266,103.11000061035156,3.1398000717163086,18.969999313354492,1366.93994140625,79.41999816894531,1631.9000244140625,1.9329999685287476,0.07000000029802322,,yfinance
2012-04-24,118.16000366210938,103.55000305175781,3.129499912261963,18.100000381469727,1371.969970703125,79.22000122070312,1643.0,1.9609999656677246,0.07999999821186066,,yfinance
2012-04-25,119.12000274658203,104.12000274658203,3.161099910736084,16.81999969482422,1390.68994140625,79.01000213623047,1641.4000244140625,1.9839999675750732,0.08500000089406967,,yfinance
2012-04-26,119.91999816894531,104.55000305175781,3.1944000720977783,16.239999771118164,1399.97998046875,78.91000366210938,1659.5999755859375,1.9589999914169312,0.08500000089406967,,yfinance
2012-04-27,119.83000183105469,104.93000030517578,3.1807000637054443,16.31999969482422,1403.3599853515625,78.69999694824219,1664.0,1.9329999685287476,0.08500000089406967,,yfinance
2012-04-30,119.47000122070312,104.87000274658203,3.1833999156951904,17.149999618530273,1397.9100341796875,78.79000091552734,1663.4000244140625,1.9149999618530273,0.09000000357627869,,yfinance
2012-05-01,119.66000366210938,106.16000366210938,3.1770999431610107,16.600000381469727,1405.8199462890625,78.86000061035156,1661.699951171875,1.9559999704360962,0.08500000089406967,,yfinance
2012-05-02,118.19999694824219,105.22000122070312,3.1424999237060547,16.8799991607666,1402.31005859375,79.12999725341797,1653.4000244140625,1.9220000505447388,0.07999999821186066,,yfinance
2012-05-03,116.08000183105469,102.54000091552734,3.086899995803833,17.559999465942383,1391.5699462890625,79.22000122070312,1634.199951171875,1.9240000247955322,0.07500000298023224,,yfinance
2012-05-04,113.18000030517578,98.48999786376953,3.0088000297546387,19.15999984741211,1369.0999755859375,79.47000122070312,1644.699951171875,1.8799999952316284,0.07000000029802322,,yfinance
2012-05-07,113.16000366210938,97.94000244140625,2.9814000129699707,18.940000534057617,1369.5799560546875,79.5999984741211,1638.5999755859375,1.8769999742507935,0.07500000298023224,,yfinance
2012-05-08,112.7300033569336,97.01000213623047,2.9900999069213867,19.049999237060547,1363.719970703125,79.7300033569336,1604.0,1.8370000123977661,0.09000000357627869,,yfinance
2012-05-09,113.19999694824219,96.80999755859375,2.9990999698638916,20.079999923706055,1354.5799560546875,80.08000183105469,1593.699951171875,1.8350000381469727,0.09000000357627869,,yfinance
2012-05-10,112.7300033569336,97.08000183105469,2.9834001064300537,18.829999923706055,1357.989990234375,80.11000061035156,1595.0999755859375,1.8839999437332153,0.09000000357627869,,yfinance
2012-05-11,112.26000213623047,96.12999725341797,2.963599920272827,19.889999389648438,1353.3900146484375,80.27999877929688,1583.5999755859375,1.840999960899353,0.09000000357627869,,yfinance
2012-05-14,111.56999969482422,94.77999877929688,2.929500102996826,21.8700008392334,1338.3499755859375,80.5999984741211,1560.5999755859375,1.7879999876022339,0.08500000089406967,,yfinance
2012-05-15,112.23999786376953,93.9800033569336,2.933000087738037,21.969999313354492,1330.6600341796875,81.22000122070312,1556.800048828125,1.7769999504089355,0.09000000357627869,,yfinance
2012-05-16,111.70999908447266,92.80999755859375,2.897599935531616,22.270000457763672,1324.800048828125,81.37000274658203,1536.199951171875,1.7649999856948853,0.0949999988079071,,yfinance
2012-05-17,107.48999786376953,92.55999755859375,2.8489999771118164,24.489999771118164,1304.8599853515625,81.37999725341797,1574.5,1.7020000219345093,0.09000000357627869,,yfinance
2012-05-18,107.13999938964844,91.4800033569336,2.8299999237060547,25.100000381469727,1295.219970703125,81.29000091552734,1591.5999755859375,1.7020000219345093,0.07500000298023224,,yfinance
2012-05-21,108.80999755859375,92.56999969482422,2.860300064086914,22.010000228881836,1315.989990234375,81.08000183105469,1588.4000244140625,1.7350000143051147,0.05999999865889549,,yfinance
2012-05-22,108.41000366210938,91.66000366210938,2.8613998889923096,22.479999542236328,1316.6300048828125,81.66999816894531,1576.300048828125,1.7929999828338623,0.08500000089406967,,yfinance
2012-05-23,105.55999755859375,89.9000015258789,2.8120999336242676,22.329999923706055,1318.8599853515625,82.08999633789062,1548.0999755859375,1.7209999561309814,0.07999999821186066,,yfinance
2012-05-24,106.55000305175781,90.66000366210938,2.821899890899658,21.540000915527344,1320.6800537109375,82.29000091552734,1557.300048828125,1.7589999437332153,0.09000000357627869,,yfinance
2012-05-25,106.83000183105469,90.86000061035156,2.8287999629974365,21.760000228881836,1317.8199462890625,82.4000015258789,1568.800048828125,1.7450000047683716,0.07999999821186066,,yfinance
2012-05-29,106.68000030517578,90.76000213623047,2.808799982070923,21.030000686645508,1332.4200439453125,82.44000244140625,1548.5999755859375,1.7309999465942383,0.07500000298023224,,yfinance
2012-05-30,103.47000122070312,87.81999969482422,2.739799976348877,24.139999389648438,1313.3199462890625,83.01000213623047,1563.4000244140625,1.625,0.06499999761581421,,yfinance
2012-05-31,101.87000274658203,86.52999877929688,2.706199884414673,24.059999465942383,1310.3299560546875,83.04000091552734,1562.5999755859375,1.5809999704360962,0.05999999865889549,,yfinance
2012-06-01,98.43000030517578,83.2300033569336,2.6278998851776123,26.65999984741211,1278.0400390625,82.88999938964844,1620.5,1.4670000076293945,0.06499999761581421,,yfinance
2012-06-04,98.8499984741211,83.9800033569336,2.6268999576568604,26.1200008392334,1278.1800537109375,82.55000305175781,1612.199951171875,1.5269999504089355,0.06499999761581421,,yfinance
2012-06-05,98.83999633789062,84.29000091552734,2.6335999965667725,24.68000030517578,1285.5,82.80000305175781,1615.199951171875,1.555999994277954,0.07999999821186066,,yfinance
2012-06-06,100.63999938964844,85.0199966430664,2.6717000007629395,22.15999984741211,1315.1300048828125,82.31999969482422,1632.800048828125,1.6510000228881836,0.07999999821186066,,yfinance
2012-06-07,99.93000030517578,84.81999969482422,2.667099952697754,21.719999313354492,1314.989990234375,82.05000305175781,1586.5999755859375,1.6540000438690186,0.07999999821186066,,yfinance
2012-06-08,99.47000122070312,84.0999984741211,2.672100067138672,21.229999542236328,1325.6600341796875,82.51000213623047,1590.0999755859375,1.6369999647140503,0.07999999821186066,,yfinance
2012-06-11,98.0,82.69999694824219,2.635699987411499,23.559999465942383,1308.9300537109375,82.51000213623047,1595.5,1.600000023841858,0.07500000298023224,,yfinance
2012-06-12,97.13999938964844,83.31999969482422,2.621500015258789,22.09000015258789,1324.1800537109375,82.41000366210938,1612.699951171875,1.6610000133514404,0.09000000357627869,,yfinance
2012-06-13,97.12999725341797,82.62000274658203,2.6108999252319336,24.270000457763672,1314.8800048828125,82.05000305175781,1618.0999755859375,1.5989999771118164,0.09000000357627869,,yfinance
2012-06-14,97.02999877929688,83.91000366210938,2.6277999877929688,21.68000030517578,1329.0999755859375,81.9000015258789,1618.4000244140625,1.6109999418258667,0.0949999988079071,,yfinance
2012-06-15,97.61000061035156,84.02999877929688,2.6465001106262207,21.110000610351562,1342.8399658203125,81.58999633789062,1627.0,1.5870000123977661,0.08500000089406967,,yfinance
2012-06-18,96.05000305175781,83.2699966430664,2.6177000999450684,18.31999969482422,1344.780029296875,81.94000244140625,1625.699951171875,1.5839999914169312,0.07500000298023224,,yfinance
2012-06-19,95.76000213623047,84.02999877929688,2.6350998878479004,18.3799991607666,1357.97998046875,81.37000274658203,1622.199951171875,1.6200000047683716,0.09000000357627869,,yfinance
2012-06-20,92.69000244140625,81.80000305175781,2.587399959564209,17.239999771118164,1355.68994140625,81.48999786376953,1614.800048828125,1.6419999599456787,0.07999999821186066,,yfinance
2012-06-21,89.2300033569336,78.19999694824219,2.5253000259399414,20.079999923706055,1325.510009765625,82.31999969482422,1564.5,1.6180000305175781,0.07500000298023224,,yfinance
2012-06-22,90.9800033569336,79.76000213623047,2.5336999893188477,18.110000610351562,1335.02001953125,82.22000122070312,1566.0,1.6720000505447388,0.07500000298023224,,yfinance
2012-06-25,91.01000213623047,79.20999908447266,2.5385000705718994,20.3799991607666,1313.719970703125,82.45999908447266,1587.5,1.6080000400543213,0.07500000298023224,,yfinance
2012-06-26,93.0199966430664,79.36000061035156,2.5764999389648438,19.719999313354492,1319.989990234375,82.37000274658203,1574.0,1.628000020980835,0.0949999988079071,,yfinance
2012-06-27,93.5,80.20999908447266,2.5936999320983887,19.450000762939453,1331.8499755859375,82.55999755859375,1577.5,1.621000051498413,0.07999999821186066,,yfinance
2012-06-28,91.36000061035156,77.69000244140625,2.5518999099731445,19.709999084472656,1329.0400390625,82.66999816894531,1549.699951171875,1.5770000219345093,0.07500000298023224,,yfinance
2012-06-29,97.80000305175781,84.95999908447266,2.696000099182129,17.079999923706055,1362.1600341796875,81.6500015258789,1603.5,1.659000039100647,0.07999999821186066,,yfinance
2012-07-02,97.33999633789062,83.75,2.6758999824523926,16.799999237060547,1365.510009765625,81.87000274658203,1597.199951171875,1.5800000429153442,0.07000000029802322,,yfinance
2012-07-03,100.68000030517578,87.66000366210938,2.758500099182129,16.65999984741211,1374.02001953125,81.77999877929688,1621.300048828125,1.63100004196167,0.07500000298023224,,yfinance
2012-07-05,100.69999694824219,87.22000122070312,2.768399953842163,17.5,1367.5799560546875,82.80999755859375,1608.9000244140625,1.597000002861023,0.07500000298023224,,yfinance
2012-07-06,98.19000244140625,84.44999694824219,2.70989990234375,17.100000381469727,1354.6800537109375,83.29000091552734,1578.4000244140625,1.5440000295639038,0.07000000029802322,,yfinance
2012-07-09,100.31999969482422,85.98999786376953,2.749000072479248,17.979999542236328,1352.4599609375,83.16000366210938,1588.5999755859375,1.5130000114440918,0.07000000029802322,,yfinance
2012-07-10,97.97000122070312,83.91000366210938,2.7195000648498535,18.719999313354492,1341.469970703125,83.36000061035156,1579.300048828125,1.4980000257492065,0.09000000357627869,,yfinance
2012-07-11,100.2300033569336,85.80999755859375,2.7618000507354736,17.950000762939453,1341.449951171875,83.56999969482422,1575.199951171875,1.4980000257492065,0.09000000357627869,,yfinance
2012-07-12,101.06999969482422,86.08000183105469,2.7732999324798584,18.329999923706055,1334.760009765625,83.6500015258789,1564.9000244140625,1.4789999723434448,0.0949999988079071,,yfinance
2012-07-13,102.4000015258789,87.0999984741211,2.7881999015808105,16.739999771118164,1356.780029296875,83.30000305175781,1591.5999755859375,1.4989999532699585,0.09000000357627869,,yfinance
2012-07-16,103.55000305175781,88.43000030517578,2.827699899673462,17.110000610351562,1353.6400146484375,83.08999633789062,1591.199951171875,1.4639999866485596,0.08500000089406967,,yfinance
2012-07-17,104.0,89.22000122070312,2.8422000408172607,16.479999542236328,1363.6700439453125,83.02999877929688,1589.0999755859375,1.5010000467300415,0.0949999988079071,,yfinance
2012-07-18,105.16000366210938,89.87000274658203,2.8775999546051025,16.15999984741211,1372.780029296875,82.94999694824219,1570.4000244140625,1.4789999723434448,0.08500000089406967,,yfinance
2012-07-19,107.80000305175781,92.66000366210938,2.947000026702881,15.449999809265137,1376.510009765625,82.9000015258789,1580.0999755859375,1.5149999856948853,0.07999999821186066,,yfinance
2012-07-20,106.83000183105469,91.44000244140625,2.924299955368042,16.270000457763672,1362.6600341796875,83.47000122070312,1582.5,1.4600000381469727,0.08500000089406967,,yfinance
2012-07-23,103.26000213623047,88.13999938964844,2.8189001083374023,18.6200008392334,1350.52001953125,83.70999908447266,1577.0999755859375,1.434999942779541,0.09000000357627869,,yfinance
2012-07-24,103.41999816894531,88.5,2.824399948120117,20.469999313354492,1338.31005859375,84.01000213623047,1576.0,1.4040000438690186,0.0949999988079071,,yfinance
2012-07-25,104.37999725341797,88.97000122070312,2.8440001010894775,19.34000015258789,1337.8900146484375,83.5199966430664,1608.0,1.406000018119812,0.0949999988079071,,yfinance
2012-07-26,105.26000213623047,89.38999938964844,2.868499994277954,17.530000686645508,1360.02001953125,82.80999755859375,1615.0,1.4279999732971191,0.10000000149011612,,yfinance
2012-07-27,106.47000122070312,90.12999725341797,2.8894999027252197,16.700000762939453,1385.969970703125,82.70999908447266,1617.9000244140625,1.5549999475479126,0.10000000149011612,,yfinance
2012-07-30,106.19999694824219,89.77999877929688,2.8791000843048096,18.030000686645508,1385.300048828125,82.79000091552734,1619.699951171875,1.503999948501587,0.09000000357627869,,yfinance
2012-07-31,104.91999816894531,88.05999755859375,2.8417000770568848,18.93000030517578,1379.3199462890625,82.63999938964844,1610.5,1.4919999837875366,0.10000000149011612,,yfinance
2012-08-01,105.95999908447266,88.91000366210938,2.858799934387207,18.959999084472656,1375.3199462890625,83.05999755859375,1603.699951171875,1.5390000343322754,0.09000000357627869,,yfinance
2012-08-02,105.9000015258789,87.12999725341797,2.8422999382019043,17.56999969482422,1365.0,83.33000183105469,1587.4000244140625,1.4780000448226929,0.08500000089406967,,yfinance
2012-08-03,108.94000244140625,91.4000015258789,2.926100015640259,15.640000343322754,1390.989990234375,82.37999725341797,1606.0,1.5770000219345093,0.07500000298023224,,yfinance
2012-08-06,109.55000305175781,92.19999694824219,2.9409000873565674,15.949999809265137,1394.22998046875,82.2699966430664,1612.9000244140625,1.5579999685287476,0.07500000298023224,,yfinance
2012-08-07,112.0,93.66999816894531,2.997999906539917,15.989999771118164,1401.3499755859375,82.20999908447266,1609.699951171875,1.628000020980835,0.10000000149011612,,yfinance
2012-08-08,112.13999938964844,93.3499984741211,3.015899896621704,15.319999694824219,1402.219970703125,82.38999938964844,1612.9000244140625,1.6399999856948853,0.10499999672174454,,yfinance
2012-08-09,113.22000122070312,93.36000061035156,3.0450000762939453,15.279999732971191,1402.800048828125,82.63999938964844,1617.0999755859375,1.687999963760376,0.10999999940395355,,yfinance
2012-08-10,112.94999694824219,92.87000274658203,3.0204999446868896,14.739999771118164,1405.8699951171875,82.55000305175781,1619.699951171875,1.6490000486373901,0.0949999988079071,,yfinance
2012-08-13,113.5999984741211,92.7300033569336,3.0183000564575195,13.699999809265137,1404.1099853515625,82.44000244140625,1609.5999755859375,1.6540000438690186,0.0949999988079071,,yfinance
2012-08-14,114.02999877929688,93.43000030517578,3.034600019454956,14.850000381469727,1403.9300537109375,82.4800033569336,1599.4000244140625,1.7259999513626099,0.10499999672174454,,yfinance
2012-08-15,116.25,94.33000183105469,3.085200071334839,14.630000114440918,1405.530029296875,82.6500015258789,1603.699951171875,1.8049999475479126,0.07999999821186066,,yfinance
2012-08-16,116.9000015258789,95.5999984741211,3.1229000091552734,14.289999961853027,1415.510009765625,82.36000061035156,1616.0999755859375,1.8359999656677246,0.07500000298023224,,yfinance
2012-08-17,113.70999908447266,96.01000213623047,3.092600107192993,13.449999809265137,1418.1600341796875,82.5999984741211,1616.300048828125,1.815999984741211,0.07999999821186066,,yfinance
2012-08-20,113.69999694824219,95.97000122070312,3.093100070953369,14.020000457763672,1418.1300048828125,82.45999908447266,1620.0999755859375,1.8140000104904175,0.08500000089406967,,yfinance
2012-08-21,114.63999938964844,96.68000030517578,3.124300003051758,15.020000457763672,1413.1700439453125,81.91000366210938,1639.9000244140625,1.8049999475479126,0.10499999672174454,,yfinance
2012-08-22,114.91000366210938,97.26000213623047,3.128700017929077,15.109999656677246,1413.489990234375,81.48999786376953,1637.4000244140625,1.718999981880188,0.10000000149011612,,yfinance
2012-08-23,115.01000213623047,96.2699966430664,3.132999897003174,15.960000038146973,1402.0799560546875,81.36000061035156,1669.5999755859375,1.6660000085830688,0.0949999988079071,,yfinance
2012-08-24,113.58999633789062,96.1500015258789,3.110100030899048,15.180000305175781,1411.1300048828125,81.58999633789062,1669.800048828125,1.6779999732971191,0.09000000357627869,,yfinance
2012-08-27,112.26000213623047,95.47000122070312,3.111799955368042,16.350000381469727,1410.43994140625,81.66000366210938,1672.4000244140625,1.6490000486373901,0.0949999988079071,,yfinance
2012-08-28,112.58000183105469,96.33000183105469,3.120300054550171,16.489999771118164,1409.300048828125,81.37000274658203,1666.5,1.6299999952316284,0.10000000149011612,,yfinance
2012-08-29,112.54000091552734,95.48999786376953,3.1157000064849854,17.059999465942383,1410.489990234375,81.55000305175781,1659.800048828125,1.6540000438690186,0.0949999988079071,,yfinance
2012-08-30,112.6500015258789,94.62000274658203,3.124500036239624,17.829999923706055,1399.47998046875,81.68000030517578,1653.5,1.6200000047683716,0.09000000357627869,,yfinance
2012-08-31,114.56999969482422,96.47000122070312,3.169600009918213,17.469999313354492,1406.5799560546875,81.25,1684.5999755859375,1.562000036239624,0.08500000089406967,,yfinance
2012-09-04,114.18000030517578,95.30000305175781,3.1468000411987305,17.979999542236328,1404.93994140625,81.31999969482422,1692.9000244140625,1.5809999704360962,0.09000000357627869,,yfinance
2012-09-05,113.08999633789062,95.36000061035156,3.1175999641418457,17.739999771118164,1403.43994140625,81.23999786376953,1690.800048828125,1.593999981880188,0.10000000149011612,,yfinance
2012-09-06,113.48999786376953,95.52999877929688,3.1424999237060547,15.600000381469727,1432.1199951171875,81.08000183105469,1702.5999755859375,1.6729999780654907,0.10000000149011612,,yfinance
2012-09-07,114.25,96.41999816894531,3.148900032043457,14.380000114440918,1437.9200439453125,80.25,1737.5,1.6610000133514404,0.10000000149011612,,yfinance
2012-09-10,114.80999755859375,96.54000091552734,3.166800022125244,16.280000686645508,1429.0799560546875,80.36000061035156,1728.699951171875,1.6829999685287476,0.0949999988079071,,yfinance
2012-09-11,115.4000015258789,97.16999816894531,3.185699939727783,16.40999984741211,1433.56005859375,79.86000061035156,1731.800048828125,1.6950000524520874,0.10000000149011612,,yfinance
2012-09-12,115.95999908447266,97.01000213623047,3.2151999473571777,15.800000190734863,1436.56005859375,79.73999786376953,1730.5999755859375,1.7649999856948853,0.0949999988079071,,yfinance
2012-09-13,116.9000015258789,98.30999755859375,3.2112998962402344,14.050000190734863,1459.989990234375,79.26000213623047,1769.0999755859375,1.75600004196167,0.0949999988079071,,yfinance
2012-09-14,,99.0,3.239500045776367,14.510000228881836,1465.77001953125,78.8499984741211,1769.800048828125,1.8700000047683716,0.0949999988079071,,yfinance
2012-09-17,,96.62000274658203,3.1633999347686768,14.59000015258789,1461.18994140625,79.01000213623047,1767.699951171875,1.8380000591278076,0.09000000357627869,,yfinance
2012-09-18,112.02999877929688,95.29000091552734,3.1270999908447266,14.180000305175781,1459.3199462890625,79.25,1768.4000244140625,1.812000036239624,0.10000000149011612,,yfinance
2012-09-19,108.19000244140625,91.9800033569336,3.0439999103546143,13.880000114440918,1461.050048828125,79.05999755859375,1769.0,1.781999945640564,0.10499999672174454,,yfinance
2012-09-20,110.02999877929688,91.87000274658203,3.0975000858306885,14.069999694824219,1460.260009765625,79.41000366210938,1767.699951171875,1.7769999504089355,0.10499999672174454,,yfinance
2012-09-21,111.41999816894531,92.88999938964844,3.120699882507324,13.979999542236328,1460.1500244140625,79.33000183105469,1775.5,1.7599999904632568,0.10000000149011612,,yfinance
2012-09-24,109.80999755859375,91.93000030517578,3.0987000465393066,14.149999618530273,1456.8900146484375,79.5199966430664,1762.0999755859375,1.718000054359436,0.0949999988079071,,yfinance
2012-09-25,110.44999694824219,91.37000274658203,3.108599901199341,15.430000305175781,1441.5899658203125,79.55000305175781,1763.800048828125,1.6820000410079956,0.10499999672174454,,yfinance
2012-09-26,110.04000091552734,89.9800033569336,3.106800079345703,16.809999465942383,1433.3199462890625,79.88999938964844,1750.5999755859375,1.6180000305175781,0.10000000149011612,,yfinance
2012-09-27,112.01000213623047,91.8499984741211,3.1572999954223633,14.84000015258789,1447.1500244140625,79.55000305175781,1777.5999755859375,1.6399999856948853,0.08500000089406967,,yfinance
2012-09-28,112.38999938964844,92.19000244140625,3.1693999767303467,15.729999542236328,1440.6700439453125,79.94000244140625,1771.0999755859375,1.6369999647140503,0.09000000357627869,,yfinance
2012-10-01,112.19000244140625,92.4800033569336,3.1357998847961426,16.31999969482422,1444.489990234375,79.81999969482422,1780.5,1.625,0.07999999821186066,,yfinance
2012-10-02,111.56999969482422,91.88999938964844,3.125499963760376,15.710000038146973,1445.75,79.73999786376953,1772.699951171875,1.6150000095367432,0.09000000357627869,,yfinance
2012-10-03,108.16999816894531,88.13999938964844,3.0664000511169434,15.430000305175781,1450.989990234375,79.97000122070312,1777.300048828125,1.6230000257492065,0.08500000089406967,,yfinance
2012-10-04,112.58000183105469,91.70999908447266,3.1884000301361084,14.550000190734863,1461.4000244140625,79.3499984741211,1794.0999755859375,1.6649999618530273,0.0949999988079071,,yfinance
2012-10-05,112.0199966430664,89.87999725341797,3.155900001525879,14.329999923706055,1460.9300537109375,79.33999633789062,1778.5999755859375,1.7319999933242798,0.10000000149011612,,yfinance
2012-10-08,111.81999969482422,89.33000183105469,3.1442999839782715,15.109999656677246,1455.8800048828125,79.54000091552734,1773.5,1.746000051498413,0.0949999988079071,,yfinance
2012-10-09,114.5,92.38999938964844,3.203200101852417,16.3700008392334,1441.47998046875,79.94999694824219,1763.0,1.7200000286102295,0.0949999988079071,,yfinance
2012-10-10,114.33000183105469,91.25,3.213099956512451,16.290000915527344,1432.56005859375,79.91999816894531,1763.199951171875,1.690999984741211,0.0949999988079071,,yfinance
2012-10-11,115.70999908447266,92.06999969482422,3.2571001052856445,15.59000015258789,1432.8399658203125,79.77999877929688,1768.800048828125,1.6749999523162842,0.0949999988079071,,yfinance
2012-10-12,114.62000274658203,91.86000061035156,3.223900079727173,16.139999389648438,1428.5899658203125,79.69000244140625,1758.0,1.6629999876022339,0.10000000149011612,,yfinance
2012-10-15,115.80000305175781,91.8499984741211,3.2091000080108643,15.270000457763672,1440.1300048828125,79.73999786376953,1736.0,1.6629999876022339,0.0949999988079071,,yfinance
2012-10-16,115.06999969482422,92.08999633789062,3.198499917984009,15.220000267028809,1454.9200439453125,79.37000274658203,1744.699951171875,1.7200000286102295,0.10000000149011612,,yfinance
2012-10-17,,92.12000274658203,3.1893999576568604,15.069999694824219,1460.9100341796875,79.0199966430664,1751.5,1.8109999895095825,0.10499999672174454,,yfinance
2012-10-18,,92.0999984741211,3.1865999698638916,15.029999732971191,1457.3399658203125,79.37000274658203,1743.300048828125,1.8259999752044678,0.0949999988079071,,yfinance
2012-10-19,110.13999938964844,90.05000305175781,3.134500026702881,17.059999465942383,1433.18994140625,79.63999938964844,1722.800048828125,1.7680000066757202,0.09000000357627869,,yfinance
2012-10-22,109.44000244140625,88.7300033569336,3.07669997215271,16.6200008392334,1433.8199462890625,79.6500015258789,1725.0999755859375,1.7979999780654907,0.09000000357627869,,yfinance
2012-10-23,108.25,86.66999816894531,3.0434000492095947,18.829999923706055,1413.1099853515625,79.9800033569336,1708.300048828125,1.7640000581741333,0.10000000149011612,,yfinance
2012-10-24,107.8499984741211,85.7300033569336,3.039400100708008,18.329999923706055,1408.75,79.97000122070312,1700.5,1.774999976158142,0.10499999672174454,,yfinance
2012-10-25,108.48999786376953,86.05000305175781,3.0620999336242676,18.1200008392334,1412.969970703125,80.04000091552734,1712.0,1.8279999494552612,0.10999999940395355,,yfinance
2012-10-26,109.55000305175781,86.27999877929688,3.0978000164031982,17.809999465942383,1411.93994140625,80.06999969482422,1710.9000244140625,1.75,0.10499999672174454,,yfinance
2012-10-31,108.69999694824219,86.23999786376953,3.06820011138916,18.600000381469727,1412.1600341796875,79.91999816894531,1717.5,1.6859999895095825,0.10499999672174454,,yfinance
2012-11-01,108.16999816894531,87.08999633789062,3.0332000255584717,16.690000534057617,1427.5899658203125,80.05000305175781,1714.0999755859375,1.715000033378601,0.09000000357627869,,yfinance
2012-11-02,105.68000030517578,84.86000061035156,2.9474000930786133,17.59000015258789,1414.199951171875,80.58999633789062,1674.0999755859375,1.7259999513626099,0.09000000357627869,,yfinance
2012-11-05,107.7300033569336,85.6500015258789,2.9828999042510986,18.420000076293945,1417.260009765625,80.75,1682.199951171875,1.684000015258789,0.09000000357627869,,yfinance
2012-11-06,111.06999969482422,88.70999908447266,3.0529000759124756,17.579999923706055,1428.3900146484375,80.61000061035156,1714.0999755859375,1.7419999837875366,0.10000000149011612,,yfinance
2012-11-07,106.81999969482422,84.44000244140625,2.962100028991699,19.079999923706055,1394.530029296875,80.76000213623047,1713.199951171875,1.6319999694824219,0.09000000357627869,,yfinance
2012-11-08,107.25,85.08999633789062,2.955399990081787,18.489999771118164,1377.510009765625,80.79000091552734,1725.4000244140625,1.6319999694824219,0.08500000089406967,,yfinance
2012-11-09,109.4000015258789,86.06999969482422,3.005500078201294,18.610000610351562,1379.8499755859375,81.02999877929688,1730.300048828125,1.6130000352859497,0.09000000357627869,,yfinance
2012-11-12,109.06999969482422,85.56999969482422,2.9992001056671143,16.68000030517578,1380.030029296875,81.04000091552734,1730.300048828125,1.6109999418258667,0.08699999749660492,,yfinance
2012-11-13,108.26000213623047,85.37999725341797,2.9607999324798584,16.649999618530273,1374.530029296875,81.08000183105469,1724.199951171875,1.5889999866485596,0.08500000089406967,,yfinance
2012-11-14,109.61000061035156,86.31999969482422,2.9881999492645264,17.920000076293945,1355.489990234375,81.05999755859375,1729.5,1.5889999866485596,0.0949999988079071,,yfinance
2012-11-15,110.9800033569336,85.44999694824219,2.9735000133514404,17.989999771118164,1353.3299560546875,81.08000183105469,1713.300048828125,1.5889999866485596,0.07500000298023224,,yfinance
2012-11-16,,86.66999816894531,2.986799955368042,16.40999984741211,1359.8800048828125,81.26000213623047,1714.300048828125,1.5740000009536743,0.07500000298023224,,yfinance
2012-11-19,110.83999633789062,89.27999877929688,3.0750999450683594,15.239999771118164,1386.8900146484375,80.87000274658203,1734.0,1.6109999418258667,0.07500000298023224,,yfinance
2012-11-20,109.83000183105469,86.75,3.0392000675201416,15.079999923706055,1387.81005859375,80.95999908447266,1723.199951171875,1.656000018119812,0.08500000089406967,,yfinance
2012-11-21,110.86000061035156,87.37999725341797,3.072200059890747,15.3100004196167,1391.030029296875,80.93000030517578,1727.9000244140625,1.687000036239624,0.09000000357627869,,yfinance
2012-11-23,111.37999725341797,88.27999877929688,3.0771000385284424,15.140000343322754,1409.1500244140625,80.19000244140625,1751.300048828125,1.6929999589920044,0.09000000357627869,,yfinance
2012-11-26,110.91999816894531,87.73999786376953,3.0464999675750732,15.5,1406.2900390625,80.25,1749.5,1.6640000343322754,0.09000000357627869,,yfinance
2012-11-27,109.87000274658203,87.18000030517578,3.009399890899658,15.920000076293945,1398.93994140625,80.4000015258789,1742.199951171875,1.6449999809265137,0.0949999988079071,,yfinance
2012-11-28,109.51000213623047,86.48999786376953,3.007999897003174,15.510000228881836,1409.9300537109375,80.33999633789062,1716.5,1.6169999837875366,0.09200000017881393,,yfinance
2012-11-29,110.76000213623047,88.06999969482422,3.040600061416626,15.0600004196167,1415.949951171875,80.19999694824219,1727.199951171875,1.6200000047683716,0.07999999821186066,,yfinance
2012-11-30,111.2300033569336,88.91000366210938,3.041300058364868,15.869999885559082,1416.1800537109375,80.1500015258789,1710.9000244140625,1.6059999465942383,0.07500000298023224,,yfinance
2012-12-03,110.91999816894531,89.08999633789062,3.0562000274658203,16.639999389648438,1409.4599609375,79.87999725341797,1719.5999755859375,1.628000020980835,0.07699999958276749,,yfinance
2012-12-04,109.83999633789062,88.5,3.003999948501587,17.1200008392334,1407.050048828125,79.63999938964844,1694.4000244140625,1.6080000400543213,0.09000000357627869,,yfinance
2012-12-05,108.80999755859375,87.87999725341797,2.9907000064849854,16.459999084472656,1409.280029296875,79.7699966430664,1692.4000244140625,1.590999960899353,0.09000000357627869,,yfinance
2012-12-06,107.02999877929688,86.26000213623047,2.94320011138916,16.579999923706055,1413.93994140625,80.26000213623047,1700.300048828125,1.5809999704360962,0.09000000357627869,,yfinance
2012-12-07,107.0199966430664,85.93000030517578,2.915299892425537,15.899999618530273,1418.0699462890625,80.41999816894531,1704.0,1.6269999742507935,0.07999999821186066,,yfinance
2012-12-10,107.33000183105469,85.55999755859375,2.896199941635132,16.049999237060547,1418.550048828125,80.33000183105469,1713.0,1.6160000562667847,0.07500000298023224,,yfinance
2012-12-11,108.01000213623047,85.79000091552734,2.927000045776367,15.569999694824219,1427.8399658203125,80.05999755859375,1708.199951171875,1.6490000486373901,0.07500000298023224,,yfinance
2012-12-12,109.5,86.7699966430664,2.9667999744415283,15.949999809265137,1428.47998046875,79.88999938964844,1716.5999755859375,1.6970000267028809,0.05999999865889549,,yfinance
2012-12-13,107.91000366210938,85.88999938964844,2.943700075149536,16.559999465942383,1419.449951171875,79.93000030517578,1695.5999755859375,1.7280000448226929,0.052000001072883606,,yfinance
2012-12-14,109.1500015258789,86.7300033569336,2.9807000160217285,17.0,1413.5799560546875,79.5999984741211,1695.800048828125,1.7079999446868896,0.02500000037252903,,yfinance
2012-12-17,,87.19999694824219,2.9563000202178955,16.34000015258789,1430.3599853515625,79.56999969482422,1697.0,1.7630000114440918,0.02199999988079071,,yfinance
2012-12-18,,87.93000030517578,2.996500015258789,15.569999694824219,1446.7900390625,79.36000061035156,1669.5,1.8270000219345093,0.054999999701976776,,yfinance
2012-12-19,110.36000061035156,89.51000213623047,3.035599946975708,17.360000610351562,1435.81005859375,79.25,1666.5,1.7999999523162842,0.04500000178813934,,yfinance
2012-12-20,110.19999694824219,90.12999725341797,3.057499885559082,17.670000076293945,1443.68994140625,79.26000213623047,1644.9000244140625,1.7999999523162842,0.05000000074505806,,yfinance
2012-12-21,108.97000122070312,88.66000366210938,3.02239990234375,17.84000015258789,1430.1500244140625,79.62000274658203,1659.0999755859375,1.753999948501587,0.05000000074505806,,yfinance
2012-12-24,108.80000305175781,88.61000061035156,3.00219988822937,17.84000015258789,1426.6600341796875,79.63999938964844,1658.5999755859375,1.7740000486373901,0.05000000074505806,,yfinance
2012-12-26,111.06999969482422,90.9800033569336,3.051300048828125,19.479999542236328,1419.8299560546875,79.62000274658203,1659.800048828125,1.7580000162124634,0.054999999701976776,,yfinance
2012-12-27,110.80000305175781,90.87000274658203,3.0722999572753906,19.469999313354492,1418.0999755859375,79.62000274658203,1662.5999755859375,1.715000033378601,0.07000000029802322,,yfinance
2012-12-28,110.62000274658203,90.80000305175781,3.044800043106079,22.719999313354492,1402.4300537109375,79.68000030517578,1654.9000244140625,1.7109999656677246,0.009999999776482582,,yfinance
2012-12-31,111.11000061035156,91.81999969482422,3.045099973678589,18.020000457763672,1426.18994140625,79.7699966430664,1674.800048828125,1.75600004196167,0.03500000014901161,,yfinance
2013-01-02,112.47000122070312,93.12000274658203,3.046299934387207,14.680000305175781,1462.4200439453125,79.8499984741211,1687.9000244140625,1.8389999866485596,0.054999999701976776,,yfinance
2013-01-03,112.13999938964844,92.91999816894531,3.025099992752075,14.5600004196167,1459.3699951171875,80.43000030517578,1673.699951171875,1.8990000486373901,0.06499999761581421,,yfinance
2013-01-04,111.30999755859375,93.08999633789062,3.017699956893921,13.829999923706055,1466.469970703125,80.5,1648.0999755859375,1.9149999618530273,0.06499999761581421,,yfinance
2013-01-07,111.4000015258789,93.19000244140625,3.032099962234497,13.789999961853027,1461.8900146484375,80.26000213623047,1645.5,1.902999997138977,0.057999998331069946,,yfinance
2013-01-08,111.94000244140625,93.1500015258789,3.058500051498413,13.619999885559082,1457.1500244140625,80.3499984741211,1661.5,1.871000051498413,0.05999999865889549,,yfinance
2013-01-09,111.76000213623047,93.0999984741211,3.0699000358581543,13.8100004196167,1461.02001953125,80.55999755859375,1654.800048828125,1.8519999980926514,0.054999999701976776,,yfinance
2013-01-10,111.88999938964844,93.81999969482422,3.05430006980896,13.489999771118164,1472.1199951171875,79.73999786376953,1677.300048828125,1.8940000534057617,0.054999999701976776,,yfinance
2013-01-11,110.63999938964844,93.55999755859375,3.008500099182129,13.359999656677246,1472.050048828125,79.55999755859375,1660.0,1.875,0.06300000101327896,,yfinance
2013-01-14,111.87999725341797,94.13999938964844,3.0625,13.520000457763672,1470.6800537109375,79.48999786376953,1668.9000244140625,1.8569999933242798,0.05999999865889549,,yfinance
2013-01-15,110.30000305175781,93.27999877929688,3.0113000869750977,13.550000190734863,1472.3399658203125,79.77999877929688,1683.4000244140625,1.8309999704360962,0.07999999821186066,,yfinance
2013-01-16,110.61000061035156,94.23999786376953,2.9990999698638916,13.420000076293945,1472.6300048828125,79.80000305175781,1682.699951171875,1.8240000009536743,0.07199999690055847,,yfinance
2013-01-17,110.61000061035156,95.48999786376953,3.021199941635132,13.569999694824219,1480.93994140625,79.6500015258789,1690.4000244140625,1.875,0.07000000029802322,,yfinance
2013-01-18,110.61000061035156,95.55999755859375,3.052500009536743,12.460000038146973,1485.97998046875,80.05000305175781,1686.5999755859375,1.843000054359436,0.07000000029802322,,yfinance
2013-01-22,112.41999816894531,96.23999786376953,3.06820011138916,12.430000305175781,1492.56005859375,79.87000274658203,1692.800048828125,1.8350000381469727,0.05999999865889549,,yfinance
2013-01-23,112.80000305175781,95.2300033569336,3.0780999660491943,12.460000038146973,1494.81005859375,79.91999816894531,1686.300048828125,1.8329999446868896,0.07000000029802322,,yfinance
2013-01-24,113.27999877929688,95.94999694824219,3.086400032043457,12.6899995803833,1494.8199462890625,79.94999694824219,1669.5,1.843999981880188,0.07500000298023224,,yfinance
2013-01-25,113.27999877929688,95.87999725341797,3.05679988861084,12.890000343322754,1502.9599609375,79.75,1656.4000244140625,1.9470000267028809,0.07000000029802322,,yfinance
2013-01-28,113.4800033569336,96.44000244140625,3.0615999698638916,13.569999694824219,1500.1800537109375,79.77999877929688,1652.4000244140625,1.9739999771118164,0.05999999865889549,,yfinance
2013-01-29,114.36000061035156,97.56999969482422,3.1092000007629395,13.3100004196167,1507.8399658203125,79.55999755859375,1660.699951171875,1.9880000352859497,0.06300000101327896,,yfinance
2013-01-30,114.9000015258789,97.94000244140625,3.117300033569336,14.319999694824219,1501.9599609375,79.27999877929688,1679.9000244140625,2.00600004196167,0.05999999865889549,,yfinance
2013-01-31,115.55000305175781,97.48999786376953,3.1298000812530518,14.279999732971191,1498.1099853515625,79.20999908447266,1660.5999755859375,1.9850000143051147,0.06499999761581421,,yfinance
2013-02-01,116.76000213623047,97.7699966430664,3.160599946975708,12.899999618530273,1513.1700439453125,79.12999725341797,1669.4000244140625,2.009999990463257,0.05999999865889549,,yfinance
2013-02-04,115.5999984741211,96.16999816894531,3.1540000438690186,14.670000076293945,1495.7099609375,79.55000305175781,1675.300048828125,1.9730000495910645,0.054999999701976776,,yfinance
2013-02-05,116.5199966430664,96.63999938964844,3.1912999153137207,13.720000267028809,1511.2900390625,79.48999786376953,1672.4000244140625,2.0160000324249268,0.07000000029802322,,yfinance
2013-02-06,116.7300033569336,96.62000274658203,3.185800075531006,13.40999984741211,1512.1199951171875,79.72000122070312,1677.699951171875,1.968000054359436,0.06499999761581421,,yfinance
2013-02-07,117.23999786376953,95.83000183105469,3.19950008392334,13.5,1509.3900146484375,80.19000244140625,1670.4000244140625,1.9509999752044678,0.06499999761581421,,yfinance
2013-02-08,118.9000015258789,95.72000122070312,3.2383999824523926,13.020000457763672,1517.9300537109375,80.25,1666.0,1.9539999961853027,0.06499999761581421,,yfinance
2013-02-11,118.12999725341797,97.02999877929688,3.2314999103546143,12.9399995803833,1517.010009765625,80.30999755859375,1648.199951171875,1.9459999799728394,0.06499999761581421,,yfinance
2013-02-12,118.66000366210938,97.51000213623047,3.2362000942230225,12.640000343322754,1519.4300537109375,80.11000061035156,1648.699951171875,1.9819999933242798,0.08299999684095383,,yfinance
2013-02-13,118.72000122070312,97.01000213623047,3.2188000679016113,12.979999542236328,1520.3299560546875,80.08999633789062,1644.199951171875,2.0190000534057617,0.08500000089406967,,yfinance
2013-02-14,118.58000183105469,97.30999755859375,3.2237000465393066,12.65999984741211,1521.3800048828125,80.45999908447266,1634.699951171875,2.0,0.0949999988079071,,yfinance
2013-02-15,118.58000183105469,95.86000061035156,3.210400104522705,12.460000038146973,1519.7900390625,80.58000183105469,1608.800048828125,2.006999969482422,0.0949999988079071,,yfinance
2013-02-19,117.5199966430664,96.66000366210938,3.1805999279022217,12.3100004196167,1530.93994140625,80.47000122070312,1603.5999755859375,2.0260000228881836,0.10000000149011612,,yfinance
2013-02-20,115.5999984741211,94.45999908447266,3.1563000679016113,14.680000305175781,1511.949951171875,81.08999633789062,1577.5999755859375,2.0209999084472656,0.11500000208616257,,yfinance
2013-02-21,113.52999877929688,92.83999633789062,3.0957000255584717,15.220000267028809,1502.4200439453125,81.45999908447266,1578.199951171875,1.9759999513626099,0.11999999731779099,,yfinance
2013-02-22,114.0999984741211,93.12999725341797,3.1041998863220215,14.170000076293945,1515.5999755859375,81.4800033569336,1572.4000244140625,1.9670000076293945,0.11999999731779099,,yfinance
2013-02-25,114.44000244140625,93.11000061035156,3.098900079727173,18.989999771118164,1487.8499755859375,81.66999816894531,1586.199951171875,1.8949999809265137,0.11500000208616257,,yfinance
2013-02-26,112.70999908447266,92.62999725341797,3.0316998958587646,16.8700008392334,1496.93994140625,81.87000274658203,1615.199951171875,1.878999948501587,0.10999999940395355,,yfinance
2013-02-27,111.87000274658203,92.76000213623047,2.9879000186920166,14.729999542236328,1515.989990234375,81.5999984741211,1595.199951171875,1.902999997138977,0.10000000149011612,,yfinance
2013-02-28,111.37999725341797,92.05000305175781,2.97189998626709,15.510000228881836,1514.6800537109375,81.9800033569336,1577.699951171875,1.8880000114440918,0.10000000149011612,,yfinance
2013-03-01,110.4000015258789,90.68000030517578,2.9300999641418457,15.359999656677246,1518.199951171875,82.30999755859375,1571.9000244140625,1.8530000448226929,0.10000000149011612,,yfinance
2013-03-04,110.08999633789062,90.12000274658203,2.919100046157837,14.010000228881836,1525.199951171875,82.22000122070312,1572.0999755859375,1.8769999742507935,0.08500000089406967,,yfinance
2013-03-05,111.61000061035156,90.81999969482422,2.9730000495910645,13.479999542236328,1539.7900390625,82.08999633789062,1574.5999755859375,1.8940000534057617,0.08500000089406967,,yfinance
2013-03-06,111.05999755859375,90.43000030517578,2.975600004196167,13.529999732971191,1541.4599609375,82.45999908447266,1574.5999755859375,1.937999963760376,0.09200000017881393,,yfinance
2013-03-07,111.1500015258789,91.55999755859375,2.9795000553131104,13.0600004196167,1544.260009765625,82.08000183105469,1574.800048828125,1.9910000562667847,0.09000000357627869,,yfinance
2013-03-08,110.8499984741211,91.94999694824219,2.974900007247925,12.59000015258789,1551.1800537109375,82.69999694824219,1576.5999755859375,2.055999994277954,0.08699999749660492,,yfinance
2013-03-11,110.22000122070312,92.05999755859375,2.969099998474121,11.5600004196167,1556.219970703125,82.56999969482422,1577.800048828125,2.055999994277954,0.08699999749660492,,yfinance
2013-03-12,109.6500015258789,92.54000091552734,2.9484000205993652,12.270000457763672,1552.47998046875,82.58000183105469,1591.5,2.0230000019073486,0.09200000017881393,,yfinance
2013-03-13,108.5199966430664,92.5199966430664,2.9242000579833984,11.829999923706055,1554.52001953125,82.88999938964844,1588.300048828125,2.0209999084472656,0.08500000089406967,,yfinance
2013-03-14,109.41999816894531,93.02999877929688,2.929500102996826,11.300000190734863,1563.22998046875,82.61000061035156,1590.5999755859375,2.0329999923706055,0.09000000357627869,,yfinance
2013-03-15,109.37999725341797,93.44999694824219,2.938999891281128,11.300000190734863,1560.699951171875,82.26000213623047,1592.5,1.996000051498413,0.08299999684095383,,yfinance
2013-03-18,,93.73999786376953,2.9267001152038574,13.359999656677246,1552.0999755859375,82.69000244140625,1604.5999755859375,1.9559999704360962,0.07199999690055847,,yfinance
2013-03-19,107.44999694824219,92.16000366210938,2.8640999794006348,14.390000343322754,1548.3399658203125,82.98999786376953,1611.300048828125,1.9079999923706055,0.07000000029802322,,yfinance
2013-03-20,108.72000122070312,92.95999908447266,2.8921000957489014,12.670000076293945,1558.7099609375,82.77999877929688,1607.5,1.937000036239624,0.06300000101327896,,yfinance
2013-03-21,107.47000122070312,92.44999694824219,2.8963000774383545,13.989999771118164,1545.800048828125,82.80000305175781,1613.800048828125,1.9320000410079956,0.05999999865889549,,yfinance
2013-03-22,107.66000366210938,93.70999908447266,2.8842999935150146,13.569999694824219,1556.8900146484375,82.52999877929688,1606.199951171875,1.9149999618530273,0.06499999761581421,,yfinance
2013-03-25,108.16999816894531,94.80999755859375,2.87719988822937,13.739999771118164,1551.68994140625,82.87000274658203,1604.5999755859375,1.9149999618530273,0.057999998331069946,,yfinance
2013-03-26,109.36000061035156,96.33999633789062,2.8812999725341797,12.770000457763672,1563.77001953125,82.87999725341797,1595.800048828125,1.906000018119812,0.07199999690055847,,yfinance
2013-03-27,109.69000244140625,96.58000183105469,2.9154000282287598,13.149999618530273,1562.8499755859375,83.20999908447266,1606.199951171875,1.8509999513626099,0.07999999821186066,,yfinance
2013-03-28,110.0199966430664,97.2300033569336,,12.699999809265137,1569.18994140625,82.98999786376953,1594.800048828125,1.8519999980926514,0.06499999761581421,,yfinance
2013-04-01,111.08000183105469,97.06999969482422,3.068700075149536,13.579999923706055,1562.1700439453125,82.7300033569336,1600.0,1.840000033378601,0.06499999761581421,,yfinance
2013-04-02,110.69000244140625,97.19000244140625,3.087399959564209,12.779999732971191,1570.25,82.94000244140625,1575.0999755859375,1.8609999418258667,0.06800000369548798,,yfinance
2013-04-03,107.11000061035156,94.44999694824219,3.002000093460083,14.210000038146973,1553.68994140625,82.72000122070312,1552.800048828125,1.812000036239624,0.054999999701976776,,yfinance
2013-04-04,106.33999633789062,93.26000213623047,2.963599920272827,13.890000343322754,1559.97998046875,82.68000030517578,1551.800048828125,1.7589999437332153,0.06499999761581421,,yfinance
2013-04-05,104.12000274658203,92.69999694824219,2.9098000526428223,13.920000076293945,1553.280029296875,82.5,1575.4000244140625,1.694000005722046,0.05999999865889549,,yfinance
2013-04-08,104.66000366210938,93.36000061035156,2.953700065612793,13.1899995803833,1563.0699462890625,82.75,1572.0,1.7319999933242798,0.054999999701976776,,yfinance
2013-04-09,106.2300033569336,94.19999694824219,2.9612998962402344,12.84000015258789,1568.6099853515625,82.30999755859375,1586.199951171875,1.746999979019165,0.06300000101327896,,yfinance
2013-04-10,105.79000091552734,94.63999938964844,2.9479000568389893,12.359999656677246,1587.72998046875,82.52999877929688,1558.300048828125,1.8049999475479126,0.06499999761581421,,yfinance
2013-04-11,104.2699966430664,93.51000213623047,2.8991000652313232,12.239999771118164,1593.3699951171875,82.25,1564.300048828125,1.7910000085830688,0.06300000101327896,,yfinance
2013-04-12,103.11000061035156,91.29000091552734,2.871799945831299,12.0600004196167,1588.8499755859375,82.30999755859375,1501.0,1.7209999561309814,0.054999999701976776,,yfinance
2013-04-15,100.38999938964844,88.70999908447266,2.829200029373169,17.270000457763672,1552.3599853515625,82.41999816894531,1360.5999755859375,1.7020000219345093,0.054999999701976776,,yfinance
2013-04-16,100.36000061035156,88.72000122070312,2.80649995803833,13.960000038146973,1574.5699462890625,81.75,1386.800048828125,1.718999981880188,0.052000001072883606,,yfinance
2013-04-17,100.36000061035156,86.68000030517578,2.734600067138672,16.510000228881836,1552.010009765625,82.66000366210938,1382.199951171875,1.7039999961853027,0.05000000074505806,,yfinance
2013-04-18,99.12999725341797,87.7300033569336,2.779099941253662,17.559999465942383,1541.6099853515625,82.55000305175781,1392.0,1.684999942779541,0.05000000074505806,,yfinance
2013-04-19,99.6500015258789,88.01000213623047,2.787600040435791,14.970000267028809,1555.25,82.70999908447266,1395.300048828125,1.7029999494552612,0.04500000178813934,,yfinance
2013-04-22,100.38999938964844,88.76000213623047,2.8094000816345215,14.390000343322754,1562.5,82.68000030517578,1421.0,1.6979999542236328,0.04500000178813934,,yfinance
2013-04-23,100.30999755859375,89.18000030517578,2.8117001056671143,13.479999542236328,1578.780029296875,83.02999877929688,1408.5999755859375,1.6979999542236328,0.04500000178813934,,yfinance
2013-04-24,101.7300033569336,91.43000030517578,2.8413000106811523,13.609999656677246,1578.7900390625,82.93000030517578,1423.4000244140625,1.6979999542236328,0.04800000041723251,,yfinance
2013-04-25,103.41000366210938,93.63999938964844,2.901700019836426,13.619999885559082,1585.1600341796875,82.73999786376953,1461.800048828125,1.7109999656677246,0.05000000074505806,,yfinance
2013-04-26,103.16000366210938,93.0,2.90120005607605,13.609999656677246,1582.239990234375,82.4800033569336,1453.5999755859375,1.6629999876022339,0.04500000178813934,,yfinance
2013-04-29,103.80999755859375,94.5,2.900700092315674,13.710000038146973,1593.6099853515625,82.1500015258789,1467.4000244140625,1.6679999828338623,0.04500000178813934,,yfinance
2013-04-30,102.37000274658203,93.45999908447266,2.8733999729156494,13.520000457763672,1597.5699462890625,81.7300033569336,1472.199951171875,1.6749999523162842,0.04500000178813934,,yfinance
2013-05-01,99.94999694824219,91.02999877929688,2.7888998985290527,14.489999771118164,1582.699951171875,81.63999938964844,1446.300048828125,1.6390000581741333,0.05000000074505806,,yfinance
2013-05-02,102.8499984741211,93.98999786376953,2.8554999828338623,13.59000015258789,1597.5899658203125,82.20999908447266,1467.699951171875,1.63100004196167,0.05000000074505806,,yfinance
2013-05-03,104.19000244140625,95.61000061035156,2.884399890899658,12.850000381469727,1614.4200439453125,82.0999984741211,1464.300048828125,1.7519999742507935,0.04500000178813934,,yfinance
2013-05-06,105.45999908447266,96.16000366210938,2.9202001094818115,12.65999984741211,1617.5,82.31999969482422,1468.0999755859375,1.7710000276565552,0.029999999329447746,,yfinance
2013-05-07,104.4000015258789,95.62000274658203,2.9277000427246094,12.829999923706055,1625.9599609375,82.30000305175781,1449.0,1.7829999923706055,0.03500000014901161,,yfinance
2013-05-08,104.33999633789062,96.62000274658203,2.9147000312805176,12.65999984741211,1632.68994140625,81.9000015258789,1473.9000244140625,1.7599999904632568,0.03500000014901161,,yfinance
2013-05-09,104.47000122070312,96.38999938964844,2.9365999698638916,13.130000114440918,1626.6700439453125,82.79000091552734,1468.800048828125,1.812999963760376,0.03500000014901161,,yfinance
2013-05-10,103.91000366210938,96.04000091552734,2.9061999320983887,12.59000015258789,1633.699951171875,83.13999938964844,1436.800048828125,1.899999976158142,0.03500000014901161,,yfinance
2013-05-13,102.81999969482422,95.16999816894531,2.8910000324249268,12.550000190734863,1633.77001953125,83.26000213623047,1434.5,1.9229999780654907,0.03500000014901161,,yfinance
2013-05-14,102.5999984741211,94.20999908447266,2.872999906539917,12.770000457763672,1650.3399658203125,83.56999969482422,1424.699951171875,1.9520000219345093,0.03999999910593033,,yfinance
2013-05-15,103.68000030517578,94.30000305175781,2.8801000118255615,12.8100004196167,1658.780029296875,83.83000183105469,1396.5,1.9429999589920044,0.03700000047683716,,yfinance
2013-05-16,103.80000305175781,95.16000366210938,2.9086999893188477,13.069999694824219,1650.469970703125,83.7699966430664,1387.0999755859375,1.8650000095367432,0.02500000037252903,,yfinance
2013-05-17,103.72000122070312,96.0199966430664,2.937000036239624,12.449999809265137,1667.469970703125,84.27999877929688,1364.9000244140625,1.9490000009536743,0.029999999329447746,,yfinance
2013-05-20,103.72000122070312,96.70999908447266,2.9507999420166016,13.020000457763672,1666.2900390625,83.80999755859375,1384.300048828125,1.965000033378601,0.03500000014901161,,yfinance
2013-05-21,103.91000366210938,96.16000366210938,2.928999900817871,13.369999885559082,1669.1600341796875,83.86000061035156,1377.800048828125,1.944000005722046,0.03999999910593033,,yfinance
2013-05-22,102.5999984741211,94.27999877929688,2.8736000061035156,13.819999694824219,1655.3499755859375,84.25,1367.5999755859375,2.0260000228881836,0.03500000014901161,,yfinance
2013-05-23,102.44000244140625,94.25,2.859999895095825,14.069999694824219,1650.510009765625,83.80000305175781,1392.0,2.0230000019073486,0.03999999910593033,,yfinance
2013-05-24,102.63999938964844,94.1500015258789,2.8568999767303467,13.989999771118164,1649.5999755859375,83.69999694824219,1386.800048828125,2.010999917984009,0.03700000047683716,,yfinance
2013-05-28,104.2300033569336,95.01000213623047,2.906599998474121,14.479999542236328,1660.06005859375,84.13999938964844,1379.0999755859375,2.134999990463257,0.03500000014901161,,yfinance
2013-05-29,102.43000030517578,93.12999725341797,2.869499921798706,14.829999923706055,1648.3599853515625,83.63999938964844,1391.300048828125,2.124000072479248,0.03999999910593033,,yfinance
2013-05-30,102.19000244140625,93.61000061035156,2.843100070953369,14.529999732971191,1654.4100341796875,83.01000213623047,1411.5,2.124000072479248,0.02500000037252903,,yfinance
2013-05-31,100.38999938964844,91.97000122070312,2.79229998588562,16.299999237060547,1630.739990234375,83.37999725341797,1392.5999755859375,2.1640000343322754,0.029999999329447746,,yfinance
2013-06-03,102.05999755859375,93.44999694824219,2.833400011062622,16.280000686645508,1640.4200439453125,82.68000030517578,1411.699951171875,2.134000062942505,0.029999999329447746,,yfinance
2013-06-04,103.23999786376953,93.30999755859375,2.8649001121520996,16.270000457763672,1631.3800048828125,82.7699966430664,1397.0999755859375,2.13700008392334,0.03999999910593033,,yfinance
2013-06-05,103.04000091552734,93.73999786376953,2.8554000854492188,17.5,1608.9000244140625,82.56999969482422,1398.4000244140625,2.0999999046325684,0.04500000178813934,,yfinance
2013-06-06,103.61000061035156,94.76000213623047,2.8714001178741455,16.6299991607666,1622.56005859375,81.5199966430664,1415.699951171875,2.075000047683716,0.04500000178813934,,yfinance
2013-06-07,104.55999755859375,96.02999877929688,2.8931000232696533,15.140000343322754,1643.3800048828125,81.69000244140625,1383.0,2.1610000133514404,0.03999999910593033,,yfinance
2013-06-10,103.94999694824219,95.7699966430664,2.8838000297546387,15.4399995803833,1642.81005859375,81.6500015258789,1386.199951171875,2.2149999141693115,0.03999999910593033,,yfinance
2013-06-11,102.95999908447266,95.37999725341797,2.8575000762939453,17.06999969482422,1626.1300048828125,81.05999755859375,1377.0,2.194999933242798,0.04500000178813934,,yfinance
2013-06-12,103.48999786376953,95.87999725341797,2.89520001411438,18.59000015258789,1612.52001953125,80.95999908447266,1391.800048828125,2.2300000190734863,0.03999999910593033,,yfinance
2013-06-13,104.25,96.69000244140625,2.939500093460083,16.40999984741211,1636.3599853515625,80.62000274658203,1377.5999755859375,2.1740000247955322,0.0430000014603138,,yfinance
2013-06-14,104.29000091552734,97.8499984741211,2.9621999263763428,17.149999618530273,1626.72998046875,80.66999816894531,1387.300048828125,2.125999927520752,0.03999999910593033,,yfinance
2013-06-17,,97.7699966430664,2.9502999782562256,16.799999237060547,1639.0400390625,80.56999969482422,1382.800048828125,2.1710000038146973,0.03999999910593033,,yfinance
2013-06-18,106.0199966430664,98.44000244140625,2.961699962615967,16.610000610351562,1651.81005859375,80.62000274658203,1366.5999755859375,2.181999921798706,0.04500000178813934,,yfinance
2013-06-19,106.12000274658203,98.23999786376953,2.9725000858306885,16.639999389648438,1628.9300537109375,81.43000030517578,1373.5999755859375,2.311000108718872,0.03999999910593033,,yfinance
2013-06-20,102.1500015258789,95.4000015258789,2.8722000122070312,20.489999771118164,1588.18994140625,81.83999633789062,1285.9000244140625,2.4189999103546143,0.03999999910593033,,yfinance
2013-06-21,100.91000366210938,93.69000244140625,2.844099998474121,18.899999618530273,1592.4300537109375,82.31999969482422,1291.5999755859375,2.5139999389648438,0.03999999910593033,,yfinance
2013-06-24,101.16000366210938,95.18000030517578,2.8547000885009766,20.110000610351562,1573.0899658203125,82.43000030517578,1276.800048828125,2.5480000972747803,0.03999999910593033,,yfinance
2013-06-25,101.26000213623047,95.31999969482422,2.8584001064300537,18.469999313354492,1588.030029296875,82.58000183105469,1274.800048828125,2.5889999866485596,0.057999998331069946,,yfinance
2013-06-26,101.66000366210938,95.5,2.854300022125244,17.209999084472656,1603.260009765625,82.94999694824219,1229.5999755859375,2.5390000343322754,0.054999999701976776,,yfinance
2013-06-27,102.81999969482422,97.05000305175781,2.889400005340576,16.860000610351562,1613.199951171875,82.91000366210938,1211.4000244140625,2.4830000400543213,0.04500000178813934,,yfinance
2013-06-28,102.16000366210938,96.55999755859375,2.8798000812530518,16.860000610351562,1606.280029296875,83.16999816894531,1223.800048828125,2.4779999256134033,0.029999999329447746,,yfinance
2013-07-01,103.0,97.98999786376953,2.8736000061035156,16.3700008392334,1614.9599609375,82.9800033569336,1255.9000244140625,2.490000009536743,0.009999999776482582,,yfinance
2013-07-02,104.0,99.5999984741211,2.901400089263916,16.440000534057617,1614.0799560546875,83.54000091552734,1243.5999755859375,2.4690001010894775,0.03500000014901161,,yfinance
2013-07-03,105.76000213623047,101.23999786376953,2.951200008392334,16.200000762939453,1615.4100341796875,83.2300033569336,1252.0999755859375,2.500999927520752,0.03500000014901161,,yfinance
2013-07-05,107.72000122070312,103.22000122070312,2.9897000789642334,14.890000343322754,1631.8900146484375,84.41999816894531,1212.9000244140625,2.7149999141693115,0.03500000014901161,,yfinance
2013-07-08,107.43000030517578,103.13999938964844,2.98009991645813,14.779999732971191,1640.4599609375,84.19999694824219,1234.9000244140625,2.6449999809265137,0.03500000014901161,,yfinance
2013-07-09,107.80999755859375,103.52999877929688,2.9856998920440674,14.350000381469727,1652.3199462890625,84.58000183105469,1245.9000244140625,2.630000114440918,0.03500000014901161,,yfinance
2013-07-10,108.51000213623047,106.5199966430664,3.001699924468994,14.210000038146973,1652.6199951171875,84.04000091552734,1247.4000244140625,2.680000066757202,0.029999999329447746,,yfinance
2013-07-11,107.7300033569336,104.91000366210938,2.994999885559082,14.010000228881836,1675.02001953125,82.75,1280.0999755859375,2.5739998817443848,0.029999999329447746,,yfinance
2013-07-12,108.80999755859375,105.94999694824219,3.029400110244751,13.84000015258789,1680.18994140625,82.98999786376953,1277.800048828125,2.6010000705718994,0.029999999329447746,,yfinance
2013-07-15,109.08999633789062,106.31999969482422,3.026099920272827,13.789999961853027,1682.5,83.04000091552734,1283.800048828125,2.555999994277954,0.019999999552965164,,yfinance
2013-07-16,109.4000015258789,106.0,3.0469000339508057,14.420000076293945,1676.260009765625,82.43000030517578,1290.800048828125,2.5320000648498535,0.03500000014901161,,yfinance
2013-07-17,109.36000061035156,106.4800033569336,3.071199893951416,13.779999732971191,1680.9100341796875,82.70999908447266,1277.9000244140625,2.490999937057495,0.02500000037252903,,yfinance
2013-07-18,,108.04000091552734,3.1006999015808105,13.770000457763672,1689.3699951171875,82.81999969482422,1284.5999755859375,2.5339999198913574,0.02199999988079071,,yfinance
2013-07-19,108.06999969482422,108.05000305175781,3.089400053024292,12.539999961853027,1692.0899658203125,82.58000183105469,1293.300048828125,2.490999937057495,0.019999999552965164,,yfinance
2013-07-22,108.1500015258789,106.91000366210938,3.0664000511169434,12.289999961853027,1695.530029296875,82.22000122070312,1336.4000244140625,2.48799991607666,0.004999999888241291,,yfinance
2013-07-23,108.41999816894531,107.2300033569336,3.0692999362945557,12.65999984741211,1692.3900146484375,82.01000213623047,1335.0999755859375,2.5160000324249268,0.019999999552965164,,yfinance
2013-07-24,107.19000244140625,105.38999938964844,3.046999931335449,13.180000305175781,1685.93994140625,82.30000305175781,1319.699951171875,2.5880000591278076,0.019999999552965164,,yfinance
2013-07-25,107.6500015258789,105.48999786376953,3.0350000858306885,12.970000267028809,1690.25,81.97000122070312,1329.0,2.6070001125335693,0.014999999664723873,,yfinance
2013-07-26,107.16999816894531,104.69999694824219,3.0100998878479004,12.720000267028809,1691.6500244140625,81.62000274658203,1321.699951171875,2.561000108718872,0.014999999664723873,,yfinance
2013-07-29,107.44999694824219,104.55000305175781,3.016200065612793,13.390000343322754,1685.3299560546875,81.66000366210938,1328.4000244140625,2.5850000381469727,0.019999999552965164,,yfinance
2013-07-30,106.91000366210938,103.08000183105469,3.006700038909912,13.390000343322754,1685.9599609375,81.83000183105469,1324.0,2.6029999256134033,0.029999999329447746,,yfinance
2013-07-31,107.69999694824219,105.02999877929688,3.043100118637085,13.449999809265137,1685.72998046875,81.44999694824219,1312.4000244140625,2.5929999351501465,0.029999999329447746,,yfinance
2013-08-01,109.54000091552734,107.88999938964844,3.09660005569458,12.9399995803833,1706.8699951171875,82.33999633789062,1311.0,2.7230000495910645,0.03500000014901161,,yfinance
2013-08-02,108.94999694824219,106.94000244140625,3.0713999271392822,11.979999542236328,1709.6700439453125,81.91000366210938,1310.5999755859375,2.6019999980926514,0.029999999329447746,,yfinance
2013-08-05,108.69999694824219,106.55999755859375,3.0522000789642334,11.84000015258789,1707.1400146484375,81.87999725341797,1302.5999755859375,2.640000104904175,0.03500000014901161,,yfinance
2013-08-06,108.18000030517578,105.30000305175781,3.0083000659942627,12.720000267028809,1697.3699951171875,81.5999984741211,1283.199951171875,2.6419999599456787,0.03999999910593033,,yfinance
2013-08-07,107.44000244140625,104.37000274658203,2.964200019836426,12.979999542236328,1690.9100341796875,81.29000091552734,1286.0999755859375,2.5999999046325684,0.03999999910593033,,yfinance
2013-08-08,106.68000030517578,103.4000015258789,2.95740008354187,12.729999542236328,1697.47998046875,81.01000213623047,1310.699951171875,2.5869998931884766,0.04500000178813934,,yfinance
2013-08-09,108.22000122070312,105.97000122070312,2.993499994277954,13.40999984741211,1691.4200439453125,81.12999725341797,1312.9000244140625,2.5799999237060547,0.04800000041723251,,yfinance
2013-08-12,108.97000122070312,106.11000061035156,3.020900011062622,12.8100004196167,1689.469970703125,81.33000183105469,1334.699951171875,2.6050000190734863,0.04800000041723251,,yfinance
2013-08-13,109.81999969482422,106.83000183105469,3.047100067138672,12.3100004196167,1694.1600341796875,81.7300033569336,1321.199951171875,2.7149999141693115,0.052000001072883606,,yfinance
2013-08-14,110.19999694824219,106.8499984741211,3.047800064086914,13.039999961853027,1685.3900146484375,81.69999694824219,1334.0,2.7119998931884766,0.05000000074505806,,yfinance
2013-08-15,111.11000061035156,107.33000183105469,3.0727999210357666,14.729999542236328,1661.3199462890625,81.12999725341797,1361.5999755859375,2.755000114440918,0.04500000178813934,,yfinance
2013-08-16,111.16999816894531,107.45999908447266,3.0831000804901123,14.369999885559082,1655.8299560546875,81.26000213623047,1371.699951171875,2.8289999961853027,0.03999999910593033,,yfinance
2013-08-19,,107.0999984741211,3.071000099182129,15.100000381469727,1646.06005859375,81.2300033569336,1366.199951171875,2.884000062942505,0.03999999910593033,,yfinance
2013-08-20,110.1500015258789,104.97000122070312,3.078399896621704,14.90999984741211,1652.3499755859375,80.91000366210938,1373.0999755859375,2.813999891281128,0.04500000178813934,,yfinance
2013-08-21,109.80999755859375,103.8499984741211,3.0768001079559326,15.9399995803833,1642.800048828125,81.31999969482422,1370.5999755859375,2.8550000190734863,0.032999999821186066,,yfinance
2013-08-22,109.9000015258789,105.02999877929688,3.0699000358581543,14.760000228881836,1656.9599609375,81.48999786376953,1371.199951171875,2.9010000228881836,0.019999999552965164,,yfinance
2013-08-23,111.04000091552734,106.41999816894531,3.0950000286102295,13.979999542236328,1663.5,81.33999633789062,1395.699951171875,2.818000078201294,0.02199999988079071,,yfinance
2013-08-26,110.7300033569336,105.91999816894531,3.0789999961853027,14.989999771118164,1656.780029296875,81.37000274658203,1393.0,2.805000066757202,0.013000000268220901,,yfinance
2013-08-27,114.36000061035156,109.01000213623047,3.160900115966797,16.770000457763672,1630.47998046875,81.16999816894531,1420.5999755859375,2.7209999561309814,0.032999999821186066,,yfinance
2013-08-28,116.61000061035156,110.0999984741211,3.2083001136779785,16.489999771118164,1634.9599609375,81.41999816894531,1419.0,2.7820000648498535,0.029999999329447746,,yfinance
2013-08-29,115.16000366210938,108.80000305175781,3.1849000453948975,16.809999465942383,1638.1700439453125,81.94999694824219,1412.9000244140625,2.750999927520752,0.019999999552965164,,yfinance
2013-08-30,114.01000213623047,107.6500015258789,3.1396000385284424,17.010000228881836,1632.969970703125,82.08999633789062,1396.0999755859375,2.749000072479248,0.019999999552965164,,yfinance
2013-09-03,115.68000030517578,108.54000091552734,3.1482999324798584,16.610000610351562,1639.77001953125,82.36000061035156,1412.0,2.8480000495910645,0.014999999664723873,,yfinance
2013-09-04,114.91000366210938,107.2300033569336,3.1370999813079834,15.880000114440918,1653.0799560546875,82.16999816894531,1389.9000244140625,2.8970000743865967,0.014999999664723873,,yfinance
2013-09-05,115.26000213623047,108.37000274658203,3.139699935913086,15.770000457763672,1655.0799560546875,82.62999725341797,1373.0999755859375,2.9790000915527344,0.014999999664723873,,yfinance
2013-09-06,116.12000274658203,110.52999877929688,3.1637001037597656,15.850000381469727,1655.1700439453125,82.1500015258789,1386.699951171875,2.937999963760376,0.014999999664723873,,yfinance
2013-09-09,113.72000122070312,109.5199966430664,3.118299961090088,15.630000114440918,1671.7099609375,81.79000091552734,1386.800048828125,2.8970000743865967,0.009999999776482582,,yfinance
2013-09-10,111.25,107.38999938964844,3.066800117492676,14.529999732971191,1683.989990234375,81.81999969482422,1364.0999755859375,2.9590001106262207,0.014999999664723873,,yfinance
2013-09-11,111.5,107.55999755859375,3.0717999935150146,13.819999694824219,1689.1300048828125,81.5199966430664,1363.9000244140625,2.9200000762939453,0.014999999664723873,,yfinance
2013-09-12,112.62999725341797,108.5999984741211,3.1164000034332275,14.289999961853027,1683.4200439453125,81.48999786376953,1330.4000244140625,2.9070000648498535,0.009999999776482582,,yfinance
2013-09-13,112.77999877929688,108.20999908447266,3.1136999130249023,14.15999984741211,1687.989990234375,81.44999694824219,1308.4000244140625,2.8980000019073486,0.009999999776482582,,yfinance
2013-09-16,,106.58999633789062,3.063699960708618,14.380000114440918,1697.5999755859375,81.25,1317.9000244140625,2.874000072479248,0.003000000026077032,,yfinance
2013-09-17,,105.41999816894531,2.998300075531006,14.529999732971191,1704.760009765625,81.16999816894531,1309.5,2.8529999256134033,0.004999999888241291,,yfinance
2013-09-18,110.5999984741211,108.06999969482422,3.0404999256134033,13.59000015258789,1725.52001953125,80.23999786376953,1307.800048828125,2.7079999446868896,0.004999999888241291,,yfinance
2013-09-19,108.76000213623047,106.38999938964844,3.003999948501587,13.15999984741211,1722.3399658203125,80.36000061035156,1369.4000244140625,2.747999906539917,0.004999999888241291,,yfinance
2013-09-20,109.22000122070312,104.68000030517578,3.004199981689453,13.119999885559082,1709.9100341796875,80.44000244140625,1332.5,2.7320001125335693,0.004999999888241291,,yfinance
2013-09-23,108.16000366210938,103.58999633789062,2.956199884414673,14.3100004196167,1701.8399658203125,80.44999694824219,1326.9000244140625,2.7139999866485596,0.004999999888241291,,yfinance
2013-09-24,108.63999938964844,103.12999725341797,2.9609999656677246,14.079999923706055,1697.4200439453125,80.55999755859375,1316.0,2.6530001163482666,0.014999999664723873,,yfinance
2013-09-25,108.31999969482422,102.66000366210938,2.973099946975708,14.010000228881836,1692.77001953125,80.33000183105469,1335.9000244140625,2.614000082015991,0.014999999664723873,,yfinance
2013-09-26,109.20999908447266,103.02999877929688,3.003700017929077,14.0600004196167,1698.6700439453125,80.5199966430664,1323.5999755859375,2.6429998874664307,0.003000000026077032,,yfinance
2013-09-27,108.62999725341797,102.87000274658203,2.9900999069213867,15.460000038146973,1691.75,80.2699966430664,1338.4000244140625,2.61899995803833,0.004999999888241291,,yfinance
2013-09-30,108.37000274658203,102.33000183105469,2.9709999561309814,16.600000381469727,1681.550048828125,80.22000122070312,1326.5,2.615000009536743,0.004999999888241291,,yfinance
2013-10-01,107.94000244140625,102.04000091552734,2.9553000926971436,15.539999961853027,1695.0,80.0999984741211,1286.0,2.6459999084472656,0.013000000268220901,,yfinance
2013-10-02,109.19000244140625,104.0999984741211,2.9927000999450684,16.600000381469727,1693.8699951171875,79.87999725341797,1320.5999755859375,2.625999927520752,0.009999999776482582,,yfinance
2013-10-03,109.0,103.30999755859375,3.0032999515533447,17.670000076293945,1678.6600341796875,79.7699966430664,1317.4000244140625,2.6059999465942383,0.019999999552965164,,yfinance
2013-10-04,109.45999908447266,103.83999633789062,2.999000072479248,16.739999771118164,1690.5,80.12000274658203,1309.699951171875,2.6519999504089355,0.017999999225139618,,yfinance
2013-10-07,109.68000030517578,103.02999877929688,3.0092999935150146,19.40999984741211,1676.1199951171875,79.94000244140625,1324.800048828125,2.634000062942505,0.017999999225139618,,yfinance
2013-10-08,110.16000366210938,103.48999786376953,3.0325000286102295,20.34000015258789,1655.449951171875,80.05999755859375,1324.199951171875,2.635999917984009,0.04500000178813934,,yfinance
2013-10-09,109.05999755859375,101.61000061035156,3.017400026321411,19.600000381469727,1656.4000244140625,80.37000274658203,1306.9000244140625,2.6500000953674316,0.03700000047683716,,yfinance
2013-10-10,111.80000305175781,103.01000213623047,3.069999933242798,16.479999542236328,1692.56005859375,80.41999816894531,1296.5999755859375,2.684999942779541,0.03999999910593033,,yfinance
2013-10-11,111.27999877929688,102.0199966430664,3.034899950027466,15.720000267028809,1703.199951171875,80.36000061035156,1268.0,2.681999921798706,0.06300000101327896,,yfinance
2013-10-14,111.04000091552734,102.41000366210938,3.0316998958587646,16.06999969482422,1710.1400146484375,80.26000213623047,1276.4000244140625,2.690999984741211,0.057999998331069946,,yfinance
2013-10-15,109.95999908447266,101.20999908447266,3.0169999599456787,18.65999984741211,1698.06005859375,80.4800033569336,1273.0,2.7200000286102295,0.09200000017881393,,yfinance
2013-10-16,110.86000061035156,102.29000091552734,3.039299964904785,14.710000038146973,1721.5400390625,80.5,1282.0,2.6710000038146973,0.09200000017881393,,yfinance
2013-10-17,110.97000122070312,100.66999816894531,2.990000009536743,13.479999542236328,1733.1500244140625,79.6500015258789,1322.699951171875,2.5869998931884766,0.03700000047683716,,yfinance
2013-10-18,,100.80999755859375,3.035399913787842,13.039999961853027,1744.5,79.63999938964844,1314.4000244140625,2.5889999866485596,0.02500000037252903,,yfinance
2013-10-21,109.63999938964844,99.22000122070312,3.0106000900268555,13.15999984741211,1744.6600341796875,79.68000030517578,1315.699951171875,2.6089999675750732,0.02500000037252903,,yfinance
2013-10-22,109.97000122070312,97.80000305175781,2.997299909591675,13.329999923706055,1754.6700439453125,79.23999786376953,1342.5,2.51200008392334,0.032999999821186066,,yfinance
2013-10-23,107.80000305175781,96.86000061035156,2.92330002784729,13.420000076293945,1746.3800048828125,79.26000213623047,1333.9000244140625,2.484999895095825,0.029999999329447746,,yfinance
2013-10-24,106.98999786376953,97.11000061035156,2.9003000259399414,13.199999809265137,1752.0699462890625,79.19000244140625,1350.199951171875,2.5220000743865967,0.029999999329447746,,yfinance
2013-10-25,106.93000030517578,97.8499984741211,2.9096999168395996,13.09000015258789,1759.77001953125,79.18000030517578,1352.4000244140625,2.503000020980835,0.029999999329447746,,yfinance
2013-10-28,109.61000061035156,98.68000030517578,2.964400053024292,13.3100004196167,1762.1099853515625,79.25,1352.0,2.51200008392334,0.019999999552965164,,yfinance
2013-10-29,109.01000213623047,98.19999694824219,2.964099884033203,13.40999984741211,1771.949951171875,79.62999725341797,1345.199951171875,2.506999969482422,0.03999999910593033,,yfinance
2013-10-30,109.86000061035156,96.7699966430664,2.978600025177002,13.649999618530273,1763.31005859375,79.75,1349.0,2.5269999504089355,0.03500000014901161,,yfinance
2013-10-31,108.83999633789062,96.37999725341797,2.9677999019622803,13.75,1756.5400390625,80.19999694824219,1323.5999755859375,2.5420000553131104,0.032999999821186066,,yfinance
2013-11-01,105.91000366210938,94.61000061035156,2.882200002670288,13.279999732971191,1761.6400146484375,80.7300033569336,1313.0999755859375,2.619999885559082,0.032999999821186066,,yfinance
2013-11-04,106.2300033569336,94.62000274658203,2.8740999698638916,12.930000305175781,1767.9300537109375,80.55000305175781,1314.5999755859375,2.6019999980926514,0.032999999821186066,,yfinance
2013-11-05,105.33000183105469,93.37000274658203,2.8640999794006348,13.270000457763672,1762.969970703125,80.70999908447266,1308.0,2.6619999408721924,0.04500000178813934,,yfinance
2013-11-06,105.23999786376953,94.80000305175781,2.8696000576019287,12.670000076293945,1770.489990234375,80.4800033569336,1317.699951171875,2.640000104904175,0.04500000178813934,,yfinance
2013-11-07,103.45999908447266,94.19999694824219,2.839200019836426,13.90999984741211,1747.1500244140625,80.81999969482422,1308.4000244140625,2.61299991607666,0.04800000041723251,,yfinance
2013-11-08,105.12000274658203,94.5999984741211,2.8719000816345215,12.899999618530273,1770.6099853515625,81.20999908447266,1284.5,2.746000051498413,0.052000001072883606,,yfinance
2013-11-11,106.4000015258789,95.13999938964844,2.8912999629974365,12.529999732971191,1771.8900146484375,81.08999633789062,1281.0,2.750999927520752,0.052000001072883606,,yfinance
2013-11-12,105.80999755859375,93.04000091552734,2.8531999588012695,12.819999694824219,1767.68994140625,81.19000244140625,1271.0999755859375,2.7679998874664307,0.057999998331069946,,yfinance
2013-11-13,107.12000274658203,93.87999725341797,2.897700071334839,12.520000457763672,1782.0,80.93000030517578,1268.300048828125,2.7249999046325684,0.07000000029802322,,yfinance
2013-11-14,108.54000091552734,93.76000213623047,2.9305999279022217,12.369999885559082,1790.6199951171875,80.9800033569336,1286.199951171875,2.7019999027252197,0.06800000369548798,,yfinance
2013-11-15,108.55000305175781,93.83999633789062,2.9388999938964844,12.1899995803833,1798.1800537109375,80.83999633789062,1287.300048828125,2.7090001106262207,0.07000000029802322,,yfinance
2013-11-18,,93.02999877929688,2.9221999645233154,13.100000381469727,1791.530029296875,80.83000183105469,1272.199951171875,2.677999973297119,0.06499999761581421,,yfinance
2013-11-19,106.91999816894531,93.33999633789062,2.9058001041412354,13.390000343322754,1787.8699951171875,80.69999694824219,1273.4000244140625,2.7119998931884766,0.07999999821186066,,yfinance
2013-11-20,108.05999755859375,93.33000183105469,2.9544999599456787,13.399999618530273,1781.3699951171875,81.11000061035156,1257.9000244140625,2.7920000553131104,0.07699999958276749,,yfinance
2013-11-21,110.08000183105469,95.44000244140625,3.006700038909912,12.65999984741211,1795.8499755859375,81.05000305175781,1243.5,2.7839999198913574,0.07000000029802322,,yfinance
2013-11-22,111.05000305175781,94.83999633789062,3.041300058364868,12.260000228881836,1804.760009765625,80.70999908447266,1244.0,2.752000093460083,0.06499999761581421,,yfinance
2013-11-25,111.0,94.08999633789062,3.032099962234497,12.789999961853027,1802.47998046875,80.91999816894531,1241.0999755859375,2.740999937057495,0.05999999865889549,,yfinance
2013-11-26,110.87999725341797,93.68000030517578,3.0443999767303467,12.8100004196167,1802.75,80.61000061035156,1241.4000244140625,2.696000099182129,0.06800000369548798,,yfinance
2013-11-27,111.30999755859375,92.30000305175781,3.0469000339508057,12.979999542236328,1807.22998046875,80.73999786376953,1237.800048828125,2.7360000610351562,0.06300000101327896,,yfinance
2013-11-29,109.69000244140625,92.72000122070312,3.047800064086914,13.699999809265137,1805.81005859375,80.68000030517578,1250.5999755859375,2.740999937057495,0.054999999701976776,,yfinance
2013-12-02,111.44999694824219,93.81999969482422,3.050100088119507,14.229999542236328,1800.9000244140625,80.91000366210938,1222.300048828125,2.8010001182556152,0.05000000074505806,,yfinance
2013-12-03,112.62000274658203,96.04000091552734,3.0650999546051025,14.550000190734863,1795.1500244140625,80.62000274658203,1221.699951171875,2.7750000953674316,0.03500000014901161,,yfinance
2013-12-04,111.87999725341797,97.19999694824219,3.0590999126434326,14.699999809265137,1792.81005859375,80.62999725341797,1248.199951171875,2.8410000801086426,0.052000001072883606,,yfinance
2013-12-05,110.9800033569336,97.37999725341797,3.0495998859405518,15.079999923706055,1785.030029296875,80.2699966430664,1233.199951171875,2.861999988555908,0.04800000041723251,,yfinance
2013-12-06,111.61000061035156,97.6500015258789,3.05649995803833,13.789999961853027,1805.0899658203125,80.2699966430664,1230.300048828125,2.882999897003174,0.052000001072883606,,yfinance
2013-12-09,109.38999938964844,97.33999633789062,3.0143001079559326,13.489999771118164,1808.3699951171875,80.12999725341797,1235.300048828125,2.8570001125335693,0.052000001072883606,,yfinance
2013-12-10,109.37999725341797,98.51000213623047,3.0172998905181885,13.90999984741211,1802.6199951171875,79.97000122070312,1262.4000244140625,2.796999931335449,0.07000000029802322,,yfinance
2013-12-11,109.69999694824219,97.44000244140625,3.021199941635132,15.420000076293945,1782.219970703125,79.88999938964844,1258.5,2.8440001010894775,0.06800000369548798,,yfinance
2013-12-12,108.66999816894531,97.5,2.98009991645813,15.539999961853027,1775.5,80.19999694824219,1226.0,2.877000093460083,0.06300000101327896,,yfinance
2013-12-13,108.83000183105469,96.5999984741211,2.9756999015808105,15.760000228881836,1775.3199462890625,80.20999908447266,1235.699951171875,2.868000030517578,0.05999999865889549,,yfinance
2013-12-16,110.47000122070312,97.4800033569336,2.9902000427246094,16.030000686645508,1786.5400390625,80.06999969482422,1245.5,2.877000093460083,0.057999998331069946,,yfinance
2013-12-17,110.41000366210938,97.22000122070312,2.962899923324585,16.209999084472656,1781.0,80.05999755859375,1231.199951171875,2.8429999351501465,0.06300000101327896,,yfinance
2013-12-18,,97.80000305175781,3.0100998878479004,13.800000190734863,1810.6500244140625,80.11000061035156,1236.0999755859375,2.884999990463257,0.05999999865889549,,yfinance
2013-12-19,110.29000091552734,98.7699966430664,3.030600070953369,14.149999618530273,1809.5999755859375,80.62999725341797,1195.0,2.924999952316284,0.057999998331069946,,yfinance
2013-12-20,111.7699966430664,99.31999969482422,3.0780999660491943,13.789999961853027,1818.3199462890625,80.58000183105469,1205.0999755859375,2.88700008392334,0.054999999701976776,,yfinance
2013-12-23,111.55999755859375,98.91000366210938,3.0601000785827637,13.039999961853027,1827.989990234375,80.44999694824219,1198.4000244140625,2.928999900817871,0.057999998331069946,,yfinance
2013-12-24,111.9000015258789,99.22000122070312,3.0782999992370605,12.479999542236328,1833.3199462890625,80.52999877929688,1205.0999755859375,2.9830000400543213,0.06800000369548798,,yfinance
2013-12-26,111.9800033569336,99.55000305175781,3.0947999954223633,12.329999923706055,1842.02001953125,80.4800033569336,1214.0999755859375,2.990000009536743,0.05999999865889549,,yfinance
2013-12-27,112.18000030517578,100.31999969482422,3.1240999698638916,12.460000038146973,1841.4000244140625,80.38999938964844,1216.0999755859375,3.00600004196167,0.057999998331069946,,yfinance
2013-12-30,111.20999908447266,99.29000091552734,3.077199935913086,13.5600004196167,1841.0699462890625,80.0,1203.0999755859375,2.9760000705718994,0.054999999701976776,,yfinance
2013-12-31,110.80000305175781,98.41999816894531,3.077199935913086,13.720000267028809,1848.3599853515625,80.04000091552734,1201.9000244140625,3.0260000228881836,0.06300000101327896,,yfinance
2014-01-02,107.77999877929688,95.44000244140625,2.9867000579833984,14.229999542236328,1831.97998046875,80.62999725341797,1225.0,2.984999895095825,0.057999998331069946,,yfinance
2014-01-03,106.88999938964844,93.95999908447266,2.9393999576568604,13.760000228881836,1831.3699951171875,80.79000091552734,1238.4000244140625,2.994999885559082,0.057999998331069946,,yfinance
2014-01-06,106.7300033569336,93.43000030517578,2.938800096511841,13.550000190734863,1826.77001953125,80.6500015258789,1237.800048828125,2.9609999656677246,0.04500000178813934,,yfinance
2014-01-07,107.3499984741211,93.66999816894531,2.9593000411987305,12.920000076293945,1837.8800048828125,80.83000183105469,1229.4000244140625,2.937000036239624,0.0430000014603138,,yfinance
2014-01-08,107.1500015258789,92.33000183105469,2.949399948120117,12.869999885559082,1837.489990234375,81.04000091552734,1225.300048828125,2.993000030517578,0.03999999910593033,,yfinance
2014-01-09,106.38999938964844,91.66000366210938,2.9214000701904297,12.890000343322754,1838.1300048828125,81.01000213623047,1229.300048828125,2.9630000591278076,0.032999999821186066,,yfinance
2014-01-10,107.25,92.72000122070312,2.940700054168701,12.140000343322754,1842.3699951171875,80.66000366210938,1246.699951171875,2.859999895095825,0.032999999821186066,,yfinance
2014-01-13,106.75,91.80000305175781,2.933300018310547,13.279999732971191,1819.199951171875,80.51000213623047,1250.9000244140625,2.8269999027252197,0.029999999329447746,,yfinance
2014-01-14,106.38999938964844,92.58999633789062,2.936300039291382,12.279999732971191,1838.8800048828125,80.61000061035156,1245.199951171875,2.86899995803833,0.032999999821186066,,yfinance
2014-01-15,107.12999725341797,94.16999816894531,2.979599952697754,12.279999732971191,1848.3800048828125,81.0,1238.0999755859375,2.884000062942505,0.03500000014901161,,yfinance
2014-01-16,107.08999633789062,93.95999908447266,2.984499931335449,12.529999732971191,1845.8900146484375,80.9000015258789,1240.0,2.8429999351501465,0.029999999329447746,,yfinance
2014-01-17,107.05999755859375,94.37000274658203,3.023699998855591,12.4399995803833,1838.699951171875,81.26000213623047,1251.699951171875,2.8269999027252197,0.029999999329447746,,yfinance
2014-01-21,,94.98999786376953,3.014699935913086,12.869999885559082,1843.800048828125,81.0999984741211,1242.300048828125,2.825000047683716,0.02800000086426735,,yfinance
2014-01-22,108.2699966430664,96.7300033569336,3.037899971008301,12.84000015258789,1844.8599853515625,81.16999816894531,1239.0,2.859999895095825,0.029999999329447746,,yfinance
2014-01-23,107.58000183105469,97.31999969482422,3.0764999389648438,13.770000457763672,1828.4599609375,80.44000244140625,1262.5999755859375,2.7730000019073486,0.029999999329447746,,yfinance
2014-01-24,107.87999725341797,96.63999938964844,3.137399911880493,18.139999389648438,1790.2900390625,80.45999908447266,1264.5,2.734999895095825,0.032999999821186066,,yfinance
2014-01-27,106.69000244140625,95.72000122070312,3.092400074005127,17.420000076293945,1781.56005859375,80.5,1263.5999755859375,2.7660000324249268,0.04800000041723251,,yfinance
2014-01-28,107.41000366210938,97.41000366210938,3.121799945831299,15.800000190734863,1792.5,80.56999969482422,1251.0,2.746000051498413,0.04500000178813934,,yfinance
2014-01-29,107.8499984741211,97.36000061035156,3.1816000938415527,17.350000381469727,1774.199951171875,80.51000213623047,1262.199951171875,2.674999952316284,0.03999999910593033,,yfinance
2014-01-30,107.94999694824219,98.2300033569336,3.2170000076293945,17.290000915527344,1794.18994140625,81.08999633789062,1242.199951171875,2.693000078201294,0.014999999664723873,,yfinance
2014-01-31,106.4000015258789,97.48999786376953,3.279400110244751,18.40999984741211,1782.5899658203125,81.2699966430664,1240.0999755859375,2.6679999828338623,0.009999999776482582,,yfinance
2014-02-03,106.04000091552734,96.43000030517578,3.007499933242798,21.440000534057617,1741.8900146484375,81.01000213623047,1260.4000244140625,2.5810000896453857,0.019999999552965164,,yfinance
2014-02-04,105.77999877929688,97.19000244140625,2.9828999042510986,19.110000610351562,1755.199951171875,81.12000274658203,1251.699951171875,2.624000072479248,0.054999999701976776,,yfinance
2014-02-05,106.25,97.37999725341797,2.996799945831299,19.950000762939453,1751.6400146484375,81.02999877929688,1257.300048828125,2.6670000553131104,0.054999999701976776,,yfinance
2014-02-06,107.19000244140625,97.83999633789062,2.9951000213623047,17.229999542236328,1773.4300537109375,80.88999938964844,1257.5999755859375,2.7019999027252197,0.05999999865889549,,yfinance
2014-02-07,109.56999969482422,99.87999725341797,3.050299882888794,15.289999961853027,1797.02001953125,80.69000244140625,1263.300048828125,2.674999952316284,0.07199999690055847,,yfinance
2014-02-10,108.62999725341797,100.05999755859375,2.9981000423431396,15.260000228881836,1799.8399658203125,80.66999816894531,1274.800048828125,2.677999973297119,0.054999999701976776,,yfinance
2014-02-11,108.68000030517578,99.94000244140625,3.02810001373291,14.510000228881836,1819.75,80.62999725341797,1290.0999755859375,2.7190001010894775,0.04500000178813934,,yfinance
2014-02-12,108.79000091552734,100.37000274658203,3.012500047683716,14.300000190734863,1819.260009765625,80.68000030517578,1295.300048828125,2.763000011444092,0.0430000014603138,,yfinance
2014-02-13,108.7300033569336,100.3499984741211,3.0306999683380127,14.140000343322754,1829.8299560546875,80.29000091552734,1300.4000244140625,2.7360000610351562,0.02500000037252903,,yfinance
2014-02-14,108.7300033569336,100.30000305175781,3.078200101852417,13.569999694824219,1838.6300048828125,80.12999725341797,1319.0,2.746000051498413,0.009999999776482582,,yfinance
2014-02-18,,102.43000030517578,3.1017000675201416,13.869999885559082,1840.760009765625,80.01000213623047,1324.699951171875,2.7109999656677246,0.014999999664723873,,yfinance
2014-02-19,110.47000122070312,103.30999755859375,3.1468000411987305,15.5,1828.75,80.16999816894531,1320.5999755859375,2.7339999675750732,0.04500000178813934,,yfinance
2014-02-20,110.30000305175781,102.91999816894531,3.1777000427246094,14.789999961853027,1839.780029296875,80.29000091552734,1317.0999755859375,2.753999948501587,0.03999999910593033,,yfinance
2014-02-21,109.8499984741211,102.19999694824219,3.0992000102996826,14.680000305175781,1836.25,80.23999786376953,1323.9000244140625,2.7339999675750732,0.03500000014901161,,yfinance
2014-02-24,110.63999938964844,102.81999969482422,3.0871999263763428,14.229999542236328,1847.6099853515625,80.20999908447266,1338.300048828125,2.75,0.032999999821186066,,yfinance
2014-02-25,109.51000213623047,101.83000183105469,3.104300022125244,13.670000076293945,1845.1199951171875,80.1500015258789,1343.0,2.7009999752044678,0.03999999910593033,,yfinance
2014-02-26,109.5199966430664,102.58999633789062,3.1280999183654785,14.350000381469727,1845.1600341796875,80.41000366210938,1328.199951171875,2.6730000972747803,0.03999999910593033,,yfinance
2014-02-27,108.95999908447266,102.4000015258789,3.0864999294281006,14.039999961853027,1854.2900390625,80.29000091552734,1331.5999755859375,2.6419999599456787,0.03500000014901161,,yfinance
2014-02-28,109.06999969482422,102.58999633789062,3.0892999172210693,14.0,1859.449951171875,79.77999877929688,1321.4000244140625,2.6579999923706055,0.0430000014603138,,yfinance
2014-03-03,111.19999694824219,104.91999816894531,3.0804998874664307,16.0,1845.72998046875,80.06999969482422,1350.0999755859375,2.6070001125335693,0.0430000014603138,,yfinance
2014-03-04,109.30000305175781,103.33000183105469,3.0406999588012695,14.100000381469727,1873.9100341796875,80.16000366210938,1337.800048828125,2.690999984741211,0.04800000041723251,,yfinance
2014-03-05,107.76000213623047,101.44999694824219,2.9921998977661133,13.890000343322754,1873.81005859375,80.11000061035156,1340.199951171875,2.697999954223633,0.05000000074505806,,yfinance
2014-03-06,108.0999984741211,101.55999755859375,2.9830000400543213,14.210000038146973,1877.030029296875,79.68000030517578,1351.699951171875,2.736999988555908,0.04500000178813934,,yfinance
2014-03-07,109.0,102.58000183105469,3.0120999813079834,14.109999656677246,1878.0400390625,79.72000122070312,1338.0999755859375,2.7899999618530273,0.04500000178813934,,yfinance
2014-03-10,108.08000183105469,101.12000274658203,2.967400074005127,14.199999809265137,1877.1700439453125,79.75,1341.4000244140625,2.7839999198913574,0.03999999910593033,,yfinance
2014-03-11,108.55000305175781,100.02999877929688,2.9609999656677246,14.800000190734863,1867.6300048828125,79.7699966430664,1346.5,2.7660000324249268,0.04500000178813934,,yfinance
2014-03-12,108.0199966430664,97.98999786376953,2.92549991607666,14.470000267028809,1868.199951171875,79.61000061035156,1370.300048828125,2.7260000705718994,0.03999999910593033,,yfinance
2014-03-13,107.38999938964844,98.19999694824219,2.919600009918213,16.219999313354492,1846.3399658203125,79.62000274658203,1372.199951171875,2.6530001163482666,0.03999999910593033,,yfinance
2014-03-14,108.56999969482422,98.88999938964844,2.9430999755859375,17.81999969482422,1841.1300048828125,79.44000244140625,1379.0,2.6449999809265137,0.03999999910593033,,yfinance
2014-03-17,108.54000091552734,98.08000183105469,2.8907999992370605,15.640000343322754,1858.8299560546875,79.38999938964844,1372.9000244140625,2.6989998817443848,0.0430000014603138,,yfinance
2014-03-18,106.79000091552734,99.69999694824219,2.9154999256134033,14.520000457763672,1872.25,79.41000366210938,1359.0,2.680999994277954,0.05000000074505806,,yfinance
2014-03-19,105.8499984741211,100.37000274658203,2.9010000228881836,15.119999885559082,1860.77001953125,79.98999786376953,1341.4000244140625,2.7720000743865967,0.05000000074505806,,yfinance
2014-03-20,106.44999694824219,99.43000030517578,2.921299934387207,14.520000457763672,1872.010009765625,80.20999908447266,1330.5,2.7750000953674316,0.052000001072883606,,yfinance
2014-03-21,106.91999816894531,99.45999908447266,2.920099973678589,15.0,1866.52001953125,80.11000061035156,1336.0,2.75,0.04500000178813934,,yfinance
2014-03-24,106.80999755859375,99.5999984741211,2.911600112915039,15.09000015258789,1857.43994140625,79.93000030517578,1311.199951171875,2.7330000400543213,0.0430000014603138,,yfinance
2014-03-25,106.98999786376953,99.19000244140625,2.9214999675750732,14.020000457763672,1865.6199951171875,79.94000244140625,1311.4000244140625,2.734999895095825,0.04500000178813934,,yfinance
2014-03-26,107.02999877929688,100.26000213623047,2.9193999767303467,14.930000305175781,1852.56005859375,79.9800033569336,1303.4000244140625,2.7009999752044678,0.03700000047683716,,yfinance
2014-03-27,107.83000183105469,101.27999877929688,2.947700023651123,14.619999885559082,1849.0400390625,80.11000061035156,1294.699951171875,2.671999931335449,0.032999999821186066,,yfinance
2014-03-28,108.06999969482422,101.66999816894531,2.957900047302246,14.40999984741211,1857.6199951171875,80.18000030517578,1293.800048828125,2.7119998931884766,0.032999999821186066,,yfinance
2014-03-31,107.76000213623047,101.58000183105469,2.931999921798706,13.880000114440918,1872.3399658203125,80.0999984741211,1283.4000244140625,2.7230000495910645,0.02800000086426735,,yfinance
2014-04-01,105.62000274658203,99.73999786376953,2.8877999782562256,13.100000381469727,1885.52001953125,80.08000183105469,1279.5999755859375,2.759000062942505,0.029999999329447746,,yfinance
2014-04-02,104.79000091552734,99.62000274658203,2.8666000366210938,13.09000015258789,1890.9000244140625,80.22000122070312,1290.5,2.802999973297119,0.017999999225139618,,yfinance
2014-04-03,106.1500015258789,100.29000091552734,2.9061999320983887,13.369999885559082,1888.77001953125,80.47000122070312,1284.4000244140625,2.7899999618530273,0.014999999664723873,,yfinance
2014-04-04,106.72000122070312,101.13999938964844,2.907900094985962,13.960000038146973,1865.0899658203125,80.41999816894531,1303.199951171875,2.7260000705718994,0.019999999552965164,,yfinance
2014-04-07,105.81999969482422,100.44000244140625,2.890700101852417,15.569999694824219,1845.0400390625,80.22000122070312,1298.0,2.694999933242798,0.019999999552965164,,yfinance
2014-04-08,107.66999816894531,102.55999755859375,2.9344000816345215,14.890000343322754,1851.9599609375,79.75,1308.699951171875,2.680999994277954,0.02500000037252903,,yfinance
2014-04-09,107.9800033569336,103.5999984741211,2.9539999961853027,13.819999694824219,1872.1800537109375,79.4800033569336,1305.5,2.684000015258789,0.02800000086426735,,yfinance
2014-04-10,107.45999908447266,103.4000015258789,2.938999891281128,15.890000343322754,1833.0799560546875,79.37999725341797,1320.0999755859375,2.628000020980835,0.02800000086426735,,yfinance
2014-04-11,107.33000183105469,103.73999786376953,2.933199882507324,17.030000686645508,1815.68994140625,79.44999694824219,1318.699951171875,2.61899995803833,0.029999999329447746,,yfinance
2014-04-14,109.06999969482422,104.05000305175781,2.979099988937378,16.110000610351562,1830.6099853515625,79.7300033569336,1327.199951171875,2.6389999389648438,0.029999999329447746,,yfinance
2014-04-15,108.73999786376953,103.75,2.986999988555908,15.609999656677246,1842.97998046875,79.80000305175781,1300.0,2.628000020980835,0.029999999329447746,,yfinance
2014-04-16,108.80000305175781,103.76000213623047,3.0106000900268555,14.180000305175781,1862.31005859375,79.81999969482422,1303.0999755859375,2.63700008392334,0.02500000037252903,,yfinance
2014-04-17,109.52999877929688,104.30000305175781,3.00819993019104,13.359999656677246,1864.8499755859375,79.83000183105469,1293.4000244140625,2.7209999561309814,0.02500000037252903,,yfinance
2014-04-21,109.94999694824219,104.37000274658203,3.011699914932251,13.25,1871.8900146484375,79.94999694824219,1288.0,2.7209999561309814,0.02500000037252903,,yfinance
2014-04-22,109.2699966430664,102.12999725341797,3.0025999546051025,13.1899995803833,1879.550048828125,79.91000366210938,1280.5999755859375,2.7260000705718994,0.02500000037252903,,yfinance
2014-04-23,109.11000061035156,101.44000244140625,2.9809000492095947,13.270000457763672,1875.3900146484375,79.86000061035156,1284.199951171875,2.686000108718872,0.014999999664723873,,yfinance
2014-04-24,110.33000183105469,101.94000244140625,3.0144999027252197,13.319999694824219,1878.6099853515625,79.80000305175781,1290.5,2.687999963760376,0.007000000216066837,,yfinance
2014-04-25,109.58000183105469,100.5999984741211,2.986599922180176,14.0600004196167,1863.4000244140625,79.7699966430664,1300.699951171875,2.6659998893737793,0.007000000216066837,,yfinance
2014-04-28,108.12000274658203,100.83999633789062,2.951900005340576,13.970000267028809,1869.4300537109375,79.68000030517578,1298.9000244140625,2.677000045776367,0.003000000026077032,,yfinance
2014-04-29,108.9800033569336,101.27999877929688,2.970099925994873,13.710000038146973,1878.3299560546875,79.80999755859375,1296.0,2.694999933242798,0.014999999664723873,,yfinance
2014-04-30,108.06999969482422,99.73999786376953,2.9349000453948975,13.40999984741211,1883.949951171875,79.48999786376953,1295.5999755859375,2.6480000019073486,0.019999999552965164,,yfinance
2014-05-01,107.76000213623047,99.41999816894531,2.9140000343322754,13.25,1883.6800537109375,79.52999877929688,1283.0999755859375,2.6059999465942383,0.017999999225139618,,yfinance
2014-05-02,108.58999633789062,99.76000213623047,2.922300100326538,12.90999984741211,1881.1400146484375,79.5199966430664,1302.5999755859375,2.5910000801086426,0.014999999664723873,,yfinance
2014-05-05,107.72000122070312,99.4800033569336,2.906399965286255,13.289999961853027,1884.6600341796875,79.48999786376953,1309.0,2.6110000610351562,0.014999999664723873,,yfinance
2014-05-06,107.05999755859375,99.5,2.887700080871582,13.800000190734863,1867.719970703125,79.13999938964844,1308.300048828125,2.5950000286102295,0.019999999552965164,,yfinance
2014-05-07,108.12999725341797,100.7699966430664,2.927500009536743,13.399999618530273,1878.2099609375,79.22000122070312,1288.5999755859375,2.5899999141693115,0.019999999552965164,,yfinance
2014-05-08,108.04000091552734,100.26000213623047,2.9202001094818115,13.430000305175781,1875.6300048828125,79.43000030517578,1287.4000244140625,2.6019999980926514,0.02199999988079071,,yfinance
2014-05-09,107.88999938964844,99.98999786376953,2.9068000316619873,12.920000076293945,1878.47998046875,79.9000015258789,1287.300048828125,2.622999906539917,0.02199999988079071,,yfinance
2014-05-12,108.41000366210938,100.58999633789062,2.9184999465942383,12.229999542236328,1896.6500244140625,79.9000015258789,1295.5999755859375,2.6559998989105225,0.019999999552965164,,yfinance
2014-05-13,109.23999786376953,101.69999694824219,2.944000005722046,12.130000114440918,1897.449951171875,80.13999938964844,1294.5999755859375,2.618000030517578,0.019999999552965164,,yfinance
2014-05-14,110.19000244140625,102.37000274658203,2.962599992752075,12.170000076293945,1888.530029296875,80.06999969482422,1305.699951171875,2.5429999828338623,0.019999999552965164,,yfinance
2014-05-15,110.44000244140625,101.5,2.9505999088287354,13.170000076293945,1870.8499755859375,80.0,1293.5,2.502000093460083,0.017999999225139618,,yfinance
2014-05-16,110.41999816894531,102.0199966430664,2.9535999298095703,12.4399995803833,1877.8599853515625,80.04000091552734,1293.300048828125,2.5179998874664307,0.014999999664723873,,yfinance
2014-05-19,109.37000274658203,102.61000061035156,2.9409000873565674,12.420000076293945,1885.0799560546875,79.98999786376953,1293.699951171875,2.5360000133514404,0.017999999225139618,,yfinance
2014-05-20,109.69000244140625,102.44000244140625,2.949199914932251,12.960000038146973,1872.8299560546875,80.04000091552734,1294.5,2.509000062942505,0.02500000037252903,,yfinance
2014-05-21,110.55000305175781,104.06999969482422,2.9532999992370605,11.90999984741211,1888.030029296875,80.0999984741211,1288.0,2.5369999408721924,0.02500000037252903,,yfinance
2014-05-22,110.36000061035156,103.73999786376953,2.950700044631958,12.029999732971191,1892.489990234375,80.25,1294.9000244140625,2.555000066757202,0.02800000086426735,,yfinance
2014-05-23,110.54000091552734,104.3499984741211,2.954900026321411,11.359999656677246,1900.530029296875,80.38999938964844,1291.5999755859375,2.5360000133514404,0.02800000086426735,,yfinance
2014-05-27,110.0199966430664,104.11000061035156,2.9398999214172363,11.510000228881836,1911.9100341796875,80.3499984741211,1265.4000244140625,2.5179998874664307,0.02800000086426735,,yfinance
2014-05-28,109.80999755859375,102.72000122070312,2.9305999279022217,11.680000305175781,1909.780029296875,80.56999969482422,1259.300048828125,2.437999963760376,0.02800000086426735,,yfinance
2014-05-29,109.97000122070312,103.58000183105469,2.9189999103546143,11.569999694824219,1920.030029296875,80.48999786376953,1256.300048828125,2.447000026702881,0.029999999329447746,,yfinance
2014-05-30,109.41000366210938,102.70999908447266,2.8845999240875244,11.399999618530273,1923.5699462890625,80.37000274658203,1245.5999755859375,2.4570000171661377,0.029999999329447746,,yfinance
2014-06-02,108.83000183105469,102.47000122070312,2.8773000240325928,11.579999923706055,1924.969970703125,80.63999938964844,1243.699951171875,2.5339999198913574,0.02500000037252903,,yfinance
2014-06-03,108.81999969482422,102.66000366210938,2.865799903869629,11.869999885559082,1924.239990234375,80.55000305175781,1244.300048828125,2.5929999351501465,0.029999999329447746,,yfinance
2014-06-04,108.4000015258789,102.63999938964844,2.848099946975708,12.079999923706055,1927.8800048828125,80.66999816894531,1244.0,2.6059999465942383,0.029999999329447746,,yfinance
2014-06-05,108.79000091552734,102.4800033569336,2.879699945449829,11.680000305175781,1940.4599609375,80.37000274658203,1253.0,2.5840001106262207,0.029999999329447746,,yfinance
2014-06-06,108.61000061035156,102.66000366210938,2.8712000846862793,10.729999542236328,1949.43994140625,80.41000366210938,1252.0999755859375,2.5969998836517334,0.02800000086426735,,yfinance
2014-06-09,109.98999786376953,104.41000366210938,2.891200065612793,11.149999618530273,1951.27001953125,80.6500015258789,1253.5,2.61299991607666,0.029999999329447746,,yfinance
2014-06-10,109.5199966430664,104.3499984741211,2.8840999603271484,10.989999771118164,1950.7900390625,80.81999969482422,1259.800048828125,2.634999990463257,0.03500000014901161,,yfinance
2014-06-11,109.94999694824219,104.4000015258789,2.9042999744415283,11.600000381469727,1943.8900146484375,80.79000091552734,1260.800048828125,2.640000104904175,0.032999999821186066,,yfinance
2014-06-12,113.0199966430664,106.52999877929688,2.989300012588501,12.5600004196167,1930.1099853515625,80.58000183105469,1273.5999755859375,2.5859999656677246,0.032999999821186066,,yfinance
2014-06-13,113.41000366210938,106.91000366210938,2.987600088119507,12.180000305175781,1936.1600341796875,80.58000183105469,1273.699951171875,2.6040000915527344,0.029999999329447746,,yfinance
2014-06-16,113.22000122070312,106.9000015258789,2.9979000091552734,12.649999618530273,1937.780029296875,80.47000122070312,1274.9000244140625,2.5969998836517334,0.02500000037252903,,yfinance
2014-06-17,113.44999694824219,106.36000061035156,3.0179998874664307,12.0600004196167,1941.989990234375,80.62999725341797,1271.699951171875,2.6549999713897705,0.032999999821186066,,yfinance
2014-06-18,114.26000213623047,105.97000122070312,3.04010009765625,10.609999656677246,1956.97998046875,80.58000183105469,1272.4000244140625,2.61299991607666,0.017999999225139618,,yfinance
2014-06-19,115.05999755859375,106.43000030517578,3.0524001121520996,10.619999885559082,1959.47998046875,80.31999969482422,1313.699951171875,2.621999979019165,0.009999999776482582,,yfinance
2014-06-20,114.80999755859375,107.26000213623047,3.0511999130249023,10.850000381469727,1962.8699951171875,80.37000274658203,1316.199951171875,2.624000072479248,0.009999999776482582,,yfinance
2014-06-23,114.12000274658203,106.16999816894531,3.032599925994873,10.979999542236328,1962.6099853515625,80.26000213623047,1318.0,2.622999906539917,0.004999999888241291,,yfinance
2014-06-24,114.45999908447266,106.02999877929688,3.041599988937378,12.130000114440918,1949.97998046875,80.33000183105469,1320.9000244140625,2.5859999656677246,0.02199999988079071,,yfinance
2014-06-25,114.0,106.5,3.0297999382019043,11.59000015258789,1959.530029296875,80.22000122070312,1322.199951171875,2.559000015258789,0.019999999552965164,,yfinance
2014-06-26,113.20999908447266,105.83999633789062,3.0137999057769775,11.630000114440918,1957.219970703125,80.2300033569336,1316.0999755859375,2.5250000953674316,0.02500000037252903,,yfinance
2014-06-27,113.30000305175781,105.73999786376953,2.9976000785827637,11.260000228881836,1960.9599609375,80.04000091552734,1319.0,2.5320000648498535,0.017999999225139618,,yfinance
2014-06-30,112.36000061035156,105.37000274658203,2.9707999229431152,11.569999694824219,1960.22998046875,79.77999877929688,1321.800048828125,2.5160000324249268,0.019999999552965164,,yfinance
2014-07-01,112.29000091552734,105.33999633789062,2.9781999588012695,11.149999618530273,1973.3199462890625,79.81999969482422,1326.4000244140625,2.562999963760376,0.02500000037252903,,yfinance
2014-07-02,111.23999786376953,104.4800033569336,2.9460999965667725,10.819999694824219,1974.6199951171875,79.95999908447266,1330.699951171875,2.628000020980835,0.007000000216066837,,yfinance
2014-07-03,111.0,104.05999755859375,2.9284000396728516,10.319999694824219,1985.43994140625,80.20999908447266,1320.4000244140625,2.6480000019073486,0.003000000026077032,,yfinance
2014-07-07,110.23999786376953,103.52999877929688,2.9144999980926514,11.329999923706055,1977.6500244140625,80.22000122070312,1316.5,2.617000102996826,0.007000000216066837,,yfinance
2014-07-08,108.94000244140625,103.4000015258789,2.8736000061035156,11.979999542236328,1963.7099609375,80.18000030517578,1316.0,2.565000057220459,0.02500000037252903,,yfinance
2014-07-09,108.27999877929688,102.29000091552734,2.8710999488830566,11.649999618530273,1972.8299560546875,79.98999786376953,1323.800048828125,2.546999931335449,0.014999999664723873,,yfinance
2014-07-10,108.66999816894531,102.93000030517578,2.8933000564575195,12.59000015258789,1964.6800537109375,80.12999725341797,1338.699951171875,2.5320000648498535,0.014999999664723873,,yfinance
2014-07-11,106.66000366210938,100.83000183105469,2.8608999252319336,12.079999923706055,1967.5699462890625,80.19000244140625,1337.0,2.5199999809265137,0.014999999664723873,,yfinance
2014-07-14,106.9800033569336,100.91000366210938,2.8729000091552734,11.819999694824219,1977.0999755859375,80.19000244140625,1306.300048828125,2.5490000247955322,0.014999999664723873,,yfinance
2014-07-15,106.0199966430664,99.95999908447266,2.8554999828338623,11.960000038146973,1973.280029296875,80.38999938964844,1296.9000244140625,2.5490000247955322,0.019999999552965164,,yfinance
2014-07-16,105.8499984741211,101.19999694824219,2.857800006866455,11.0,1981.5699462890625,80.55999755859375,1299.5999755859375,2.5380001068115234,0.017999999225139618,,yfinance
2014-07-17,105.95999908447266,103.19000244140625,2.8592000007629395,14.539999961853027,1958.1199951171875,80.5199966430664,1316.699951171875,2.4749999046325684,0.007000000216066837,,yfinance
2014-07-18,107.23999786376953,103.12999725341797,2.8452000617980957,12.0600004196167,1978.219970703125,80.5199966430664,1309.199951171875,2.4839999675750732,0.009999999776482582,,yfinance
2014-07-21,107.68000030517578,104.58999633789062,2.858799934387207,12.8100004196167,1973.6300048828125,80.55999755859375,1313.699951171875,2.4739999771118164,0.013000000268220901,,yfinance
2014-07-22,107.33000183105469,104.41999816894531,2.8541998863220215,12.239999771118164,1983.530029296875,80.77999877929688,1306.0999755859375,2.4660000801086426,0.019999999552965164,,yfinance
2014-07-23,108.02999877929688,103.12000274658203,2.8754000663757324,11.520000457763672,1987.010009765625,80.80999755859375,1304.5,2.4639999866485596,0.019999999552965164,,yfinance
2014-07-24,107.06999969482422,102.06999969482422,2.8708999156951904,11.84000015258789,1987.97998046875,80.87000274658203,1290.5999755859375,2.509000062942505,0.019999999552965164,,yfinance
2014-07-25,108.38999938964844,102.08999633789062,2.9156999588012695,12.6899995803833,1978.3399658203125,81.02999877929688,1303.0999755859375,2.4690001010894775,0.019999999552965164,,yfinance
2014-07-28,107.56999969482422,101.66999816894531,2.8879001140594482,12.5600004196167,1978.9100341796875,81.02999877929688,1303.300048828125,2.490999937057495,0.02500000037252903,,yfinance
2014-07-29,107.72000122070312,100.97000122070312,2.9066998958587646,13.279999732971191,1969.949951171875,81.20999908447266,1298.300048828125,2.4619998931884766,0.02800000086426735,,yfinance
2014-07-30,106.51000213623047,100.2699966430664,2.8905999660491943,13.329999923706055,1970.0699462890625,81.41999816894531,1294.9000244140625,2.553999900817871,0.02800000086426735,,yfinance
2014-07-31,106.0199966430664,98.16999816894531,2.8866000175476074,16.950000762939453,1930.6700439453125,81.45999908447266,1281.300048828125,2.555999994277954,0.017999999225139618,,yfinance
2014-08-01,104.83999633789062,97.87999725341797,2.8661000728607178,17.030000686645508,1925.1500244140625,81.30000305175781,1293.5999755859375,2.505000114440918,0.017999999225139618,,yfinance
2014-08-04,105.41000366210938,98.29000091552734,2.8712000846862793,15.119999885559082,1938.989990234375,81.33000183105469,1287.699951171875,2.490999937057495,0.014999999664723873,,yfinance
2014-08-05,104.61000061035156,97.37999725341797,2.84689998626709,16.8700008392334,1920.2099609375,81.5199966430664,1284.0,2.4830000400543213,0.02500000037252903,,yfinance
2014-08-06,104.58999633789062,96.91999816894531,2.8761000633239746,16.3700008392334,1920.239990234375,81.44000244140625,1306.699951171875,2.4739999771118164,0.019999999552965164,,yfinance
2014-08-07,105.44000244140625,97.33999633789062,2.895699977874756,16.65999984741211,1909.5699462890625,81.5199966430664,1310.800048828125,2.4240000247955322,0.019999999552965164,,yfinance
2014-08-08,105.0199966430664,97.6500015258789,2.8768999576568604,15.770000457763672,1931.5899658203125,81.38999938964844,1308.9000244140625,2.4149999618530273,0.019999999552965164,,yfinance
2014-08-11,104.68000030517578,98.08000183105469,2.879199981689453,14.229999542236328,1936.9200439453125,81.47000122070312,1308.5,2.4200000762939453,0.02500000037252903,,yfinance
2014-08-12,103.0199966430664,97.37000274658203,2.8450000286102295,14.130000114440918,1933.75,81.5,1308.800048828125,2.441999912261963,0.02500000037252903,,yfinance
2014-08-13,104.27999877929688,97.58999633789062,2.901900053024292,12.899999618530273,1946.719970703125,81.5999984741211,1312.800048828125,2.4130001068115234,0.029999999329447746,,yfinance
2014-08-14,102.01000213623047,95.58000183105469,2.819499969482422,12.420000076293945,1955.1800537109375,81.58999633789062,1313.9000244140625,2.4000000953674316,0.02800000086426735,,yfinance
2014-08-15,101.94999694824219,97.3499984741211,2.8480000495910645,13.149999618530273,1955.06005859375,81.41999816894531,1304.5,2.3450000286102295,0.02199999988079071,,yfinance
2014-08-18,101.5999984741211,96.41000366210938,2.805999994277954,12.319999694824219,1971.739990234375,81.58000183105469,1297.699951171875,2.38700008392334,0.02199999988079071,,yfinance
2014-08-19,101.55999755859375,94.4800033569336,2.8171000480651855,12.210000038146973,1981.5999755859375,81.87999725341797,1295.0999755859375,2.4049999713897705,0.02500000037252903,,yfinance
2014-08-20,102.27999877929688,96.06999969482422,2.8257999420166016,11.779999732971191,1986.510009765625,82.25,1293.4000244140625,2.4260001182556152,0.02500000037252903,,yfinance
2014-08-21,102.62999725341797,93.95999908447266,2.8375000953674316,11.760000228881836,1992.3699951171875,82.1500015258789,1273.699951171875,2.4070000648498535,0.014999999664723873,,yfinance
2014-08-22,102.29000091552734,93.6500015258789,2.827899932861328,11.470000267028809,1988.4000244140625,82.33999633789062,1278.5999755859375,2.4030001163482666,0.014999999664723873,,yfinance
2014-08-25,102.6500015258789,93.3499984741211,2.836899995803833,11.699999809265137,1997.9200439453125,82.55000305175781,1277.300048828125,2.38700008392334,0.014999999664723873,,yfinance
2014-08-26,102.5,93.86000061035156,2.8441998958587646,11.630000114440918,2000.02001953125,82.6500015258789,1283.800048828125,2.3910000324249268,0.02500000037252903,,yfinance
2014-08-27,102.72000122070312,93.87999725341797,2.8605000972747803,11.779999732971191,2000.1199951171875,82.43000030517578,1281.9000244140625,2.3610000610351562,0.02500000037252903,,yfinance
2014-08-28,102.45999908447266,94.55000305175781,2.8489999771118164,12.050000190734863,1996.739990234375,82.4800033569336,1288.699951171875,2.3340001106262207,0.02199999988079071,,yfinance
2014-08-29,103.19000244140625,95.95999908447266,2.8568999767303467,12.09000015258789,2003.3699951171875,82.75,1285.800048828125,2.3429999351501465,0.017999999225139618,,yfinance
2014-09-02,100.33999633789062,92.87999725341797,2.7967000007629395,12.25,2002.280029296875,82.98999786376953,1263.699951171875,2.4189999103546143,0.019999999552965164,,yfinance
2014-09-03,102.7699966430664,95.54000091552734,2.865799903869629,12.359999656677246,2000.719970703125,82.87000274658203,1268.9000244140625,2.4100000858306885,0.019999999552965164,,yfinance
2014-09-04,101.83000183105469,94.44999694824219,2.8362998962402344,12.640000343322754,1997.6500244140625,83.81999969482422,1265.0999755859375,2.447999954223633,0.019999999552965164,,yfinance
2014-09-05,100.81999969482422,93.29000091552734,2.819200038909912,12.09000015258789,2007.7099609375,83.76000213623047,1265.800048828125,2.4609999656677246,0.019999999552965164,,yfinance
2014-09-08,100.19999694824219,92.66000366210938,2.8094000816345215,12.65999984741211,2001.5400390625,84.2300033569336,1252.699951171875,2.4690001010894775,0.019999999552965164,,yfinance
2014-09-09,99.16000366210938,92.75,2.7915000915527344,13.5,1988.43994140625,84.27999877929688,1246.800048828125,2.5,0.014999999664723873,,yfinance
2014-09-10,98.04000091552734,91.66999816894531,2.7532999515533447,12.880000114440918,1995.68994140625,84.25,1243.5,2.5339999198913574,0.014999999664723873,,yfinance
2014-09-11,98.08000183105469,92.83000183105469,2.7560999393463135,12.800000190734863,1997.449951171875,84.30000305175781,1237.4000244140625,2.5309998989105225,0.009999999776482582,,yfinance
2014-09-12,97.11000061035156,92.2699966430664,2.740499973297119,13.3100004196167,1985.5400390625,84.23999786376953,1229.9000244140625,2.614000082015991,0.009999999776482582,,yfinance
2014-09-15,96.6500015258789,92.91999816894531,2.7395999431610107,14.119999885559082,1984.1300048828125,84.26000213623047,1233.5999755859375,2.5910000801086426,0.009999999776482582,,yfinance
2014-09-16,96.62999725341797,94.87999725341797,2.7562999725341797,12.729999542236328,1998.97998046875,84.06999969482422,1235.199951171875,2.5889999866485596,0.014999999664723873,,yfinance
2014-09-17,98.97000122070312,94.41999816894531,2.7451000213623047,12.649999618530273,2001.5699462890625,84.69999694824219,1234.4000244140625,2.5999999046325684,0.013000000268220901,,yfinance
2014-09-18,97.69999694824219,93.06999969482422,2.7123000621795654,12.029999732971191,2011.3599853515625,84.31999969482422,1225.699951171875,2.628999948501587,0.009999999776482582,,yfinance
2014-09-19,98.38999938964844,92.41000366210938,2.716599941253662,12.109999656677246,2010.4000244140625,84.80000305175781,1215.300048828125,2.5869998931884766,0.007000000216066837,,yfinance
2014-09-22,96.97000122070312,91.5199966430664,2.6870999336242676,13.6899995803833,1994.2900390625,84.66999816894531,1216.800048828125,2.565999984741211,0.003000000026077032,,yfinance
2014-09-23,96.8499984741211,91.55999755859375,2.683199882507324,14.930000305175781,1982.77001953125,84.66000366210938,1221.0,2.5350000858306885,0.007000000216066837,,yfinance
2014-09-24,96.94999694824219,92.80000305175781,2.6888999938964844,13.270000457763672,1998.300048828125,85.05000305175781,1218.5999755859375,2.569000005722046,0.007000000216066837,,yfinance
2014-09-25,97.0,92.52999877929688,2.6958000659942627,15.640000343322754,1965.989990234375,85.19999694824219,1221.199951171875,2.510999917984009,0.004999999888241291,,yfinance
2014-09-26,97.0,93.54000091552734,2.700500011444092,14.850000381469727,1982.8499755859375,85.63999938964844,1214.0999755859375,2.5350000858306885,0.004999999888241291,,yfinance
2014-09-29,97.19999694824219,94.56999969482422,2.7040998935699463,15.979999542236328,1977.800048828125,85.58999633789062,1217.5,2.490999937057495,0.004999999888241291,,yfinance
2014-09-30,94.66999816894531,91.16000366210938,2.647200107574463,16.309999465942383,1972.2900390625,85.94000244140625,1210.5,2.507999897003174,0.013000000268220901,,yfinance
2014-10-01,94.16000366210938,90.7300033569336,2.655600070953369,16.709999084472656,1946.1600341796875,85.97000122070312,1214.5999755859375,2.4030001163482666,0.013000000268220901,,yfinance
2014-10-02,93.41999816894531,91.01000213623047,2.638000011444092,16.15999984741211,1946.1700439453125,85.5999984741211,1214.199951171875,2.437999963760376,0.009999999776482582,,yfinance
2014-10-03,92.30999755859375,89.73999786376953,2.616300106048584,14.550000190734863,1967.9000244140625,86.69000244140625,1192.199951171875,2.447000026702881,0.009999999776482582,,yfinance
2014-10-06,92.79000091552734,90.33999633789062,2.621299982070923,15.460000038146973,1964.8199462890625,85.70999908447266,1206.699951171875,2.424999952316284,0.009999999776482582,,yfinance
2014-10-07,92.11000061035156,88.8499984741211,2.607300043106079,17.200000762939453,1935.0999755859375,85.66999816894531,1211.699951171875,2.3499999046325684,0.009999999776482582,,yfinance
2014-10-08,91.37999725341797,87.30999755859375,2.575900077819824,15.109999656677246,1968.8900146484375,85.30000305175781,1205.300048828125,2.3299999237060547,0.004999999888241291,,yfinance
2014-10-09,90.05000305175781,85.7699966430664,2.536600112915039,18.760000228881836,1928.2099609375,85.5199966430664,1224.5999755859375,2.3269999027252197,0.004999999888241291,,yfinance
2014-10-10,90.20999908447266,85.81999969482422,2.5601999759674072,21.239999771118164,1906.1300048828125,85.91000366210938,1221.0,2.306999921798706,0.004999999888241291,,yfinance
2014-10-13,88.88999938964844,85.73999786376953,2.55679988861084,24.639999389648438,1874.739990234375,85.43000030517578,1229.300048828125,2.2860000133514404,0.004999999888241291,,yfinance
2014-10-14,85.04000091552734,81.83999633789062,2.4721999168395996,22.790000915527344,1877.699951171875,85.81999969482422,1233.5999755859375,2.2060000896453857,0.004999999888241291,,yfinance
2014-10-15,83.77999877929688,81.77999877929688,2.4586000442504883,25.270000457763672,1862.489990234375,85.1500015258789,1244.0999755859375,2.0899999141693115,0.009999999776482582,,yfinance
2014-10-16,84.47000122070312,82.69999694824219,2.4702999591827393,25.200000762939453,1862.760009765625,85.0,1240.5,2.1530001163482666,0.019999999552965164,,yfinance
2014-10-17,84.54000091552734,82.75,2.4976000785827637,21.989999771118164,1886.760009765625,85.19000244140625,1238.300048828125,2.1989998817443848,0.02199999988079071,,yfinance
2014-10-20,85.4000015258789,82.70999908447266,2.485599994659424,18.56999969482422,1904.010009765625,84.94999694824219,1244.0,2.180999994277954,0.019999999552965164,,yfinance
2014-10-21,86.22000122070312,82.80999755859375,2.513200044631958,16.079999923706055,1941.280029296875,85.30999755859375,1251.0,2.2079999446868896,0.017999999225139618,,yfinance
2014-10-22,84.70999908447266,80.5199966430664,2.473400115966797,17.8700008392334,1927.1099853515625,85.73999786376953,1244.800048828125,2.2290000915527344,0.014999999664723873,,yfinance
2014-10-23,86.83000183105469,82.08999633789062,2.499000072479248,16.530000686645508,1950.8199462890625,85.83999633789062,1228.5,2.2750000953674316,0.014999999664723873,,yfinance
2014-10-24,86.12999725341797,81.01000213623047,2.4818999767303467,16.110000610351562,1964.5799560546875,85.7300033569336,1231.199951171875,2.2730000019073486,0.004999999888241291,,yfinance
2014-10-27,85.83000183105469,81.0,2.4753000736236572,16.040000915527344,1961.6300048828125,85.5,1229.0999755859375,2.256999969482422,0.004999999888241291,,yfinance
2014-10-28,86.02999877929688,81.41999816894531,2.4930999279022217,14.390000343322754,1985.050048828125,85.41000366210938,1229.199951171875,2.2839999198913574,0.014999999664723873,,yfinance
2014-10-29,87.12000274658203,82.19999694824219,2.5350000858306885,15.149999618530273,1982.300048828125,85.94999694824219,1224.300048828125,2.322999954223633,0.014999999664723873,,yfinance
2014-10-30,86.23999786376953,81.12000274658203,2.5127999782562256,14.520000457763672,1994.6500244140625,86.1500015258789,1198.0999755859375,2.305000066757202,0.003000000026077032,,yfinance
2014-10-31,85.86000061035156,80.54000091552734,2.5144999027252197,14.029999732971191,2018.050048828125,86.87999725341797,1171.0999755859375,2.3350000381469727,0.003000000026077032,,yfinance
2014-11-03,84.77999877929688,78.77999877929688,2.4899001121520996,14.729999542236328,2017.81005859375,87.30999755859375,1169.4000244140625,2.3480000495910645,0.003000000026077032,,yfinance
2014-11-04,82.81999969482422,77.19000244140625,2.442699909210205,14.890000343322754,2012.0999755859375,86.9800033569336,1167.4000244140625,2.3420000076293945,0.02199999988079071,,yfinance
2014-11-05,82.94999694824219,78.68000030517578,2.438699960708618,14.170000076293945,2023.5699462890625,87.44000244140625,1145.4000244140625,2.3499999046325684,0.019999999552965164,,yfinance
2014-11-06,82.86000061035156,77.91000366210938,2.458699941635132,13.670000076293945,2031.2099609375,88.01000213623047,1142.300048828125,2.375,0.017999999225139618,,yfinance
2014-11-07,83.38999938964844,78.6500015258789,2.499500036239624,13.119999885559082,2031.9200439453125,87.63999938964844,1169.5999755859375,2.312000036239624,0.017999999225139618,,yfinance
2014-11-10,82.33999633789062,77.4000015258789,2.4693000316619873,12.670000076293945,2038.260009765625,87.80999755859375,1159.5999755859375,2.3589999675750732,0.014999999664723873,,yfinance
2014-11-11,81.66999816894531,77.94000244140625,2.4686999320983887,12.920000076293945,2039.6800537109375,87.52999877929688,1162.800048828125,2.359999895095825,0.014999999664723873,,yfinance
2014-11-12,80.37999725341797,77.18000030517578,2.446899890899658,13.020000457763672,2038.25,87.81999969482422,1158.9000244140625,2.3589999675750732,0.013000000268220901,,yfinance
2014-11-13,77.91999816894531,74.20999908447266,2.3620998859405518,13.789999961853027,2039.3299560546875,87.66999816894531,1161.0999755859375,2.3469998836517334,0.004999999888241291,,yfinance
2014-11-14,77.73999786376953,75.81999969482422,2.416100025177002,13.3100004196167,2039.8199462890625,87.52999877929688,1185.0,2.319999933242798,0.003000000026077032,,yfinance
2014-11-17,79.30999755859375,75.63999938964844,2.403899908065796,13.989999771118164,2041.3199462890625,87.93000030517578,1183.0,2.3399999141693115,0.009999999776482582,,yfinance
2014-11-18,78.47000122070312,74.61000061035156,2.3812999725341797,13.859999656677246,2051.800048828125,87.58000183105469,1196.699951171875,2.322000026702881,0.014999999664723873,,yfinance
2014-11-19,78.0999984741211,74.58000183105469,2.3589999675750732,13.960000038146973,2048.719970703125,87.6500015258789,1193.5999755859375,2.3510000705718994,0.014999999664723873,,yfinance
2014-11-20,79.33000183105469,75.58000183105469,2.380000114440918,13.579999923706055,2052.75,87.58999633789062,1190.699951171875,2.3350000381469727,0.014999999664723873,,yfinance
2014-11-21,80.36000061035156,76.51000213623047,2.4045000076293945,12.899999618530273,2063.5,88.30999755859375,1197.5,2.315000057220459,0.003000000026077032,,yfinance
2014-11-24,79.68000030517578,75.77999877929688,2.3954999446868896,12.619999885559082,2069.409912109375,88.1500015258789,1195.5,2.309999942779541,0.004999999888241291,,yfinance
2014-11-25,78.33000183105469,74.08999633789062,2.3947999477386475,12.25,2067.030029296875,87.91999816894531,1197.0999755859375,2.259999990463257,0.017999999225139618,,yfinance
2014-11-26,77.75,73.69000244140625,2.3965001106262207,12.069999694824219,2072.830078125,87.61000061035156,1196.5999755859375,2.2339999675750732,0.009999999776482582,,yfinance
2014-11-28,70.1500015258789,66.1500015258789,2.230799913406372,13.329999923706055,2067.56005859375,88.36000061035156,1175.199951171875,2.194000005722046,0.004999999888241291,,yfinance
2014-12-01,72.54000091552734,69.0,2.212399959564209,14.15999984741211,2053.43994140625,87.94999694824219,1218.0,2.2179999351501465,0.007000000216066837,,yfinance
2014-12-02,70.54000091552734,66.87999725341797,2.154400110244751,12.850000381469727,2066.550048828125,88.6500015258789,1199.199951171875,2.2850000858306885,0.014999999664723873,,yfinance
2014-12-03,69.91999816894531,67.37999725341797,2.1333999633789062,12.5,2074.330078125,88.95999908447266,1208.5,2.2869999408721924,0.004999999888241291,,yfinance
2014-12-04,69.63999938964844,66.80999755859375,2.1177000999450684,12.380000114440918,2071.919921875,88.69999694824219,1207.5,2.256999969482422,0.013000000268220901,,yfinance
2014-12-05,69.06999969482422,65.83999633789062,2.107800006866455,11.890000343322754,2075.3701171875,89.33000183105469,1190.0999755859375,2.306999921798706,0.009999999776482582,,yfinance
2014-12-08,66.19000244140625,63.04999923706055,2.0548999309539795,14.210000038146973,2060.31005859375,89.04000091552734,1194.699951171875,2.256999969482422,0.004999999888241291,,yfinance
2014-12-09,66.83999633789062,63.81999969482422,2.0840001106262207,15.350000381469727,2059.820068359375,88.69000244140625,1231.5,2.2200000286102295,0.02800000086426735,,yfinance
2014-12-10,64.23999786376953,60.939998626708984,2.0464000701904297,18.530000686645508,2026.1400146484375,88.2699966430664,1228.9000244140625,2.1689999103546143,0.02500000037252903,,yfinance
2014-12-11,63.68000030517578,59.95000076293945,2.0613999366760254,20.079999923706055,2035.3299560546875,88.66000366210938,1225.0999755859375,2.177999973297119,0.02199999988079071,,yfinance
2014-12-12,61.849998474121094,57.810001373291016,2.0160000324249268,21.079999923706055,2002.3299560546875,88.36000061035156,1222.0,2.1029999256134033,0.014999999664723873,,yfinance
2014-12-15,61.060001373291016,55.90999984741211,2.001699924468994,20.420000076293945,1989.6300048828125,88.45999908447266,1207.199951171875,2.115999937057495,0.009999999776482582,,yfinance
2014-12-16,59.86000061035156,55.93000030517578,1.9600000381469727,23.56999969482422,1972.739990234375,88.12999725341797,1193.9000244140625,2.071000099182129,0.029999999329447746,,yfinance
2014-12-17,59.79999923706055,56.470001220703125,2.008500099182129,19.440000534057617,2012.8900146484375,89.12999725341797,1194.300048828125,2.1480000019073486,0.019999999552965164,,yfinance
2014-12-18,59.27000045776367,54.11000061035156,1.9386999607086182,16.809999465942383,2061.22998046875,89.23999786376953,1194.699951171875,2.2039999961853027,0.032999999821186066,,yfinance
2014-12-19,61.380001068115234,56.52000045776367,1.9622000455856323,16.489999771118164,2070.64990234375,89.5999984741211,1195.9000244140625,2.1760001182556152,0.02500000037252903,,yfinance
2014-12-22,60.11000061035156,55.2599983215332,1.9514000415802002,15.25,2078.5400390625,89.7699966430664,1179.699951171875,2.1619999408721924,0.014999999664723873,,yfinance
2014-12-23,61.689998626708984,57.119998931884766,1.9907000064849854,14.800000190734863,2082.169921875,90.05999755859375,1177.9000244140625,2.256999969482422,0.019999999552965164,,yfinance
2014-12-24,60.2400016784668,55.84000015258789,1.9235999584197998,14.369999885559082,2081.8798828125,89.97000122070312,1173.5,2.2639999389648438,0.019999999552965164,,yfinance
2014-12-26,59.45000076293945,54.72999954223633,1.9078999757766724,14.5,2088.77001953125,90.02999877929688,1195.300048828125,2.25,0.009999999776482582,,yfinance
2014-12-29,57.880001068115234,53.61000061035156,1.8490999937057495,15.0600004196167,2090.570068359375,90.19000244140625,1181.699951171875,2.2070000171661377,0.003000000026077032,,yfinance
2014-12-30,57.900001525878906,54.119998931884766,1.8688000440597534,15.920000076293945,2080.35009765625,89.98999786376953,1200.199951171875,2.190000057220459,0.019999999552965164,,yfinance
2014-12-31,57.33000183105469,53.27000045776367,1.84660005569458,19.200000762939453,2058.89990234375,90.2699966430664,1183.9000244140625,2.1700000762939453,0.03700000047683716,,yfinance
2015-01-02,56.41999816894531,52.689998626708984,1.795699954032898,17.790000915527344,2058.199951171875,91.08000183105469,1186.0,2.122999906539917,0.014999999664723873,,yfinance
2015-01-05,53.11000061035156,50.040000915527344,1.7491999864578247,19.920000076293945,2020.5799560546875,91.37999725341797,1203.9000244140625,2.0390000343322754,0.003000000026077032,,yfinance
2015-01-06,51.099998474121094,47.93000030517578,1.726199984550476,21.1200008392334,2002.6099853515625,91.5,1219.300048828125,1.9630000591278076,0.019999999552965164,,yfinance
2015-01-07,51.150001525878906,48.650001525878906,1.6999000310897827,19.309999465942383,2025.9000244140625,91.88999938964844,1210.5999755859375,1.9539999961853027,0.019999999552965164,,yfinance
2015-01-08,50.959999084472656,48.790000915527344,1.7109999656677246,17.010000228881836,2062.139892578125,92.37000274658203,1208.4000244140625,2.0160000324249268,0.017999999225139618,,yfinance
2015-01-09,50.11000061035156,48.36000061035156,1.7029999494552612,17.549999237060547,2044.81005859375,91.94000244140625,1216.0,1.9709999561309814,0.014999999664723873,,yfinance
2015-01-12,47.43000030517578,46.06999969482422,1.654099941253662,19.600000381469727,2028.260009765625,91.9800033569336,1232.699951171875,1.9119999408721924,0.013000000268220901,,yfinance
2015-01-13,46.59000015258789,45.88999938964844,1.6330000162124634,20.559999465942383,2023.030029296875,92.30999755859375,1234.300048828125,1.8899999856948853,0.023000000044703484,,yfinance
2015-01-14,48.689998626708984,48.47999954223633,1.6552000045776367,21.479999542236328,2011.27001953125,92.16000366210938,1234.4000244140625,1.8370000123977661,0.02500000037252903,,yfinance
2015-01-15,47.66999816894531,46.25,1.6232999563217163,22.389999389648438,1992.6700439453125,92.3499984741211,1264.699951171875,1.774999976158142,0.023000000044703484,,yfinance
2015-01-16,47.689998626708984,48.689998626708984,1.6655999422073364,20.950000762939453,2019.4200439453125,92.5199966430664,1276.9000244140625,1.815000057220459,0.017999999225139618,,yfinance
2015-01-20,47.9900016784668,46.38999938964844,1.6266000270843506,19.889999389648438,2022.550048828125,93.05000305175781,1294.199951171875,1.8070000410079956,0.00800000037997961,,yfinance
2015-01-21,49.029998779296875,47.779998779296875,1.646399974822998,18.850000381469727,2032.1199951171875,92.9000015258789,1293.699951171875,1.8530000448226929,0.019999999552965164,,yfinance
2015-01-22,48.52000045776367,46.310001373291016,1.6378999948501587,16.399999618530273,2063.14990234375,94.23999786376953,1300.699951171875,1.8960000276565552,0.014999999664723873,,yfinance
2015-01-23,48.790000915527344,45.59000015258789,1.6467000246047974,16.65999984741211,2051.820068359375,95.0,1292.5999755859375,1.8170000314712524,0.013000000268220901,,yfinance
2015-01-26,48.15999984741211,45.150001525878906,1.639799952507019,15.520000457763672,2057.090087890625,94.80000305175781,1279.4000244140625,1.8279999494552612,0.004999999888241291,,yfinance
2015-01-27,49.599998474121094,46.22999954223633,1.6627999544143677,17.219999313354492,2029.550048828125,94.0199966430664,1291.699951171875,1.8250000476837158,0.017999999225139618,,yfinance
2015-01-28,48.470001220703125,44.45000076293945,1.6318000555038452,20.440000534057617,2002.1600341796875,94.47000122070312,1285.9000244140625,1.7239999771118164,0.014999999664723873,,yfinance
2015-01-29,49.130001068115234,44.529998779296875,1.618399977684021,18.760000228881836,2021.25,94.77999877929688,1254.5999755859375,1.7510000467300415,0.009999999776482582,,yfinance
2015-01-30,52.9900016784668,48.2400016784668,1.6863000392913818,20.969999313354492,1994.989990234375,94.80000305175781,1278.5,1.6749999523162842,0.004999999888241291,,yfinance
2015-02-02,54.75,49.56999969482422,1.7575000524520874,19.43000030517578,2020.8499755859375,94.5,1276.199951171875,1.6729999780654907,0.004999999888241291,,yfinance
2015-02-03,57.90999984741211,53.04999923706055,1.846500039100647,17.329999923706055,2050.030029296875,93.5999984741211,1259.699951171875,1.7799999713897705,0.014999999664723873,,yfinance
2015-02-04,54.15999984741211,48.45000076293945,1.7666000127792358,18.329999923706055,2041.510009765625,93.98999786376953,1263.800048828125,1.7970000505447388,0.004999999888241291,,yfinance
2015-02-05,56.56999969482422,50.47999954223633,1.805899977684021,16.850000381469727,2062.52001953125,94.69999694824219,1262.0,1.815000057220459,0.00800000037997961,,yfinance
2015-02-06,57.79999923706055,51.689998626708984,1.8391000032424927,17.290000915527344,2055.469970703125,94.69999694824219,1233.9000244140625,1.937999963760376,0.014999999664723873,,yfinance
2015-02-09,58.34000015258789,52.86000061035156,1.8729000091552734,18.549999237060547,2046.739990234375,94.44999694824219,1240.800048828125,1.9479999542236328,0.003000000026077032,,yfinance
2015-02-10,56.43000030517578,50.02000045776367,1.8327000141143799,17.229999542236328,2068.590087890625,94.76000213623047,1231.5999755859375,1.9910000562667847,0.004999999888241291,,yfinance
2015-02-11,54.65999984741211,48.84000015258789,1.8141000270843506,16.959999084472656,2068.530029296875,94.98999786376953,1219.0,1.9880000352859497,0.004999999888241291,,yfinance
2015-02-12,57.04999923706055,51.209999084472656,1.913699984550476,15.34000015258789,2088.47998046875,94.08999633789062,1220.0999755859375,1.9859999418258667,0.00800000037997961,,yfinance
2015-02-13,57.38999938964844,52.779998779296875,1.9714000225067139,14.6899995803833,2096.989990234375,94.19999694824219,1226.5,2.0209999084472656,0.004999999888241291,,yfinance
2015-02-17,62.529998779296875,53.529998779296875,1.9773999452590942,15.800000190734863,2100.340087890625,94.05999755859375,1208.0999755859375,2.1449999809265137,0.00800000037997961,,yfinance
2015-02-18,60.529998779296875,52.13999938964844,1.9594000577926636,15.449999809265137,2099.679931640625,94.19999694824219,1199.699951171875,2.065999984741211,0.013000000268220901,,yfinance
2015-02-19,60.209999084472656,51.15999984741211,1.9938000440597534,15.289999961853027,2097.449951171875,94.4000015258789,1207.0999755859375,2.11299991607666,0.013000000268220901,,yfinance
2015-02-20,60.220001220703125,50.34000015258789,2.111799955368042,14.300000190734863,2110.300048828125,94.25,1204.4000244140625,2.132999897003174,0.009999999776482582,,yfinance
2015-02-23,58.900001525878906,49.45000076293945,2.217900037765503,14.5600004196167,2109.659912109375,94.56999969482422,1200.300048828125,2.059000015258789,0.014999999664723873,,yfinance
2015-02-24,58.65999984741211,49.279998779296875,2.028899908065796,13.6899995803833,2115.47998046875,94.48999786376953,1196.9000244140625,1.9880000352859497,0.017999999225139618,,yfinance
2015-02-25,61.630001068115234,50.9900016784668,2.103600025177002,13.84000015258789,2113.860107421875,94.20999908447266,1201.0,1.968999981880188,0.014999999664723873,,yfinance
2015-02-26,60.04999923706055,48.16999816894531,2.1357998847961426,13.90999984741211,2110.739990234375,95.29000091552734,1209.5999755859375,2.0160000324249268,0.013000000268220901,,yfinance
2015-02-27,62.58000183105469,49.7599983215332,2.2988998889923096,13.34000015258789,2104.5,95.25,1212.5999755859375,2.002000093460083,0.00800000037997961,,yfinance
2015-03-02,59.540000915527344,49.59000015258789,1.8873000144958496,13.039999961853027,2117.389892578125,95.45999908447266,1207.699951171875,2.0840001106262207,0.004999999888241291,,yfinance
2015-03-03,61.02000045776367,50.52000045776367,1.9394999742507935,13.859999656677246,2107.780029296875,95.37999725341797,1204.0,2.121999979019165,0.013000000268220901,,yfinance
2015-03-04,60.54999923706055,51.529998779296875,1.9012999534606934,14.229999542236328,2098.530029296875,95.97000122070312,1200.5999755859375,2.122999906539917,0.009999999776482582,,yfinance
2015-03-05,60.47999954223633,50.7599983215332,1.8773000240325928,14.039999961853027,2101.0400390625,96.37999725341797,1195.9000244140625,2.111999988555908,0.003000000026077032,,yfinance
2015-03-06,59.72999954223633,49.61000061035156,1.86899995803833,15.199999809265137,2071.260009765625,97.62000274658203,1164.0999755859375,2.240000009536743,0.004999999888241291,,yfinance
2015-03-09,58.529998779296875,50.0,1.8398000001907349,15.0600004196167,2079.429931640625,97.58999633789062,1166.4000244140625,2.194999933242798,0.004999999888241291,,yfinance
2015-03-10,56.38999938964844,48.290000915527344,1.8135000467300415,16.690000534057617,2044.1600341796875,98.62000274658203,1160.0999755859375,2.125999927520752,0.009999999776482582,,yfinance
2015-03-11,57.540000915527344,48.16999816894531,1.8203999996185303,16.8700008392334,2040.239990234375,99.80000305175781,1150.699951171875,2.1089999675750732,0.013000000268220901,,yfinance
2015-03-12,57.08000183105469,47.04999923706055,1.779099941253662,15.420000076293945,2065.949951171875,99.1500015258789,1152.0999755859375,2.0959999561309814,0.017999999225139618,,yfinance
2015-03-13,54.66999816894531,44.84000015258789,1.7130000591278076,16.0,2053.39990234375,100.33000183105469,1152.5999755859375,2.111999988555908,0.023000000044703484,,yfinance
2015-03-16,53.439998626708984,43.880001068115234,1.6986000537872314,15.609999656677246,2081.18994140625,99.5999984741211,1153.300048828125,2.0980000495910645,0.029999999329447746,,yfinance
2015-03-17,53.43000030517578,43.459999084472656,1.6938999891281128,15.65999984741211,2074.280029296875,99.58999633789062,1148.300048828125,2.058000087738037,0.04800000041723251,,yfinance
2015-03-18,55.90999984741211,44.65999984741211,1.7725000381469727,13.970000267028809,2099.5,98.55000305175781,1151.4000244140625,1.9509999752044678,0.03799999877810478,,yfinance
2015-03-19,54.43000030517578,43.959999084472656,1.7223000526428223,14.069999694824219,2089.27001953125,99.0999984741211,1169.0999755859375,1.9769999980926514,0.009999999776482582,,yfinance
2015-03-20,55.31999969482422,45.720001220703125,1.7343000173568726,13.020000457763672,2108.10009765625,97.91000366210938,1184.800048828125,1.9299999475479126,0.003000000026077032,,yfinance
2015-03-23,55.91999816894531,47.45000076293945,1.7307000160217285,13.40999984741211,2104.419921875,97.02999877929688,1188.0,1.9149999618530273,0.003000000026077032,,yfinance
2015-03-24,55.11000061035156,47.5099983215332,1.7065000534057617,13.619999885559082,2091.5,97.19000244140625,1191.699951171875,1.878000020980835,0.014999999664723873,,yfinance
2015-03-25,56.47999954223633,49.209999084472656,1.7282999753952026,15.4399995803833,2061.050048828125,96.9800033569336,1197.300048828125,1.9199999570846558,0.017999999225139618,,yfinance
2015-03-26,59.189998626708984,51.43000030517578,1.787600040435791,15.800000190734863,2056.14990234375,97.44000244140625,1205.0999755859375,2.006999969482422,0.02800000086426735,,yfinance
2015-03-27,56.40999984741211,48.869998931884766,1.7274999618530273,15.069999694824219,2061.02001953125,97.29000091552734,1199.800048828125,1.9479999542236328,0.029999999329447746,,yfinance
2015-03-30,56.290000915527344,48.68000030517578,1.7311999797821045,14.510000228881836,2086.239990234375,97.9800033569336,1184.800048828125,1.9630000591278076,0.023000000044703484,,yfinance
2015-03-31,55.11000061035156,47.599998474121094,1.717900037765503,15.289999961853027,2067.889892578125,98.36000061035156,1183.0999755859375,1.934000015258789,0.02500000037252903,,yfinance
2015-04-01,57.099998474121094,50.09000015258789,1.746899962425232,15.109999656677246,2059.68994140625,98.19000244140625,1208.0999755859375,1.8680000305175781,0.032999999821186066,,yfinance
2015-04-02,54.95000076293945,49.13999938964844,1.6825000047683716,14.670000076293945,2066.9599609375,97.44000244140625,1200.9000244140625,1.9040000438690186,0.009999999776482582,,yfinance
2015-04-06,58.119998931884766,52.13999938964844,1.764299988746643,14.739999771118164,2080.6201171875,97.11000061035156,1218.5999755859375,1.9040000438690186,0.003000000026077032,,yfinance
2015-04-07,59.099998474121094,53.97999954223633,1.7838000059127808,14.779999732971191,2076.330078125,97.83000183105469,1210.5999755859375,1.8930000066757202,0.014999999664723873,,yfinance
2015-04-08,55.54999923706055,50.41999816894531,1.698099970817566,13.979999542236328,2081.89990234375,98.06999969482422,1203.0999755859375,1.8949999809265137,0.017999999225139618,,yfinance
2015-04-09,56.56999969482422,50.790000915527344,1.7267999649047852,13.09000015258789,2091.179931640625,99.16000366210938,1193.5999755859375,1.9579999446868896,0.019999999552965164,,yfinance
2015-04-10,57.869998931884766,51.63999938964844,1.7661000490188599,12.579999923706055,2102.06005859375,99.38999938964844,1204.5999755859375,1.9509999752044678,0.014999999664723873,,yfinance
2015-04-13,57.93000030517578,51.90999984741211,1.7833000421524048,13.9399995803833,2092.429931640625,99.48999786376953,1199.300048828125,1.9390000104904175,0.004999999888241291,,yfinance
2015-04-14,58.43000030517578,53.290000915527344,1.8016999959945679,13.670000076293945,2095.840087890625,98.76000213623047,1192.800048828125,1.9040000438690186,0.009999999776482582,,yfinance
2015-04-15,60.31999969482422,56.38999938964844,1.888800024986267,12.84000015258789,2106.6298828125,98.33000183105469,1201.5,1.899999976158142,0.014999999664723873,,yfinance
2015-04-16,60.400001525878906,56.709999084472656,1.9079999923706055,12.600000381469727,2104.989990234375,97.41999816894531,1198.0,1.878000020980835,0.009999999776482582,,yfinance
2015-04-17,63.45000076293945,55.7400016784668,1.8824000358581543,13.890000343322754,2081.179931640625,97.5199966430664,1202.9000244140625,1.850000023841858,0.013000000268220901,,yfinance
2015-04-20,63.45000076293945,56.380001068115234,1.8770999908447266,13.300000190734863,2100.39990234375,97.94000244140625,1193.5,1.8949999809265137,0.013000000268220901,,yfinance
2015-04-21,62.08000183105469,55.2599983215332,1.8531999588012695,13.25,2097.2900390625,97.9800033569336,1202.9000244140625,1.9160000085830688,0.019999999552965164,,yfinance
2015-04-22,62.72999954223633,56.15999984741211,1.8708000183105469,12.710000038146973,2107.9599609375,98.0199966430664,1186.9000244140625,1.972000002861023,0.019999999552965164,,yfinance
2015-04-23,64.8499984741211,57.7400016784668,1.9239000082015991,12.479999542236328,2112.929931640625,97.27999877929688,1194.4000244140625,1.9470000267028809,0.019999999552965164,,yfinance
2015-04-24,65.27999877929688,57.150001525878906,1.9283000230789185,12.289999961853027,2117.68994140625,96.91999816894531,1175.199951171875,1.9170000553131104,0.014999999664723873,,yfinance
2015-04-27,64.83000183105469,56.9900016784668,1.9213999509811401,13.119999885559082,2108.919921875,96.7699966430664,1203.300048828125,1.9240000247955322,0.013000000268220901,,yfinance
2015-04-28,64.63999938964844,57.060001373291016,1.916599988937378,12.40999984741211,2114.760009765625,96.08999633789062,1214.0,1.9730000495910645,0.013000000268220901,,yfinance
2015-04-29,65.83999633789062,58.58000183105469,1.948099970817566,13.390000343322754,2106.85009765625,95.12000274658203,1209.800048828125,2.0350000858306885,0.003000000026077032,,yfinance
2015-04-30,66.77999877929688,59.630001068115234,1.9763000011444092,14.550000190734863,2085.510009765625,94.5999984741211,1182.4000244140625,2.0460000038146973,0.004999999888241291,,yfinance
2015-05-01,66.45999908447266,59.150001525878906,1.982200026512146,12.699999809265137,2108.2900390625,95.30000305175781,1174.5,2.117000102996826,0.003000000026077032,,yfinance
2015-05-04,66.44999694824219,58.93000030517578,1.978700041770935,12.850000381469727,2114.489990234375,95.4800033569336,1186.800048828125,2.134999990463257,0.003000000026077032,,yfinance
2015-05-05,67.5199966430664,60.400001525878906,2.0144999027252197,14.3100004196167,2089.4599609375,95.12999725341797,1193.199951171875,2.1760001182556152,0.00800000037997961,,yfinance
2015-05-06,67.7699966430664,60.93000030517578,2.0160999298095703,15.149999618530273,2080.14990234375,94.12999725341797,1190.300048828125,2.240000009536743,0.009999999776482582,,yfinance
2015-05-07,65.54000091552734,58.939998626708984,1.9616999626159668,15.130000114440918,2088.0,94.62000274658203,1182.4000244140625,2.184000015258789,0.004999999888241291,,yfinance
2015-05-08,65.38999938964844,59.38999938964844,1.9536999464035034,12.859999656677246,2116.10009765625,94.79000091552734,1189.0999755859375,2.1500000953674316,0.003000000026077032,,yfinance
2015-05-11,64.91000366210938,59.25,1.9453999996185303,13.850000381469727,2105.330078125,95.01000213623047,1183.199951171875,2.2739999294281006,0.004999999888241291,,yfinance
2015-05-12,66.86000061035156,60.75,1.998900055885315,13.859999656677246,2099.1201171875,94.52999877929688,1192.5999755859375,2.259999990463257,0.013000000268220901,,yfinance
2015-05-13,66.80999755859375,60.5,2.0051000118255615,13.760000228881836,2098.47998046875,93.62000274658203,1218.4000244140625,2.2820000648498535,0.009999999776482582,,yfinance
2015-05-14,66.58999633789062,59.880001068115234,2.0055999755859375,12.739999771118164,2121.10009765625,93.36000061035156,1225.4000244140625,2.239000082015991,0.009999999776482582,,yfinance
2015-05-15,66.56999969482422,59.689998626708984,2.0048000812530518,12.380000114440918,2122.72998046875,93.13999938964844,1225.5,2.1410000324249268,0.009999999776482582,,yfinance
2015-05-18,66.2699966430664,59.43000030517578,1.986799955368042,12.729999542236328,2129.199951171875,94.19000244140625,1227.800048828125,2.2279999256134033,0.00800000037997961,,yfinance
2015-05-19,64.0199966430664,57.2599983215332,1.9292000532150269,12.850000381469727,2127.830078125,95.2699966430664,1206.9000244140625,2.26200008392334,0.009999999776482582,,yfinance
2015-05-20,65.02999877929688,58.97999954223633,1.9459999799728394,12.880000114440918,2125.85009765625,95.44999694824219,1208.9000244140625,2.250999927520752,0.013000000268220901,,yfinance
2015-05-21,66.54000091552734,60.720001220703125,1.9859000444412231,12.109999656677246,2130.820068359375,95.26000213623047,1204.4000244140625,2.184999942779541,0.013000000268220901,,yfinance
2015-05-22,65.37000274658203,59.720001220703125,1.9524999856948853,12.130000114440918,2126.06005859375,96.01000213623047,1204.300048828125,2.2149999141693115,0.009999999776482582,,yfinance
2015-05-26,63.720001220703125,58.029998779296875,1.9002000093460083,14.0600004196167,2104.199951171875,97.30000305175781,1187.199951171875,2.13700008392334,0.009999999776482582,,yfinance
2015-05-27,62.060001373291016,57.5099983215332,1.856600046157837,13.270000457763672,2123.47998046875,97.37000274658203,1185.9000244140625,2.134999990463257,0.013000000268220901,,yfinance
2015-05-28,62.58000183105469,57.68000030517578,1.8703999519348145,13.3100004196167,2120.7900390625,96.97000122070312,1188.0999755859375,2.130000114440918,0.003000000026077032,,yfinance
2015-05-29,65.55999755859375,60.29999923706055,1.955299973487854,13.84000015258789,2107.389892578125,96.91000366210938,1189.4000244140625,2.0950000286102295,0.003000000026077032,,yfinance
2015-06-01,64.87999725341797,60.20000076293945,1.9263999462127686,13.970000267028809,2111.72998046875,97.38999938964844,1188.300048828125,2.191999912261963,0.00800000037997961,,yfinance
2015-06-02,65.48999786376953,61.2599983215332,1.9455000162124634,14.239999771118164,2109.60009765625,95.83999633789062,1194.0999755859375,2.2660000324249268,0.009999999776482582,,yfinance
2015-06-03,63.79999923706055,59.63999938964844,1.891800045967102,13.65999984741211,2114.070068359375,95.47000122070312,1184.699951171875,2.365999937057495,0.009999999776482582,,yfinance
2015-06-04,62.029998779296875,58.0,1.8438999652862549,14.710000038146973,2095.840087890625,95.45999908447266,1174.9000244140625,2.306999921798706,0.004999999888241291,,yfinance
2015-06-05,63.310001373291016,59.130001068115234,1.8696000576019287,14.210000038146973,2092.830078125,96.30999755859375,1167.800048828125,2.4019999504089355,0.009999999776482582,,yfinance
2015-06-08,62.689998626708984,58.13999938964844,1.8547999858856201,15.289999961853027,2079.280029296875,95.30000305175781,1173.199951171875,2.38100004196167,0.009999999776482582,,yfinance
2015-06-09,64.87999725341797,60.13999938964844,1.9178999662399292,14.470000267028809,2080.14990234375,95.16999816894531,1177.300048828125,2.4170000553131104,0.013000000268220901,,yfinance
2015-06-10,65.69999694824219,61.43000030517578,1.9458999633789062,13.220000267028809,2105.199951171875,94.6500015258789,1186.0999755859375,2.4779999256134033,0.013000000268220901,,yfinance
2015-06-11,65.11000061035156,60.77000045776367,1.9210000038146973,12.850000381469727,2108.860107421875,94.9800033569336,1179.9000244140625,2.382999897003174,0.00800000037997961,,yfinance
2015-06-12,63.869998931884766,59.959999084472656,1.88919997215271,13.779999732971191,2094.110107421875,94.97000122070312,1178.800048828125,2.384999990463257,0.004999999888241291,,yfinance
2015-06-15,62.61000061035156,59.52000045776367,1.870300054550171,15.390000343322754,2084.429931640625,94.80999755859375,1185.300048828125,2.3580000400543213,0.003000000026077032,,yfinance
2015-06-16,62.630001068115234,59.970001220703125,1.8848999738693237,14.8100004196167,2096.2900390625,95.0,1180.5,2.318000078201294,0.00800000037997961,,yfinance
2015-06-17,63.869998931884766,59.91999816894531,1.9098000526428223,14.5,2100.43994140625,94.30000305175781,1176.4000244140625,2.305999994277954,0.003000000026077032,,yfinance
2015-06-18,64.26000213623047,60.45000076293945,1.9151999950408936,13.1899995803833,2121.239990234375,94.04000091552734,1201.5,2.3510000705718994,0.003000000026077032,,yfinance
2015-06-19,63.02000045776367,59.61000061035156,1.8668999671936035,13.960000038146973,2109.989990234375,94.08999633789062,1201.5,2.2669999599456787,0.003000000026077032,,yfinance
2015-06-22,63.34000015258789,59.68000030517578,1.8694000244140625,12.739999771118164,2122.85009765625,94.33000183105469,1183.699951171875,2.359999895095825,0.003000000026077032,,yfinance
2015-06-23,64.44999694824219,61.0099983215332,1.9112000465393066,12.109999656677246,2124.199951171875,95.43000030517578,1176.199951171875,2.4089999198913574,0.00800000037997961,,yfinance
2015-06-24,63.4900016784668,60.27000045776367,1.876099944114685,13.260000228881836,2108.580078125,95.26000213623047,1172.5999755859375,2.371000051498413,0.004999999888241291,,yfinance
2015-06-25,63.20000076293945,59.70000076293945,1.8623000383377075,14.010000228881836,2102.31005859375,95.19000244140625,1171.5,2.3929998874664307,0.004999999888241291,,yfinance
2015-06-26,63.2599983215332,59.630001068115234,1.8628000020980835,14.020000457763672,2101.489990234375,95.47000122070312,1172.9000244140625,2.4760000705718994,0.004999999888241291,,yfinance
2015-06-29,62.0099983215332,58.33000183105469,1.8365999460220337,18.850000381469727,2057.639892578125,94.79000091552734,1178.5,2.3310000896453857,0.004999999888241291,,yfinance
2015-06-30,63.59000015258789,59.470001220703125,1.8866000175476074,18.229999542236328,2063.110107421875,95.48999786376953,1171.5,2.3350000381469727,0.009999999776482582,,yfinance
2015-07-01,62.0099983215332,56.959999084472656,1.8393000364303589,16.09000015258789,2077.419921875,96.30999755859375,1169.0,2.4179999828338623,0.003000000026077032,,yfinance
2015-07-02,62.06999969482422,56.93000030517578,1.839900016784668,16.790000915527344,2076.780029296875,96.11000061035156,1163.0,2.3929998874664307,0.003000000026077032,,yfinance
2015-07-06,56.540000915527344,52.529998779296875,1.708899974822998,17.010000228881836,2068.760009765625,96.30000305175781,1172.9000244140625,2.2780001163482666,0.004999999888241291,,yfinance
2015-07-07,56.849998474121094,52.33000183105469,1.711300015449524,16.09000015258789,2081.340087890625,96.87000274658203,1152.4000244140625,2.2309999465942383,0.009999999776482582,,yfinance
2015-07-08,57.04999923706055,51.650001525878906,1.7151999473571777,19.65999984741211,2046.6800537109375,96.29000091552734,1163.300048828125,2.2060000896453857,0.009999999776482582,,yfinance
2015-07-09,58.61000061035156,52.779998779296875,1.7359999418258667,19.969999313354492,2051.31005859375,96.61000061035156,1159.0,2.3010001182556152,0.00800000037997961,,yfinance
2015-07-10,58.72999954223633,52.7400016784668,1.73989999294281,16.829999923706055,2076.6201171875,96.02999877929688,1157.699951171875,2.4170000553131104,0.00800000037997961,,yfinance
2015-07-13,57.849998474121094,52.20000076293945,1.7187000513076782,13.899999618530273,2099.60009765625,96.86000061035156,1155.199951171875,2.430000066757202,0.00800000037997961,,yfinance
2015-07-14,58.5099983215332,53.040000915527344,1.7252999544143677,13.369999885559082,2108.949951171875,96.63999938964844,1153.300048828125,2.3989999294281006,0.009999999776482582,,yfinance
2015-07-15,57.04999923706055,51.40999984741211,1.6692999601364136,13.229999542236328,2107.39990234375,97.12999725341797,1147.199951171875,2.3499999046325684,0.013000000268220901,,yfinance
2015-07-16,57.5099983215332,50.90999984741211,1.666200041770935,12.109999656677246,2124.2900390625,97.66000366210938,1143.800048828125,2.3519999980926514,0.009999999776482582,,yfinance
2015-07-17,57.52000045776367,50.88999938964844,1.6641000509262085,11.949999809265137,2126.639892578125,97.86000061035156,1131.800048828125,2.3489999771118164,0.013000000268220901,,yfinance
2015-07-20,56.650001525878906,50.150001525878906,1.658400058746338,12.25,2128.280029296875,98.02999877929688,1106.699951171875,2.371999979019165,0.023000000044703484,,yfinance
2015-07-21,57.040000915527344,50.36000061035156,1.6784000396728516,12.220000267028809,2119.2099609375,97.33000183105469,1103.4000244140625,2.3399999141693115,0.029999999329447746,,yfinance
2015-07-22,56.130001068115234,49.189998626708984,1.6717000007629395,12.119999885559082,2114.14990234375,97.5999984741211,1091.4000244140625,2.322000026702881,0.029999999329447746,,yfinance
2015-07-23,55.27000045776367,48.45000076293945,1.6546000242233276,12.640000343322754,2102.14990234375,97.12000274658203,1094.0,2.2769999504089355,0.029999999329447746,,yfinance
2015-07-24,54.619998931884766,48.13999938964844,1.6302000284194946,13.739999771118164,2079.64990234375,97.23999786376953,1085.5999755859375,2.2709999084472656,0.029999999329447746,,yfinance
2015-07-27,53.470001220703125,47.38999938964844,1.5956000089645386,15.600000381469727,2067.639892578125,96.5,1096.5,2.2279999256134033,0.02800000086426735,,yfinance
2015-07-28,53.29999923706055,47.97999954223633,1.6044000387191772,13.4399995803833,2093.25,96.7699966430664,1096.300048828125,2.25,0.0430000014603138,,yfinance
2015-07-29,53.380001068115234,48.790000915527344,1.5982999801635742,12.5,2108.570068359375,96.9800033569336,1092.699951171875,2.2790000438690186,0.04500000178813934,,yfinance
2015-07-30,53.310001373291016,48.52000045776367,1.5981999635696411,12.130000114440918,2108.6298828125,97.55999755859375,1088.4000244140625,2.2679998874664307,0.05999999865889549,,yfinance
2015-07-31,52.209999084472656,47.119998931884766,1.5839999914169312,12.119999885559082,2103.840087890625,97.37000274658203,1094.9000244140625,2.2049999237060547,0.057999998331069946,,yfinance
2015-08-03,49.52000045776367,45.16999816894531,1.530500054359436,12.5600004196167,2098.0400390625,97.48999786376953,1089.4000244140625,2.1500000953674316,0.06300000101327896,,yfinance
2015-08-04,49.9900016784668,45.7400016784668,1.5475000143051147,13.0,2093.320068359375,97.93000030517578,1090.699951171875,2.2109999656677246,0.07500000298023224,,yfinance
2015-08-05,49.59000015258789,45.150001525878906,1.5384999513626099,12.510000228881836,2099.840087890625,97.95999908447266,1085.699951171875,2.2679998874664307,0.07500000298023224,,yfinance
2015-08-06,49.52000045776367,44.65999984741211,1.5499000549316406,13.770000457763672,2083.56005859375,97.83000183105469,1090.199951171875,2.2339999675750732,0.02800000086426735,,yfinance
2015-08-07,48.61000061035156,43.869998931884766,1.5435999631881714,13.390000343322754,2077.570068359375,97.55999755859375,1094.0999755859375,2.174999952316284,0.054999999701976776,,yfinance
2015-08-10,50.40999984741211,44.959999084472656,1.5921000242233276,12.229999542236328,2104.179931640625,97.16000366210938,1104.199951171875,2.23799991607666,0.06499999761581421,,yfinance
2015-08-11,49.18000030517578,43.08000183105469,1.5628999471664429,13.710000038146973,2084.070068359375,97.29000091552734,1107.5999755859375,2.13700008392334,0.09799999743700027,,yfinance
2015-08-12,49.65999984741211,43.29999923706055,1.586899995803833,13.609999656677246,2086.050048828125,96.26000213623047,1123.199951171875,2.130000114440918,0.09000000357627869,,yfinance
2015-08-13,49.220001220703125,42.22999954223633,1.5686999559402466,13.489999771118164,2083.389892578125,96.44999694824219,1115.699951171875,2.188999891281128,0.08299999684095383,,yfinance
2015-08-14,49.029998779296875,42.5,1.5578999519348145,12.829999923706055,2091.5400390625,96.56999969482422,1112.9000244140625,2.196000099182129,0.07999999821186066,,yfinance
2015-08-17,49.029998779296875,41.869998931884766,1.554800033569336,13.020000457763672,2102.43994140625,96.81999969482422,1118.5999755859375,2.1500000953674316,0.05999999865889549,,yfinance
2015-08-18,48.810001373291016,42.619998931884766,1.5585999488830566,13.789999961853027,2096.919921875,96.97000122070312,1117.0999755859375,2.196000099182129,0.08500000089406967,,yfinance
2015-08-19,47.15999984741211,40.79999923706055,1.5180000066757202,15.25,2079.610107421875,96.45999908447266,1128.0999755859375,2.128999948501587,0.03999999910593033,,yfinance
2015-08-20,46.619998931884766,41.13999938964844,1.4955999851226807,19.139999389648438,2035.72998046875,95.75,1153.0,2.0840001106262207,0.014999999664723873,,yfinance
2015-08-21,45.459999084472656,40.45000076293945,1.462399959564209,28.030000686645508,1970.8900146484375,94.83000183105469,1159.5999755859375,2.053999900817871,0.019999999552965164,,yfinance
2015-08-24,42.689998626708984,38.2400016784668,1.392899990081787,40.7400016784668,1893.2099609375,93.30999755859375,1153.4000244140625,1.996999979019165,0.014999999664723873,,yfinance
2015-08-25,43.209999084472656,39.310001373291016,1.3952000141143799,36.02000045776367,1867.6099853515625,94.52999877929688,1138.199951171875,2.132999897003174,0.05299999937415123,,yfinance
2015-08-26,43.13999938964844,38.599998474121094,1.3809000253677368,30.31999969482422,1940.510009765625,95.0999984741211,1124.5999755859375,2.171999931335449,0.054999999701976776,,yfinance
2015-08-27,47.560001373291016,42.560001373291016,1.496000051498413,26.100000381469727,1987.6600341796875,95.61000061035156,1122.4000244140625,2.1679999828338623,0.05000000074505806,,yfinance
2015-08-28,50.04999923706055,45.220001220703125,1.5764000415802002,26.049999237060547,1988.8699951171875,96.11000061035156,1133.0999755859375,2.186000108718872,0.05000000074505806,,yfinance
2015-08-31,54.150001525878906,49.20000076293945,1.6735999584197998,28.43000030517578,1972.1800537109375,95.94999694824219,1131.5999755859375,2.200000047683716,0.003000000026077032,,yfinance
2015-09-01,49.560001373291016,45.40999984741211,1.5779000520706177,31.399999618530273,1913.8499755859375,95.44999694824219,1138.699951171875,2.171999931335449,0.03799999877810478,,yfinance
2015-09-02,50.5,46.25,1.6092000007629395,26.09000015258789,1948.8599853515625,95.83000183105469,1132.5,2.193000078201294,0.02500000037252903,,yfinance
2015-09-03,50.68000030517578,46.75,1.6188000440597534,25.610000610351562,1951.1300048828125,96.41000366210938,1123.699951171875,2.1679999828338623,0.014999999664723873,,yfinance
2015-09-04,49.61000061035156,46.04999923706055,1.5959999561309814,27.799999237060547,1921.219970703125,96.2300033569336,1120.5999755859375,2.128000020980835,0.02500000037252903,,yfinance
2015-09-08,49.52000045776367,45.939998626708984,1.5937999486923218,24.899999618530273,1969.4100341796875,95.87999725341797,1120.4000244140625,2.194000005722046,0.02500000037252903,,yfinance
2015-09-09,47.58000183105469,44.150001525878906,1.538599967956543,26.229999542236328,1942.0400390625,96.01000213623047,1102.199951171875,2.180999994277954,0.03500000014901161,,yfinance
2015-09-10,48.88999938964844,45.91999816894531,1.5746999979019165,24.3700008392334,1952.2900390625,95.45999908447266,1109.5,2.2219998836517334,0.014999999664723873,,yfinance
2015-09-11,48.13999938964844,44.630001068115234,1.5499999523162842,23.200000762939453,1961.050048828125,95.19000244140625,1103.5,2.183000087738037,0.023000000044703484,,yfinance
2015-09-14,46.369998931884766,44.0,1.503499984741211,24.25,1953.030029296875,95.25,1107.699951171875,2.180000066757202,0.02500000037252903,,yfinance
2015-09-15,46.630001068115234,44.59000015258789,1.5,22.540000915527344,1978.0899658203125,95.61000061035156,1102.800048828125,2.2809998989105225,0.057999998331069946,,yfinance
2015-09-16,46.61000061035156,47.150001525878906,1.5413999557495117,21.350000381469727,1995.31005859375,95.41999816894531,1119.199951171875,2.302999973297119,0.05299999937415123,,yfinance
2015-09-17,49.08000183105469,46.900001525878906,1.5297000408172607,21.139999389648438,1990.199951171875,94.55000305175781,1117.300048828125,2.2170000076293945,0.003000000026077032,,yfinance
2015-09-18,47.470001220703125,44.68000030517578,1.4907000064849854,22.280000686645508,1958.030029296875,94.86000061035156,1138.0999755859375,2.130000114440918,0.009999999776482582,,yfinance
2015-09-21,48.91999816894531,46.68000030517578,1.5140000581741333,20.139999389648438,1966.969970703125,95.88999938964844,1133.0999755859375,2.2139999866485596,0.013000000268220901,,yfinance
2015-09-22,49.08000183105469,45.83000183105469,1.531999945640564,22.440000534057617,1942.739990234375,96.27999877929688,1125.0,2.125,0.003000000026077032,,yfinance
2015-09-23,47.75,44.47999954223633,1.5055999755859375,22.1299991607666,1938.760009765625,96.06999969482422,1131.5999755859375,2.1440000534057617,0.003000000026077032,,yfinance
2015-09-24,48.16999816894531,44.90999984741211,1.5236999988555908,23.469999313354492,1932.239990234375,95.98999786376953,1153.800048828125,2.119999885559082,0.004999999888241291,,yfinance
2015-09-25,48.599998474121094,45.70000076293945,1.5225000381469727,23.6200008392334,1931.3399658203125,96.2699966430664,1146.0,2.1679999828338623,0.019999999552965164,,yfinance
2015-09-28,47.34000015258789,44.43000030517578,1.4772000312805176,27.6299991607666,1881.77001953125,96.02999877929688,1132.0,2.0950000286102295,0.013000000268220901,,yfinance
2015-09-29,48.22999954223633,45.22999954223633,1.4975999593734741,26.829999923706055,1884.0899658203125,95.88999938964844,1127.0999755859375,2.053999900817871,0.003000000026077032,,yfinance
2015-09-30,48.369998931884766,45.09000015258789,1.5125999450683594,24.5,1920.030029296875,96.3499984741211,1115.5,2.059999942779541,0.004999999888241291,,yfinance
2015-10-01,47.689998626708984,44.7400016784668,1.5197999477386475,22.549999237060547,1923.8199462890625,96.19000244140625,1114.199951171875,2.0420000553131104,0.017999999225139618,,yfinance
2015-10-02,48.130001068115234,45.540000915527344,1.5198999643325806,20.940000534057617,1951.3599853515625,95.83000183105469,1137.0999755859375,1.9889999628067017,0.00800000037997961,,yfinance
2015-10-05,49.25,46.2599983215332,1.54830002784729,19.540000915527344,1987.050048828125,96.11000061035156,1138.0999755859375,2.055999994277954,0.00800000037997961,,yfinance
2015-10-06,51.91999816894531,48.529998779296875,1.6115000247955322,19.399999618530273,1979.9200439453125,95.45999908447266,1146.800048828125,2.0350000858306885,0.004999999888241291,,yfinance
2015-10-07,51.33000183105469,47.810001373291016,1.5795999765396118,18.399999618530273,1995.8299560546875,95.5,1149.0,2.062000036239624,0.004999999888241291,,yfinance
2015-10-08,53.04999923706055,49.43000030517578,1.6017999649047852,17.420000076293945,2013.4300537109375,95.31999969482422,1144.699951171875,2.1080000400543213,0.003000000026077032,,yfinance
2015-10-09,52.650001525878906,49.630001068115234,1.59089994430542,17.079999923706055,2014.8900146484375,94.80999755859375,1156.300048828125,2.0989999771118164,0.003000000026077032,,yfinance
2015-10-12,49.86000061035156,47.099998474121094,1.5024000406265259,16.170000076293945,2017.4599609375,94.83999633789062,1164.9000244140625,2.0899999141693115,0.009999999776482582,,yfinance
2015-10-13,49.2400016784668,46.65999984741211,1.4708000421524048,17.670000076293945,2003.68994140625,94.76000213623047,1165.800048828125,2.055000066757202,0.004999999888241291,,yfinance
2015-10-14,49.150001525878906,46.63999938964844,1.483299970626831,18.030000686645508,1994.239990234375,93.93000030517578,1180.0999755859375,1.9809999465942383,0.009999999776482582,,yfinance
2015-10-15,48.709999084472656,46.380001068115234,1.486299991607666,16.049999237060547,2023.8599853515625,94.37000274658203,1187.9000244140625,2.0230000019073486,0.004999999888241291,,yfinance
2015-10-16,48.72999954223633,47.2599983215332,1.4966000318527222,15.050000190734863,2033.1099853515625,94.54000091552734,1183.5999755859375,2.0230000019073486,0.004999999888241291,,yfinance
2015-10-19,48.61000061035156,45.88999938964844,1.4491000175476074,14.979999542236328,2033.6600341796875,94.95999908447266,1173.300048828125,2.0280001163482666,0.004999999888241291,,yfinance
2015-10-20,48.709999084472656,45.54999923706055,1.448699951171875,15.75,2030.77001953125,94.8499984741211,1178.0,2.071000099182129,0.009999999776482582,,yfinance
2015-10-21,47.849998474121094,45.20000076293945,1.4500000476837158,16.700000762939453,2018.93994140625,95.05000305175781,1167.5999755859375,2.0299999713897705,0.004999999888241291,,yfinance
2015-10-22,48.08000183105469,45.380001068115234,1.465000033378601,14.449999809265137,2052.510009765625,96.33999633789062,1166.5999755859375,2.0250000953674316,0.004999999888241291,,yfinance
2015-10-23,47.9900016784668,44.599998474121094,1.4543999433517456,14.460000038146973,2075.14990234375,97.06999969482422,1163.300048828125,2.0829999446868896,0.003000000026077032,,yfinance
2015-10-26,47.540000915527344,43.97999954223633,1.4258999824523926,15.289999961853027,2071.179931640625,96.86000061035156,1167.0,2.058000087738037,0.00800000037997961,,yfinance
2015-10-27,46.810001373291016,43.20000076293945,1.424399971961975,15.430000305175781,2065.889892578125,96.91000366210938,1166.800048828125,2.0280001163482666,0.009999999776482582,,yfinance
2015-10-28,49.04999923706055,45.939998626708984,1.4838999509811401,14.329999923706055,2090.35009765625,97.77999877929688,1177.0999755859375,2.0920000076293945,0.03500000014901161,,yfinance
2015-10-29,48.79999923706055,46.060001373291016,1.4747999906539917,14.609999656677246,2089.409912109375,97.27999877929688,1147.199951171875,2.1730000972747803,0.05299999937415123,,yfinance
2015-10-30,49.560001373291016,46.59000015258789,1.499400019645691,15.069999694824219,2079.360107421875,96.94999694824219,1141.5,2.1510000228881836,0.06800000369548798,,yfinance
2015-11-02,48.790000915527344,46.13999938964844,1.5068999528884888,14.149999618530273,2104.050048828125,96.93000030517578,1135.800048828125,2.187000036239624,0.05299999937415123,,yfinance
2015-11-03,50.540000915527344,47.900001525878906,1.565999984741211,14.539999961853027,2109.7900390625,97.16000366210938,1114.199951171875,2.2200000286102295,0.057999998331069946,,yfinance
2015-11-04,48.58000183105469,46.31999969482422,1.503499984741211,15.510000228881836,2102.31005859375,97.94999694824219,1106.5,2.2300000190734863,0.054999999701976776,,yfinance
2015-11-05,47.97999954223633,45.20000076293945,1.4872000217437744,15.050000190734863,2099.929931640625,97.94000244140625,1104.4000244140625,2.244999885559082,0.03999999910593033,,yfinance
2015-11-06,47.41999816894531,44.290000915527344,1.4895999431610107,14.329999923706055,2099.199951171875,99.16000366210938,1087.5999755859375,2.3329999446868896,0.0729999989271164,,yfinance
2015-11-09,47.189998626708984,43.869998931884766,1.4773999452590942,16.520000457763672,2078.580078125,98.9800033569336,1087.9000244140625,2.3420000076293945,0.07500000298023224,,yfinance
2015-11-10,47.439998626708984,44.209999084472656,1.4865000247955322,15.289999961853027,2081.719970703125,99.29000091552734,1088.199951171875,2.322000026702881,0.125,,yfinance
2015-11-11,45.810001373291016,42.93000030517578,1.447700023651123,16.059999465942383,2075.0,99.01000213623047,1084.699951171875,2.3380000591278076,0.12300000339746475,,yfinance
2015-11-12,44.060001373291016,41.75,1.406599998474121,18.3700008392334,2045.969970703125,98.6500015258789,1080.800048828125,2.319000005722046,0.12300000339746475,,yfinance
2015-11-13,43.61000061035156,40.7400016784668,1.3812999725341797,20.079999923706055,2023.0400390625,98.98999786376953,1080.800048828125,2.2799999713897705,0.11299999803304672,,yfinance
2015-11-16,43.58000183105469,41.7400016784668,1.38510000705719,18.15999984741211,2053.18994140625,99.44000244140625,1083.699951171875,2.2730000019073486,0.09799999743700027,,yfinance
2015-11-17,43.56999969482422,40.66999816894531,1.3681000471115112,18.84000015258789,2050.43994140625,99.62999725341797,1068.699951171875,2.260999917984009,0.13500000536441803,,yfinance
2015-11-18,44.13999938964844,40.75,1.3803999423980713,16.850000381469727,2083.580078125,99.6500015258789,1068.800048828125,2.2690000534057617,0.12300000339746475,,yfinance
2015-11-19,44.18000030517578,40.540000915527344,1.3717999458312988,16.989999771118164,2081.239990234375,98.98999786376953,1078.0,2.247999906539917,0.08799999952316284,,yfinance
2015-11-20,44.65999984741211,40.38999938964844,1.3712999820709229,15.470000267028809,2089.169921875,99.56999969482422,1076.4000244140625,2.26200008392334,0.09300000220537186,,yfinance
2015-11-23,44.83000183105469,41.75,1.3743000030517578,15.619999885559082,2086.590087890625,99.80000305175781,1066.800048828125,2.25,0.10499999672174454,,yfinance
2015-11-24,46.119998931884766,42.869998931884766,1.3997000455856323,15.930000305175781,2089.139892578125,99.52999877929688,1074.300048828125,2.243000030517578,0.15299999713897705,,yfinance
2015-11-25,46.16999816894531,43.040000915527344,1.4026999473571777,15.1899995803833,2088.8701171875,99.80000305175781,1070.5,2.2320001125335693,0.17499999701976776,,yfinance
2015-11-27,44.86000061035156,41.709999084472656,1.3523999452590942,15.119999885559082,2090.110107421875,100.0199966430664,1056.199951171875,2.2249999046325684,0.1599999964237213,,yfinance
2015-11-30,44.61000061035156,41.650001525878906,1.336899995803833,16.1299991607666,2080.409912109375,100.16999816894531,1065.800048828125,2.2179999351501465,0.17000000178813934,,yfinance
2015-12-01,44.439998626708984,41.849998474121094,1.36899995803833,14.670000076293945,2102.6298828125,99.80000305175781,1063.800048828125,2.1549999713897705,0.2029999941587448,,yfinance
2015-12-02,42.4900016784668,39.939998626708984,1.304900050163269,15.90999984741211,2079.510009765625,99.98999786376953,1054.199951171875,2.177999973297119,0.20000000298023224,,yfinance
2015-12-03,43.84000015258789,41.08000183105469,1.3586000204086304,18.110000610351562,2049.6201171875,97.62000274658203,1061.699951171875,2.3299999237060547,0.1979999989271164,,yfinance
2015-12-04,43.0,39.970001220703125,1.3423999547958374,14.8100004196167,2091.68994140625,98.3499984741211,1084.5,2.2750000953674316,0.20499999821186066,,yfinance
2015-12-07,40.72999954223633,37.650001525878906,1.2796000242233276,15.84000015258789,2077.070068359375,98.66000366210938,1076.4000244140625,2.2249999046325684,0.23499999940395355,,yfinance
2015-12-08,40.2599983215332,37.5099983215332,1.2591999769210815,17.600000381469727,2063.590087890625,98.47000122070312,1076.300048828125,2.23799991607666,0.2680000066757202,,yfinance
2015-12-09,40.11000061035156,37.15999984741211,1.2388999462127686,19.610000610351562,2047.6199951171875,97.3499984741211,1077.5999755859375,2.2079999446868896,0.24500000476837158,,yfinance
2015-12-10,39.72999954223633,36.7599983215332,1.225100040435791,19.34000015258789,2052.22998046875,97.94000244140625,1073.0999755859375,2.239000082015991,0.23000000417232513,,yfinance
2015-12-11,37.93000030517578,35.619998931884766,1.1455999612808228,24.389999389648438,2012.3699951171875,97.56999969482422,1076.9000244140625,2.1389999389648438,0.21299999952316284,,yfinance
2015-12-14,37.91999816894531,36.310001373291016,1.1276999711990356,22.729999542236328,2021.93994140625,97.5999984741211,1064.699951171875,2.2249999046325684,0.1979999989271164,,yfinance
2015-12-15,38.45000076293945,37.349998474121094,1.1467000246047974,20.950000762939453,2043.4100341796875,98.22000122070312,1062.9000244140625,2.2679998874664307,0.25,,yfinance
2015-12-16,37.189998626708984,35.52000045776367,1.1122000217437744,17.860000610351562,2073.070068359375,97.87000274658203,1078.0,2.2869999408721924,0.23499999940395355,,yfinance
2015-12-17,37.18000030517578,34.95000076293945,1.105299949645996,18.940000534057617,2041.8900146484375,99.2699966430664,1050.800048828125,2.23799991607666,0.21299999952316284,,yfinance
2015-12-18,36.880001068115234,34.72999954223633,1.107100009918213,20.700000762939453,2005.550048828125,98.69999694824219,1066.199951171875,2.1989998817443848,0.17499999701976776,,yfinance
2015-12-21,36.349998474121094,34.7400016784668,1.1003999710083008,18.700000762939453,2021.1500244140625,98.45999908447266,1081.9000244140625,2.197000026702881,0.15299999713897705,,yfinance
2015-12-22,36.11000061035156,36.13999938964844,1.0875999927520752,16.600000381469727,2038.969970703125,98.23999786376953,1074.800048828125,2.239000082015991,0.19300000369548798,,yfinance
2015-12-23,37.36000061035156,37.5,1.1191999912261963,15.569999694824219,2064.2900390625,98.33999633789062,1069.4000244140625,2.2639999389648438,0.1899999976158142,,yfinance
2015-12-24,37.88999938964844,38.099998474121094,1.1009000539779663,15.739999771118164,2060.989990234375,97.9800033569336,1077.199951171875,2.243000030517578,0.18299999833106995,,yfinance
2015-12-28,36.619998931884766,36.810001373291016,1.090399980545044,16.90999984741211,2056.5,97.91999816894531,1070.5,2.2249999046325684,0.1899999976158142,,yfinance
2015-12-29,37.790000915527344,37.869998931884766,1.1295000314712524,16.079999923706055,2078.360107421875,98.0999984741211,1077.5,2.306999921798706,0.2150000035762787,,yfinance
2015-12-30,36.459999084472656,36.599998474121094,1.0791000127792358,17.290000915527344,2063.360107421875,98.2699966430664,1060.0999755859375,2.302999973297119,0.19499999284744263,,yfinance
2015-12-31,37.279998779296875,37.040000915527344,1.1007000207901,18.209999084472656,2043.93994140625,98.62999725341797,1060.300048828125,2.2690000534057617,0.14800000190734863,,yfinance
2016-01-04,37.220001220703125,36.7599983215332,1.1263999938964844,20.700000762939453,2012.6600341796875,98.87000274658203,1075.0999755859375,2.244999885559082,0.1550000011920929,,yfinance
2016-01-05,36.41999816894531,35.970001220703125,1.1253000497817993,19.34000015258789,2016.7099609375,99.4000015258789,1078.4000244140625,2.247999906539917,0.20499999821186066,,yfinance
2016-01-06,34.22999954223633,33.970001220703125,1.0807000398635864,20.59000015258789,1990.260009765625,99.18000030517578,1091.9000244140625,2.177000045776367,0.20499999821186066,,yfinance
2016-01-07,33.75,33.27000045776367,1.065600037574768,24.989999771118164,1943.0899658203125,98.22000122070312,1107.699951171875,2.1530001163482666,0.1899999976158142,,yfinance
2016-01-08,33.54999923706055,33.15999984741211,1.0520999431610107,27.010000228881836,1922.030029296875,98.54000091552734,1097.800048828125,2.130000114440918,0.1899999976158142,,yfinance
2016-01-11,31.549999237060547,31.40999984741211,1.0148999691009521,24.299999237060547,1923.6700439453125,98.7300033569336,1096.5,2.1579999923706055,0.17499999701976776,,yfinance
2016-01-12,30.860000610351562,30.440000534057617,0.9901000261306763,22.469999313354492,1938.6800537109375,98.97000122070312,1085.5999755859375,2.1019999980926514,0.20999999344348907,,yfinance
2016-01-13,30.309999465942383,30.479999542236328,0.9693999886512756,25.219999313354492,1890.280029296875,98.93000030517578,1087.5,2.065999984741211,0.2150000035762787,,yfinance
2016-01-14,31.030000686645508,31.200000762939453,0.9807999730110168,23.950000762939453,1921.8399658203125,99.08999633789062,1073.9000244140625,2.0980000495910645,0.23999999463558197,,yfinance
2016-01-15,31.010000228881836,29.420000076293945,0.9343000054359436,27.020000457763672,1880.3299560546875,98.95999908447266,1091.5,2.0329999923706055,0.22300000488758087,,yfinance
2016-01-18,,,,,,99.12000274658203,,,,,yfinance
2016-01-19,28.760000228881836,28.459999084472656,0.9086999893188477,26.049999237060547,1881.3299560546875,98.98999786376953,1089.9000244140625,2.0350000858306885,0.23000000417232513,,yfinance
2016-01-20,27.8799991607666,26.549999237060547,0.8657000064849854,27.59000015258789,1859.3299560546875,99.08999633789062,1107.0999755859375,1.9839999675750732,0.2529999911785126,,yfinance
2016-01-21,29.25,29.530000686645508,0.8974999785423279,26.690000534057617,1868.989990234375,99.05999755859375,1099.0999755859375,2.0190000534057617,0.27300000190734863,,yfinance
2016-01-22,32.18000030517578,32.189998626708984,0.9957000017166138,22.34000015258789,1906.9000244140625,99.56999969482422,1097.199951171875,2.0480000972747803,0.2879999876022339,,yfinance
2016-01-25,30.5,30.34000015258789,0.9352999925613403,24.149999618530273,1877.0799560546875,99.36000061035156,1106.199951171875,2.0220000743865967,0.2750000059604645,,yfinance
2016-01-26,31.799999237060547,31.450000762939453,0.9677000045776367,22.5,1903.6300048828125,99.36000061035156,1121.699951171875,1.99399995803833,0.30000001192092896,,yfinance
2016-01-27,33.099998474121094,32.29999923706055,1.0252000093460083,23.110000610351562,1882.949951171875,98.9000015258789,1116.0999755859375,2.000999927520752,0.30000001192092896,,yfinance
2016-01-28,33.88999938964844,33.220001220703125,1.030900001525879,22.420000076293945,1893.3599853515625,98.51000213623047,1115.5999755859375,1.9850000143051147,0.3179999887943268,,yfinance
2016-01-29,34.7400016784668,33.619998931884766,1.0550999641418457,20.200000762939453,1940.239990234375,99.61000061035156,1116.4000244140625,1.930999994277954,0.30000001192092896,,yfinance
2016-02-01,34.689998626708984,31.6200008392334,1.0364999771118164,19.979999542236328,1939.3800048828125,99.0,1127.9000244140625,1.965999960899353,0.29499998688697815,,yfinance
2016-02-02,32.720001220703125,29.8799991607666,1.0109000205993652,21.979999542236328,1903.030029296875,98.87000274658203,1127.300048828125,1.8639999628067017,0.33000001311302185,,yfinance
2016-02-03,35.040000915527344,32.279998779296875,1.0786000490188599,21.649999618530273,1912.530029296875,97.29000091552734,1141.300048828125,1.88100004196167,0.3330000042915344,,yfinance
2016-02-04,34.459999084472656,31.719999313354492,1.0805000066757202,21.84000015258789,1915.449951171875,96.47000122070312,1157.5999755859375,1.8639999628067017,0.28299999237060547,,yfinance
2016-02-05,34.060001373291016,30.889999389648438,1.059000015258789,23.3799991607666,1880.050048828125,97.02999877929688,1157.800048828125,1.8480000495910645,0.27799999713897705,,yfinance
2016-02-08,32.880001068115234,29.690000534057617,1.0463999509811401,26.0,1853.43994140625,96.56999969482422,1197.9000244140625,1.7350000143051147,0.25999999046325684,,yfinance
2016-02-09,30.31999969482422,27.940000534057617,0.9749000072479248,26.540000915527344,1852.2099609375,96.06999969482422,1198.699951171875,1.7289999723434448,0.30000001192092896,,yfinance
2016-02-10,30.84000015258789,27.450000762939453,0.9749000072479248,26.290000915527344,1851.8599853515625,95.88999938964844,1194.699951171875,1.7050000429153442,0.2980000078678131,,yfinance
2016-02-11,30.059999465942383,26.209999084472656,0.9790999889373779,28.139999389648438,1829.0799560546875,95.55999755859375,1247.9000244140625,1.6440000534057617,0.27300000190734863,,yfinance
2016-02-12,33.36000061035156,29.440000534057617,1.0693000555038452,25.399999618530273,1864.780029296875,95.9800033569336,1239.0999755859375,1.7480000257492065,0.27000001072883606,,yfinance
2016-02-16,32.18000030517578,29.040000915527344,1.0269999504089355,24.110000610351562,1895.5799560546875,96.87000274658203,1207.9000244140625,1.777999997138977,0.27300000190734863,,yfinance
2016-02-17,34.5,30.65999984741211,1.0879000425338745,22.309999465942383,1926.8199462890625,96.79000091552734,1211.0999755859375,1.819000005722046,0.2930000126361847,,yfinance
2016-02-18,34.279998779296875,30.770000457763672,1.079200029373169,21.639999389648438,1917.8299560546875,96.94999694824219,1226.0999755859375,1.7589999437332153,0.2879999876022339,,yfinance
2016-02-19,33.0099983215332,29.639999389648438,1.0255000591278076,20.530000686645508,1917.780029296875,96.5999984741211,1230.4000244140625,1.7480000257492065,0.28299999237060547,,yfinance
2016-02-22,34.689998626708984,31.479999542236328,1.0550999641418457,19.3799991607666,1945.5,97.37999725341797,1209.5,1.7660000324249268,0.2930000126361847,,yfinance
2016-02-23,33.27000045776367,31.8700008392334,1.0220999717712402,20.979999542236328,1921.27001953125,97.4800033569336,1222.300048828125,1.7450000047683716,0.3179999887943268,,yfinance
2016-02-24,34.40999984741211,32.150001525878906,1.059399962425232,20.719999313354492,1929.800048828125,97.45999908447266,1238.699951171875,1.7419999837875366,0.3149999976158142,,yfinance
2016-02-25,35.290000915527344,33.06999969482422,1.0700000524520874,19.110000610351562,1951.699951171875,97.29000091552734,1238.199951171875,1.6970000267028809,0.3100000023841858,,yfinance
2016-02-26,35.099998474121094,32.779998779296875,1.051200032234192,19.809999465942383,1948.050048828125,98.1500015258789,1219.800048828125,1.7619999647140503,0.30300000309944153,,yfinance
2016-02-29,35.970001220703125,33.75,1.0759999752044678,20.549999237060547,1932.22998046875,98.20999908447266,1233.9000244140625,1.7400000095367432,0.30799999833106995,,yfinance
2016-03-01,35.959999084472656,34.400001525878906,1.0994999408721924,17.700000762939453,1978.3499755859375,98.3499984741211,1230.300048828125,1.8339999914169312,0.3199999928474426,,yfinance
2016-03-02,36.93000030517578,34.65999984741211,1.1065000295639038,17.09000015258789,1986.449951171875,98.20999908447266,1241.0999755859375,1.8480000495910645,0.30300000309944153,,yfinance
2016-03-03,37.06999969482422,34.56999969482422,1.1202000379562378,16.700000762939453,1993.4000244140625,97.56999969482422,1257.4000244140625,1.8300000429153442,0.2630000114440918,,yfinance
2016-03-04,38.720001220703125,35.91999816894531,1.1612999439239502,16.860000610351562,1999.989990234375,97.33999633789062,1269.9000244140625,1.8830000162124634,0.26499998569488525,,yfinance
2016-03-07,40.84000015258789,37.900001525878906,1.222499966621399,17.350000381469727,2001.760009765625,97.06999969482422,1263.199951171875,1.9019999504089355,0.26499998569488525,,yfinance
2016-03-08,39.650001525878906,36.5,1.2000000476837158,18.670000076293945,1979.260009765625,97.20999908447266,1262.0999755859375,1.8320000171661377,0.3050000071525574,,yfinance
2016-03-09,41.06999969482422,38.290000915527344,1.232699990272522,18.34000015258789,1989.260009765625,97.16999816894531,1256.5999755859375,1.8919999599456787,0.2879999876022339,,yfinance
2016-03-10,40.04999923706055,37.84000015258789,1.2160999774932861,18.049999237060547,1989.5699462890625,96.06999969482422,1272.0,1.9290000200271606,0.30300000309944153,,yfinance
2016-03-11,40.38999938964844,38.5,1.218000054359436,16.5,2022.18994140625,96.16999816894531,1258.699951171875,1.9769999980926514,0.30799999833106995,,yfinance
2016-03-14,39.529998779296875,37.18000030517578,1.1964999437332153,16.920000076293945,2019.6400146484375,96.62000274658203,1244.4000244140625,1.9630000591278076,0.30799999833106995,,yfinance
2016-03-15,38.7400016784668,36.34000015258789,1.1777000427246094,16.84000015258789,2015.9300537109375,96.62999725341797,1230.4000244140625,1.9589999914169312,0.32499998807907104,,yfinance
2016-03-16,40.33000183105469,38.459999084472656,1.2311999797821045,14.989999771118164,2027.219970703125,95.88999938964844,1229.300048828125,1.937999963760376,0.30000001192092896,,yfinance
2016-03-17,41.540000915527344,40.20000076293945,1.2545000314712524,14.4399995803833,2040.5899658203125,94.76000213623047,1264.5,1.902999997138977,0.2750000059604645,,yfinance
2016-03-18,41.20000076293945,39.439998626708984,1.2390999794006348,14.020000457763672,2049.580078125,94.98999786376953,1253.800048828125,1.871000051498413,0.2800000011920929,,yfinance
2016-03-21,41.540000915527344,39.90999984741211,1.2374000549316406,13.789999961853027,2051.60009765625,95.29000091552734,1243.800048828125,1.9229999780654907,0.2879999876022339,,yfinance
2016-03-22,41.790000915527344,41.45000076293945,1.2520999908447266,14.170000076293945,2049.800048828125,95.6500015258789,1248.199951171875,1.934999942779541,0.29499998688697815,,yfinance
2016-03-23,40.470001220703125,39.790000915527344,1.2039999961853027,14.9399995803833,2036.7099609375,96.05000305175781,1223.699951171875,1.875,0.2930000126361847,,yfinance
2016-03-24,40.439998626708984,39.459999084472656,1.1979000568389893,14.739999771118164,2035.93994140625,96.13999938964844,1221.4000244140625,1.899999976158142,0.2750000059604645,,yfinance
2016-03-28,40.27000045776367,39.38999938964844,1.1800999641418457,15.239999771118164,2037.050048828125,95.94000244140625,1219.9000244140625,1.8700000047683716,0.2549999952316284,,yfinance
2016-03-29,39.13999938964844,38.279998779296875,1.155500054359436,13.819999694824219,2055.010009765625,95.16000366210938,1235.5999755859375,1.8140000104904175,0.22499999403953552,,yfinance
2016-03-30,39.2599983215332,38.31999969482422,1.1597000360488892,13.5600004196167,2063.949951171875,94.83999633789062,1226.9000244140625,1.8300000429153442,0.1850000023841858,,yfinance
2016-03-31,39.599998474121094,38.34000015258789,1.1848000288009644,13.949999809265137,2059.739990234375,94.58999633789062,1234.199951171875,1.7860000133514404,0.19300000369548798,,yfinance
2016-04-01,39.65999984741211,36.790000915527344,1.131700038909912,13.100000381469727,2072.780029296875,94.62000274658203,1222.199951171875,1.7920000553131104,0.21799999475479126,,yfinance
2016-04-04,37.689998626708984,35.70000076293945,1.0888999700546265,14.119999885559082,2066.1298828125,94.51000213623047,1218.0,1.7790000438690186,0.18299999833106995,,yfinance
2016-04-05,37.869998931884766,35.88999938964844,1.0745999813079834,15.420000076293945,2045.1700439453125,94.62999725341797,1228.4000244140625,1.7269999980926514,0.21799999475479126,,yfinance
2016-04-06,39.84000015258789,37.75,1.1403000354766846,14.09000015258789,2066.659912109375,94.43000030517578,1222.5,1.7549999952316284,0.2199999988079071,,yfinance
2016-04-07,39.43000030517578,37.2599983215332,1.1256999969482422,16.15999984741211,2041.9100341796875,94.4800033569336,1236.199951171875,1.690999984741211,0.2199999988079071,,yfinance
2016-04-08,41.939998626708984,39.720001220703125,1.2003999948501587,15.359999656677246,2047.5999755859375,94.23999786376953,1242.5,1.7200000286102295,0.21799999475479126,,yfinance
2016-04-11,42.83000183105469,40.36000061035156,1.2146999835968018,16.260000228881836,2041.989990234375,93.94999694824219,1256.699951171875,1.7239999771118164,0.20999999344348907,,yfinance
2016-04-12,44.689998626708984,42.16999816894531,1.2759000062942505,14.850000381469727,2061.719970703125,93.95999908447266,1259.4000244140625,1.781000018119812,0.23000000417232513,,yfinance
2016-04-13,44.18000030517578,41.7599983215332,1.2655999660491943,13.84000015258789,2082.419921875,94.73999786376953,1246.800048828125,1.7619999647140503,0.22300000488758087,,yfinance
2016-04-14,43.84000015258789,41.5,1.2542999982833862,13.720000267028809,2082.780029296875,94.9000015258789,1225.0,1.781000018119812,0.2150000035762787,,yfinance
2016-04-15,43.099998474121094,40.36000061035156,1.232200026512146,13.619999885559082,2080.72998046875,94.69999694824219,1233.0999755859375,1.7519999742507935,0.20999999344348907,,yfinance
2016-04-18,42.90999984741211,39.779998779296875,1.2359000444412231,13.350000381469727,2094.340087890625,94.48999786376953,1233.5999755859375,1.7730000019073486,0.1979999989271164,,yfinance
2016-04-19,44.029998779296875,41.08000183105469,1.263200044631958,13.239999771118164,2100.800048828125,93.9800033569336,1253.0,1.7829999923706055,0.2150000035762787,,yfinance
2016-04-20,45.79999923706055,42.630001068115234,1.332200050354004,13.279999732971191,2102.39990234375,94.48999786376953,1253.199951171875,1.8539999723434448,0.21799999475479126,,yfinance
2016-04-21,44.529998779296875,43.18000030517578,1.2998000383377075,13.949999809265137,2091.47998046875,94.5999984741211,1249.0,1.8700000047683716,0.22499999403953552,,yfinance
2016-04-22,45.11000061035156,43.72999954223633,1.308899998664856,13.220000267028809,2091.580078125,95.12000274658203,1228.699951171875,1.8880000114440918,0.22499999403953552,,yfinance
2016-04-25,44.47999954223633,42.63999938964844,1.2903000116348267,14.079999923706055,2087.7900390625,94.83999633789062,1238.9000244140625,1.9019999504089355,0.23800000548362732,,yfinance
2016-04-26,45.7400016784668,44.040000915527344,1.3324999809265137,13.960000038146973,2091.699951171875,94.56999969482422,1242.199951171875,1.930999994277954,0.24500000476837158,,yfinance
2016-04-27,47.18000030517578,45.33000183105469,1.3795000314712524,13.770000457763672,2095.14990234375,94.38999938964844,1249.199951171875,1.8600000143051147,0.24500000476837158,,yfinance
2016-04-28,48.13999938964844,46.029998779296875,1.4046000242233276,15.220000267028809,2075.81005859375,93.76000213623047,1265.5,1.8380000591278076,0.20999999344348907,,yfinance
2016-04-29,48.130001068115234,45.91999816894531,1.3779000043869019,15.699999809265137,2065.300048828125,93.08000183105469,1289.199951171875,1.819000005722046,0.19300000369548798,,yfinance
2016-05-02,48.099998474121094,44.779998779296875,1.3554999828338623,14.680000305175781,2081.429931640625,92.62999725341797,1294.699951171875,1.8650000095367432,0.1850000023841858,,yfinance
2016-05-03,46.75,43.650001525878906,1.333400011062622,15.600000381469727,2063.3701171875,92.94000244140625,1290.699951171875,1.7999999523162842,0.2029999941587448,,yfinance
2016-05-04,44.619998931884766,43.779998779296875,1.3281999826431274,16.049999237060547,2051.1201171875,93.18000030517578,1273.300048828125,1.784000039100647,0.1979999989271164,,yfinance
2016-05-05,45.0099983215332,44.31999969482422,1.3286999464035034,15.90999984741211,2050.6298828125,93.77999877929688,1271.4000244140625,1.746999979019165,0.18299999833106995,,yfinance
2016-05-06,45.369998931884766,44.65999984741211,1.3372999429702759,14.720000267028809,2057.139892578125,93.88999938964844,1292.9000244140625,1.7790000438690186,0.18000000715255737,,yfinance
2016-05-09,43.630001068115234,43.439998626708984,1.2862999439239502,14.569999694824219,2058.68994140625,94.1500015258789,1265.5999755859375,1.7599999904632568,0.2029999941587448,,yfinance
2016-05-10,45.52000045776367,44.65999984741211,1.337499976158142,13.630000114440918,2084.389892578125,94.29000091552734,1263.9000244140625,1.7599999904632568,0.24300000071525574,,yfinance
2016-05-11,47.599998474121094,46.22999954223633,1.3967000246047974,14.6899995803833,2064.4599609375,93.81999969482422,1274.5999755859375,1.7369999885559082,0.24799999594688416,,yfinance
2016-05-12,48.08000183105469,46.70000076293945,1.3940000534057617,14.40999984741211,2064.110107421875,94.13999938964844,1270.300048828125,1.7569999694824219,0.257999986410141,,yfinance
2016-05-13,47.83000183105469,46.209999084472656,1.4031000137329102,15.039999961853027,2046.6099853515625,94.61000061035156,1271.9000244140625,1.7050000429153442,0.257999986410141,,yfinance
2016-05-16,48.970001220703125,47.720001220703125,1.4400999546051025,14.680000305175781,2066.659912109375,94.56999969482422,1273.4000244140625,1.753000020980835,0.257999986410141,,yfinance
2016-05-17,49.279998779296875,48.310001373291016,1.4673999547958374,15.569999694824219,2047.2099609375,94.55000305175781,1276.199951171875,1.7589999437332153,0.2680000066757202,,yfinance
2016-05-18,48.93000030517578,48.189998626708984,1.4831000566482544,15.949999809265137,2047.6300048828125,95.08000183105469,1273.699951171875,1.8799999952316284,0.27000001072883606,,yfinance
2016-05-19,48.810001373291016,48.15999984741211,1.4788000583648682,16.329999923706055,2040.0400390625,95.29000091552734,1254.199951171875,1.8450000286102295,0.28999999165534973,,yfinance
2016-05-20,48.720001220703125,47.75,1.4900000095367432,15.199999809265137,2052.320068359375,95.30999755859375,1252.4000244140625,1.8489999771118164,0.2980000078678131,,yfinance
2016-05-23,48.349998474121094,48.08000183105469,1.4774999618530273,15.819999694824219,2048.0400390625,95.2300033569336,1251.0999755859375,1.8380000591278076,0.31299999356269836,,yfinance
2016-05-24,48.61000061035156,48.619998931884766,1.488700032234192,14.420000076293945,2076.06005859375,95.56999969482422,1228.9000244140625,1.8589999675750732,0.34299999475479126,,yfinance
2016-05-25,49.7400016784668,49.560001373291016,1.5126999616622925,13.899999618530273,2090.5400390625,95.3499984741211,1223.5,1.8700000047683716,0.3149999976158142,,yfinance
2016-05-26,49.59000015258789,49.47999954223633,1.5012999773025513,13.430000305175781,2090.10009765625,95.16999816894531,1220.0999755859375,1.8229999542236328,0.2750000059604645,,yfinance
2016-05-27,49.31999969482422,49.33000183105469,1.49399995803833,13.119999885559082,2099.06005859375,95.5199966430664,1213.800048828125,1.8509999513626099,0.2980000078678131,,yfinance
2016-05-31,49.689998626708984,49.099998474121094,1.497499942779541,14.1899995803833,2096.949951171875,95.88999938964844,1214.800048828125,1.8339999914169312,0.28299999237060547,,yfinance
2016-06-01,49.709999084472656,49.0099983215332,1.498900055885315,14.199999809265137,2099.330078125,95.45999908447266,1211.9000244140625,1.8459999561309814,0.29499998688697815,,yfinance
2016-06-02,50.040000915527344,49.16999816894531,1.5088000297546387,13.630000114440918,2105.260009765625,95.55999755859375,1209.800048828125,1.8109999895095825,0.27000001072883606,,yfinance
2016-06-03,49.63999938964844,48.619998931884766,1.4881000518798828,13.470000267028809,2099.1298828125,94.02999877929688,1240.0999755859375,1.7039999961853027,0.27000001072883606,,yfinance
2016-06-06,50.54999923706055,49.689998626708984,1.503100037574768,13.649999618530273,2109.409912109375,93.9000015258789,1244.5999755859375,1.7230000495910645,0.25,,yfinance
2016-06-07,51.439998626708984,50.36000061035156,1.5414999723434448,14.050000190734863,2112.1298828125,93.83000183105469,1244.4000244140625,1.7130000591278076,0.26499998569488525,,yfinance
2016-06-08,52.5099983215332,51.22999954223633,1.5705000162124634,14.079999923706055,2119.1201171875,93.58999633789062,1259.800048828125,1.7059999704360962,0.23499999940395355,,yfinance
2016-06-09,51.95000076293945,50.560001373291016,1.551200032234192,14.640000343322754,2115.47998046875,94.0999984741211,1270.199951171875,1.6799999475479126,0.23999999463558197,,yfinance
2016-06-10,50.540000915527344,49.06999969482422,1.5160000324249268,17.030000686645508,2096.070068359375,94.5999984741211,1273.4000244140625,1.6390000581741333,0.23999999463558197,,yfinance
2016-06-13,50.349998474121094,48.880001068115234,1.5145000219345093,20.969999313354492,2079.06005859375,94.37000274658203,1284.4000244140625,1.6160000562667847,0.24500000476837158,,yfinance
2016-06-14,49.83000183105469,48.4900016784668,1.5019999742507935,20.5,2075.320068359375,94.93000030517578,1285.5999755859375,1.6109999418258667,0.2630000114440918,,yfinance
2016-06-15,48.970001220703125,48.0099983215332,1.4778000116348267,20.139999389648438,2071.5,94.61000061035156,1285.800048828125,1.5959999561309814,0.2549999952316284,,yfinance
2016-06-16,47.189998626708984,46.209999084472656,1.4228999614715576,19.3700008392334,2077.989990234375,94.56999969482422,1296.0999755859375,1.5640000104904175,0.24500000476837158,,yfinance
2016-06-17,49.16999816894531,47.97999954223633,1.4816999435424805,19.40999984741211,2071.219970703125,94.20999908447266,1292.5,1.6180000305175781,0.24799999594688416,,yfinance
2016-06-20,50.650001525878906,49.369998931884766,1.527400016784668,18.3700008392334,2083.25,93.61000061035156,1290.0,1.6699999570846558,0.24799999594688416,,yfinance
2016-06-21,50.619998931884766,48.849998474121094,1.516700029373169,18.479999542236328,2088.89990234375,94.0199966430664,1270.5,1.6970000267028809,0.26499998569488525,,yfinance
2016-06-22,49.880001068115234,49.130001068115234,1.5047999620437622,21.170000076293945,2085.449951171875,93.72000122070312,1268.0,1.684999942779541,0.2680000066757202,,yfinance
2016-06-23,50.90999984741211,50.11000061035156,1.5205999612808228,17.25,2113.320068359375,93.52999877929688,1261.199951171875,1.7389999628067017,0.2750000059604645,,yfinance
2016-06-24,48.40999984741211,47.63999938964844,1.455299973487854,25.760000228881836,2037.4100341796875,95.44999694824219,1320.0,1.5789999961853027,0.23800000548362732,,yfinance
2016-06-27,47.15999984741211,46.33000183105469,1.4292000532150269,23.850000381469727,2000.5400390625,96.54000091552734,1322.5,1.4600000381469727,0.23499999940395355,,yfinance
2016-06-28,48.58000183105469,47.849998474121094,1.4710999727249146,18.75,2036.0899658203125,96.25,1315.300048828125,1.4609999656677246,0.25999999046325684,,yfinance
2016-06-29,50.61000061035156,49.880001068115234,1.5334999561309814,16.639999389648438,2070.77001953125,95.7699966430664,1323.9000244140625,1.4769999980926514,0.2549999952316284,,yfinance
2016-06-30,49.68000030517578,48.33000183105469,1.4846999645233154,15.630000114440918,2098.860107421875,96.13999938964844,1318.4000244140625,1.4880000352859497,0.24799999594688416,,yfinance
2016-07-01,49.84000015258789,48.9900016784668,1.5115000009536743,14.770000457763672,2102.949951171875,95.6500015258789,1336.699951171875,1.4559999704360962,0.24300000071525574,,yfinance
2016-07-05,47.959999084472656,46.599998474121094,1.4456000328063965,15.579999923706055,2088.550048828125,96.16999816894531,1356.4000244140625,1.3669999837875366,0.23800000548362732,,yfinance
2016-07-06,48.79999923706055,47.43000030517578,1.4710999727249146,14.960000038146973,2099.72998046875,96.05999755859375,1364.9000244140625,1.3849999904632568,0.2630000114440918,,yfinance
2016-07-07,46.400001525878906,45.13999938964844,1.410599946975708,14.760000228881836,2097.89990234375,96.33000183105469,1360.0999755859375,1.3869999647140503,0.27000001072883606,,yfinance
2016-07-08,46.7599983215332,45.40999984741211,1.4122999906539917,13.199999809265137,2129.89990234375,96.30000305175781,1356.5999755859375,1.3660000562667847,0.27300000190734863,,yfinance
2016-07-11,46.25,44.7599983215332,1.4163000583648682,13.539999961853027,2137.159912109375,96.56999969482422,1355.0,1.434000015258789,0.2750000059604645,,yfinance
2016-07-12,48.470001220703125,46.79999923706055,1.4631999731063843,13.550000190734863,2152.139892578125,96.44000244140625,1334.0999755859375,1.5130000114440918,0.29499998688697815,,yfinance
2016-07-13,46.2599983215332,44.75,1.3809000253677368,13.039999961853027,2152.429931640625,96.22000122070312,1342.4000244140625,1.468000054359436,0.2980000078678131,,yfinance
2016-07-14,47.369998931884766,45.68000030517578,1.4063999652862549,12.819999694824219,2163.75,96.08000183105469,1331.300048828125,1.531000018119812,0.30300000309944153,,yfinance
2016-07-15,47.61000061035156,45.95000076293945,1.3974000215530396,12.670000076293945,2161.739990234375,96.58000183105469,1326.5,1.593999981880188,0.2980000078678131,,yfinance
2016-07-18,46.959999084472656,45.2400016784668,1.3777999877929688,12.4399995803833,2166.889892578125,96.55999755859375,1328.4000244140625,1.5870000123977661,0.2879999876022339,,yfinance
2016-07-19,46.65999984741211,44.650001525878906,1.3840999603271484,11.970000267028809,2163.780029296875,97.05000305175781,1331.5,1.5579999685287476,0.3100000023841858,,yfinance
2016-07-20,47.16999816894531,44.939998626708984,1.405400037765503,11.770000457763672,2173.02001953125,97.19999694824219,1318.800048828125,1.5800000429153442,0.3149999976158142,,yfinance
2016-07-21,46.20000076293945,44.75,1.3707000017166138,12.739999771118164,2165.169921875,97.0,1330.5,1.565000057220459,0.30300000309944153,,yfinance
2016-07-22,45.689998626708984,44.189998626708984,1.3569999933242798,12.020000457763672,2175.030029296875,97.47000122070312,1323.0999755859375,1.5700000524520874,0.30300000309944153,,yfinance
2016-07-25,44.720001220703125,43.130001068115234,1.3228000402450562,12.869999885559082,2168.47998046875,97.29000091552734,1319.300048828125,1.5709999799728394,0.2980000078678131,,yfinance
2016-07-26,44.869998931884766,42.91999816894531,1.3259999752044678,13.050000190734863,2169.179931640625,97.16000366210938,1320.699951171875,1.562999963760376,0.30799999833106995,,yfinance
2016-07-27,43.470001220703125,41.91999816894531,1.2949999570846558,12.829999923706055,2166.580078125,97.05000305175781,1326.5999755859375,1.5149999856948853,0.28299999237060547,,yfinance
2016-07-28,42.70000076293945,41.13999938964844,1.270400047302246,12.720000267028809,2170.06005859375,96.73999786376953,1332.300048828125,1.5110000371932983,0.2199999988079071,,yfinance
2016-07-29,42.459999084472656,41.599998474121094,1.2760000228881836,11.869999885559082,2173.60009765625,95.52999877929688,1349.0,1.4579999446868896,0.23999999463558197,,yfinance
2016-08-01,42.45000076293945,40.060001373291016,1.2578999996185303,12.4399995803833,2170.840087890625,95.70999908447266,1351.4000244140625,1.496000051498413,0.23800000548362732,,yfinance
2016-08-02,41.79999923706055,39.5099983215332,1.2589999437332153,13.369999885559082,2157.030029296875,95.05999755859375,1364.4000244140625,1.5369999408721924,0.2800000011920929,,yfinance
2016-08-03,43.099998474121094,40.83000183105469,1.287500023841858,12.859999656677246,2163.7900390625,95.55999755859375,1356.0999755859375,1.5420000553131104,0.2680000066757202,,yfinance
2016-08-04,44.290000915527344,41.93000030517578,1.3258999586105347,12.420000076293945,2164.25,95.76000213623047,1358.800048828125,1.503000020980835,0.24799999594688416,,yfinance
2016-08-05,44.27000045776367,41.79999923706055,1.3170000314712524,11.390000343322754,2182.8701171875,96.19000244140625,1336.4000244140625,1.5820000171661377,0.25,,yfinance
2016-08-08,45.38999938964844,43.02000045776367,1.3436000347137451,11.5,2180.889892578125,96.4000015258789,1333.4000244140625,1.5829999446868896,0.25,,yfinance
2016-08-09,44.97999954223633,42.77000045776367,1.3307000398635864,11.65999984741211,2181.739990234375,96.18000030517578,1339.0,1.5449999570846558,0.2930000126361847,,yfinance
2016-08-10,44.04999923706055,41.709999084472656,1.3184000253677368,12.050000190734863,2175.489990234375,95.6500015258789,1344.300048828125,1.5089999437332153,0.27300000190734863,,yfinance
2016-08-11,46.040000915527344,43.4900016784668,1.3848999738693237,11.680000305175781,2185.7900390625,95.86000061035156,1342.5,1.5729999542236328,0.2750000059604645,,yfinance
2016-08-12,46.970001220703125,44.4900016784668,1.4085999727249146,11.550000190734863,2184.050048828125,95.72000122070312,1335.800048828125,1.5149999856948853,0.2630000114440918,,yfinance
2016-08-15,48.349998474121094,45.7400016784668,1.4499000310897827,11.8100004196167,2190.14990234375,95.62999725341797,1340.300048828125,1.5529999732971191,0.2750000059604645,,yfinance
2016-08-16,49.22999954223633,46.58000183105469,1.461300015449524,12.640000343322754,2178.14990234375,94.79000091552734,1350.5,1.5759999752044678,0.2879999876022339,,yfinance
2016-08-17,49.849998474121094,46.790000915527344,1.4891999959945679,12.1899995803833,2182.219970703125,94.72000122070312,1342.699951171875,1.5609999895095825,0.2879999876022339,,yfinance
2016-08-18,50.88999938964844,48.220001220703125,1.5260000228881836,11.430000305175781,2187.02001953125,94.16000366210938,1351.199951171875,1.5360000133514404,0.2849999964237213,,yfinance
2016-08-19,50.880001068115234,48.52000045776367,1.5196000337600708,11.34000015258789,2183.8701171875,94.51000213623047,1340.4000244140625,1.5779999494552612,0.2930000126361847,,yfinance
2016-08-22,49.15999984741211,47.04999923706055,1.4864000082015991,12.270000457763672,2182.639892578125,94.5199966430664,1337.699951171875,1.5390000343322754,0.2800000011920929,,yfinance
2016-08-23,49.959999084472656,48.099998474121094,1.5017999410629272,12.380000114440918,2186.89990234375,94.54000091552734,1340.5999755859375,1.5529999732971191,0.3050000071525574,,yfinance
2016-08-24,49.04999923706055,46.77000045776367,1.4962999820709229,13.449999809265137,2175.43994140625,94.79000091552734,1324.4000244140625,1.559000015258789,0.3050000071525574,,yfinance
2016-08-25,49.66999816894531,47.33000183105469,1.5094000101089478,13.630000114440918,2172.469970703125,94.7699966430664,1320.0999755859375,1.5770000219345093,0.3050000071525574,,yfinance
2016-08-26,49.91999816894531,47.63999938964844,1.4972000122070312,13.649999618530273,2169.0400390625,95.56999969482422,1321.5,1.6349999904632568,0.3050000071525574,,yfinance
2016-08-29,49.2599983215332,46.97999954223633,1.486199975013733,12.9399995803833,2180.3798828125,95.58000183105469,1322.9000244140625,1.565999984741211,0.3050000071525574,,yfinance
2016-08-30,48.369998931884766,46.349998474121094,1.4710999727249146,13.119999885559082,2176.1201171875,96.05000305175781,1311.699951171875,1.5700000524520874,0.32499998807907104,,yfinance
2016-08-31,47.040000915527344,44.70000076293945,1.4101999998092651,13.420000076293945,2170.949951171875,96.0199966430664,1306.9000244140625,1.5679999589920044,0.3199999928474426,,yfinance
2016-09-01,47.04999923706055,43.15999984741211,1.3818999528884888,13.479999542236328,2170.860107421875,95.6500015258789,1312.199951171875,1.5700000524520874,0.3149999976158142,,yfinance
2016-09-02,46.83000183105469,44.439998626708984,1.409600019454956,11.979999542236328,2179.97998046875,95.87999725341797,1322.0999755859375,1.5959999561309814,0.30300000309944153,,yfinance
2016-09-06,47.2599983215332,44.83000183105469,1.4084999561309814,12.020000457763672,2186.47998046875,94.81999969482422,1349.4000244140625,1.5429999828338623,0.30300000309944153,,yfinance
2016-09-07,47.97999954223633,45.5,1.4264999628067017,11.9399995803833,2186.159912109375,94.95999908447266,1344.300048828125,1.5410000085830688,0.33000001311302185,,yfinance
2016-09-08,49.9900016784668,47.619998931884766,1.482200026512146,12.510000228881836,2181.300048828125,95.02999877929688,1336.800048828125,1.6160000562667847,0.3330000042915344,,yfinance
2016-09-09,48.0099983215332,45.880001068115234,1.430400013923645,17.5,2127.81005859375,95.33999633789062,1330.0999755859375,1.6720000505447388,0.3330000042915344,,yfinance
2016-09-12,48.31999969482422,46.290000915527344,1.441499948501587,15.15999984741211,2159.0400390625,95.0999984741211,1321.0,1.6720000505447388,0.3499999940395355,,yfinance
2016-09-13,47.099998474121094,44.900001525878906,1.4228999614715576,17.850000381469727,2127.02001953125,95.62999725341797,1319.0,1.7339999675750732,0.3449999988079071,,yfinance
2016-09-14,45.849998474121094,43.58000183105469,1.381700038909912,18.139999389648438,2125.77001953125,95.33000183105469,1321.5,1.6890000104904175,0.3149999976158142,,yfinance
2016-09-15,46.59000015258789,43.90999984741211,1.416200041770935,16.299999237060547,2147.260009765625,95.29000091552734,1313.5,1.7029999494552612,0.27799999713897705,,yfinance
2016-09-16,45.77000045776367,43.029998779296875,1.4050999879837036,15.369999885559082,2139.159912109375,96.11000061035156,1305.800048828125,1.7009999752044678,0.27300000190734863,,yfinance
2016-09-19,45.95000076293945,43.29999923706055,1.3944000005722046,15.529999732971191,2139.1201171875,95.83999633789062,1313.5,1.6959999799728394,0.23800000548362732,,yfinance
2016-09-20,45.880001068115234,43.439998626708984,1.4049999713897705,15.920000076293945,2139.760009765625,96.0199966430664,1313.699951171875,1.687999963760376,0.2879999876022339,,yfinance
2016-09-21,46.83000183105469,45.34000015258789,1.4290000200271606,13.300000190734863,2163.1201171875,95.66000366210938,1326.9000244140625,1.6679999828338623,0.22300000488758087,,yfinance
2016-09-22,47.650001525878906,46.31999969482422,1.454200029373169,12.020000457763672,2177.179931640625,95.44999694824219,1340.4000244140625,1.6319999694824219,0.1599999964237213,,yfinance
2016-09-23,45.88999938964844,44.47999954223633,1.4072999954223633,12.289999961853027,2164.68994140625,95.4800033569336,1337.199951171875,1.6150000095367432,0.16500000655651093,,yfinance
2016-09-26,47.349998474121094,45.93000030517578,1.4490000009536743,14.5,2146.10009765625,95.30999755859375,1339.699951171875,1.5889999866485596,0.17299999296665192,,yfinance
2016-09-27,45.970001220703125,44.66999816894531,1.4098999500274658,13.100000381469727,2159.929931640625,95.44000244140625,1325.9000244140625,1.555999994277954,0.2549999952316284,,yfinance
2016-09-28,48.689998626708984,47.04999923706055,1.4910000562667847,12.390000343322754,2171.3701171875,95.43000030517578,1319.4000244140625,1.5670000314712524,0.2630000114440918,,yfinance
2016-09-29,49.2400016784668,47.83000183105469,1.510200023651123,14.020000457763672,2151.1298828125,95.54000091552734,1321.699951171875,1.5570000410079956,0.23499999940395355,,yfinance
2016-09-30,49.060001373291016,48.2400016784668,1.527899980545044,13.289999961853027,2168.27001953125,95.45999908447266,1313.300048828125,1.6080000400543213,0.25999999046325684,,yfinance
2016-10-03,49.099998474121094,48.810001373291016,1.5532000064849854,13.569999694824219,2161.199951171875,95.75,1309.0,1.621999979019165,0.2879999876022339,,yfinance
2016-10-04,50.869998931884766,48.689998626708984,1.5543999671936035,13.630000114440918,2150.489990234375,96.12000274658203,1266.300048828125,1.6829999685287476,0.3149999976158142,,yfinance
2016-10-05,51.86000061035156,49.83000183105469,1.5822999477386475,12.989999771118164,2159.72998046875,96.12999725341797,1265.199951171875,1.715999960899353,0.31299999356269836,,yfinance
2016-10-06,52.5099983215332,50.439998626708984,1.5958000421524048,12.84000015258789,2160.77001953125,96.66000366210938,1249.800048828125,1.7419999837875366,0.3100000023841858,,yfinance
2016-10-07,51.93000030517578,49.810001373291016,1.579300045967102,13.479999542236328,2153.739990234375,96.5199966430664,1248.9000244140625,1.7359999418258667,0.3100000023841858,,yfinance
2016-10-10,,,,13.380000114440918,2163.659912109375,,,1.7230000495910645,0.30799999833106995,,yfinance
2016-10-11,52.40999984741211,50.790000915527344,1.5872999429702759,15.359999656677246,2136.72998046875,97.69999694824219,1253.0,1.7589999437332153,0.3199999928474426,,yfinance
2016-10-12,51.810001373291016,50.18000030517578,1.5667999982833862,15.90999984741211,2139.179931640625,97.97000122070312,1251.0999755859375,1.777999997138977,0.3400000035762787,,yfinance
2016-10-13,52.029998779296875,50.439998626708984,1.5795999765396118,16.690000534057617,2132.550048828125,97.5199966430664,1255.0,1.7380000352859497,0.2750000059604645,,yfinance
2016-10-14,51.95000076293945,50.349998474121094,1.5672999620437622,16.1200008392334,2132.97998046875,98.0199966430664,1253.0999755859375,1.7940000295639038,0.28999999165534973,,yfinance
2016-10-17,51.52000045776367,49.939998626708984,1.5561000108718872,16.209999084472656,2126.5,97.88999938964844,1254.4000244140625,1.7660000324249268,0.29499998688697815,,yfinance
2016-10-18,51.68000030517578,50.290000915527344,1.568600058555603,15.279999732971191,2139.60009765625,97.9000015258789,1260.800048828125,1.7489999532699585,0.3330000042915344,,yfinance
2016-10-19,52.66999816894531,51.599998474121094,1.5879000425338745,14.40999984741211,2144.2900390625,97.87000274658203,1267.9000244140625,1.7519999742507935,0.3230000138282776,,yfinance
2016-10-20,51.380001068115234,50.43000030517578,1.5595999956130981,13.75,2141.340087890625,98.31999969482422,1265.5999755859375,1.746999979019165,0.3199999928474426,,yfinance
2016-10-21,51.779998779296875,50.849998474121094,1.5740000009536743,13.34000015258789,2141.159912109375,98.69999694824219,1265.9000244140625,1.7400000095367432,0.3149999976158142,,yfinance
2016-10-24,51.459999084472656,50.52000045776367,1.579800009727478,13.020000457763672,2151.330078125,98.66999816894531,1262.0,1.7630000114440918,0.31299999356269836,,yfinance
2016-10-25,50.790000915527344,49.959999084472656,1.563099980354309,13.460000038146973,2143.159912109375,98.72000122070312,1271.9000244140625,1.7580000162124634,0.32499998807907104,,yfinance
2016-10-26,49.97999954223633,49.18000030517578,1.5511000156402588,14.239999771118164,2139.429931640625,98.62999725341797,1264.800048828125,1.7899999618530273,0.31299999356269836,,yfinance
2016-10-27,50.470001220703125,49.720001220703125,1.570099949836731,15.359999656677246,2133.0400390625,98.88999938964844,1267.9000244140625,1.843000054359436,0.2750000059604645,,yfinance
2016-10-28,49.709999084472656,48.70000076293945,1.542199969291687,16.190000534057617,2126.409912109375,98.3499984741211,1275.5,1.8450000286102295,0.27300000190734863,,yfinance
2016-10-31,48.29999923706055,46.86000061035156,1.4954999685287476,17.059999465942383,2126.14990234375,98.44999694824219,1271.5,1.8339999914169312,0.29499998688697815,,yfinance
2016-11-01,48.33000183105469,46.66999816894531,1.5168999433517456,18.559999465942383,2111.719970703125,97.69999694824219,1286.4000244140625,1.8200000524520874,0.3449999988079071,,yfinance
2016-11-02,46.86000061035156,45.34000015258789,1.4665000438690186,19.31999969482422,2097.93994140625,97.4000015258789,1306.800048828125,1.7990000247955322,0.3449999988079071,,yfinance
2016-11-03,46.349998474121094,44.65999984741211,1.4581999778747559,22.079999923706055,2088.659912109375,97.16000366210938,1302.0999755859375,1.812000036239624,0.3580000102519989,,yfinance
2016-11-04,45.58000183105469,44.06999969482422,1.430299997329712,22.510000228881836,2085.179931640625,97.06999969482422,1303.300048828125,1.7829999923706055,0.3580000102519989,,yfinance
2016-11-07,46.150001525878906,44.88999938964844,1.440600037574768,18.709999084472656,2131.52001953125,97.77999877929688,1278.300048828125,1.8279999494552612,0.38999998569488525,,yfinance
2016-11-08,46.040000915527344,44.97999954223633,1.441100001335144,18.739999771118164,2139.56005859375,97.86000061035156,1273.4000244140625,1.8619999885559082,0.41999998688697815,,yfinance
2016-11-09,46.36000061035156,45.27000045776367,1.441100001335144,14.380000114440918,2163.260009765625,98.5,1272.5999755859375,2.072000026702881,0.4180000126361847,,yfinance
2016-11-10,45.84000015258789,44.65999984741211,1.4365999698638916,14.739999771118164,2167.47998046875,98.79000091552734,1265.5,2.117000102996826,0.4580000042915344,,yfinance
2016-11-11,,,,14.170000076293945,2164.449951171875,,,,,,yfinance
2016-11-14,44.43000030517578,43.31999969482422,1.3854999542236328,14.479999542236328,2164.199951171875,100.11000061035156,1221.199951171875,2.2219998836517334,0.503000020980835,,yfinance
2016-11-15,46.95000076293945,45.810001373291016,1.4438999891281128,13.369999885559082,2180.389892578125,100.19000244140625,1224.0,2.23799991607666,0.4880000054836273,,yfinance
2016-11-16,46.630001068115234,45.56999969482422,1.434999942779541,13.720000267028809,2176.93994140625,100.41000366210938,1223.4000244140625,2.2230000495910645,0.453000009059906,,yfinance
2016-11-17,46.4900016784668,45.41999816894531,1.4470000267028809,13.350000381469727,2187.1201171875,100.88999938964844,1216.5,2.2760000228881836,0.41999998688697815,,yfinance
2016-11-18,46.86000061035156,45.689998626708984,1.4577000141143799,12.850000381469727,2181.89990234375,101.20999908447266,1208.5,2.3350000381469727,0.4180000126361847,,yfinance
2016-11-21,48.900001525878906,47.4900016784668,1.5245000123977661,12.420000076293945,2198.179931640625,101.05000305175781,1209.5999755859375,2.3389999866485596,0.41999998688697815,,yfinance
2016-11-22,49.119998931884766,48.029998779296875,1.5262999534606934,12.40999984741211,2202.93994140625,101.04000091552734,1211.0,2.321000099182129,0.4749999940395355,,yfinance
2016-11-23,48.95000076293945,47.959999084472656,1.5168999433517456,12.430000305175781,2204.719970703125,101.69999694824219,1189.0999755859375,2.3570001125335693,0.48500001430511475,,yfinance
2016-11-25,47.2400016784668,46.060001373291016,1.4700000286102295,12.34000015258789,2213.35009765625,101.48999786376953,1178.199951171875,2.371999979019165,0.47999998927116394,,yfinance
2016-11-28,48.2400016784668,47.08000183105469,1.5127999782562256,13.149999618530273,2201.719970703125,101.33000183105469,1190.5999755859375,2.319999933242798,0.44999998807907104,,yfinance
2016-11-29,46.380001068115234,45.22999954223633,1.4627000093460083,12.899999618530273,2204.659912109375,100.93000030517578,1187.9000244140625,2.302000045776367,0.46799999475479126,,yfinance
2016-11-30,50.470001220703125,49.439998626708984,1.5708999633789062,13.329999923706055,2198.81005859375,101.5,1170.800048828125,2.368000030517578,0.46799999475479126,,yfinance
2016-12-01,50.459999084472656,51.060001373291016,1.6478999853134155,14.069999694824219,2191.080078125,101.04000091552734,1166.9000244140625,2.440999984741211,0.4580000042915344,,yfinance
2016-12-02,54.459999084472656,51.68000030517578,1.6581000089645386,14.119999885559082,2191.949951171875,100.7699966430664,1175.0999755859375,2.390000104904175,0.45500001311302185,,yfinance
2016-12-05,54.939998626708984,51.790000915527344,1.657099962234497,12.140000343322754,2204.7099609375,100.13999938964844,1174.0,2.38700008392334,0.453000009059906,,yfinance
2016-12-06,53.93000030517578,50.93000030517578,1.6378999948501587,11.789999961853027,2212.22998046875,100.48999786376953,1167.5999755859375,2.3959999084472656,0.48500001430511475,,yfinance
2016-12-07,53.0,49.77000045776367,1.618399977684021,12.220000267028809,2241.35009765625,100.2300033569336,1175.0,2.3469998836517334,0.4880000054836273,,yfinance
2016-12-08,53.88999938964844,50.84000015258789,1.6259000301361084,12.640000343322754,2246.18994140625,101.06999969482422,1169.800048828125,2.38700008392334,0.49000000953674316,,yfinance
2016-12-09,54.33000183105469,51.5,1.6374000310897827,11.75,2259.530029296875,101.56999969482422,1159.4000244140625,2.4639999866485596,0.5199999809265137,,yfinance
2016-12-12,55.689998626708984,52.83000183105469,1.6717000007629395,12.640000343322754,2256.9599609375,100.95999908447266,1163.5,2.4790000915527344,0.5,,yfinance
2016-12-13,55.720001220703125,52.97999954223633,1.6747000217437744,12.720000267028809,2271.719970703125,101.02999877929688,1156.699951171875,2.4809999465942383,0.5230000019073486,,yfinance
2016-12-14,53.900001525878906,51.040000915527344,1.6434999704360962,13.1899995803833,2253.280029296875,102.0,1161.300048828125,2.5250000953674316,0.5230000019073486,,yfinance
2016-12-15,54.02000045776367,50.900001525878906,1.6419999599456787,12.789999961853027,2262.030029296875,103.12999725341797,1127.800048828125,2.5799999237060547,0.4880000054836273,,yfinance
2016-12-16,55.209999084472656,51.900001525878906,1.6722999811172485,12.199999809265137,2258.070068359375,102.94999694824219,1135.300048828125,2.5969998836517334,0.48500001430511475,,yfinance
2016-12-19,54.91999816894531,52.119998931884766,1.6690000295639038,11.710000038146973,2262.530029296875,103.13999938964844,1140.5,2.5420000553131104,0.4779999852180481,,yfinance
2016-12-20,55.349998474121094,52.22999954223633,1.6687999963760376,11.449999809265137,2270.760009765625,103.29000091552734,1131.5,2.568000078201294,0.5130000114440918,,yfinance
2016-12-21,54.459999084472656,52.4900016784668,1.6401000022888184,11.270000457763672,2265.179931640625,103.0199966430664,1131.0999755859375,2.5460000038146973,0.503000020980835,,yfinance
2016-12-22,55.04999923706055,52.95000076293945,1.6607999801635742,11.430000305175781,2260.9599609375,103.08999633789062,1128.800048828125,2.552999973297119,0.49300000071525574,,yfinance
2016-12-23,55.15999984741211,53.02000045776367,1.6627999544143677,11.4399995803833,2263.7900390625,103.01000213623047,1131.9000244140625,2.5429999828338623,0.5,,yfinance
2016-12-27,56.09000015258789,53.900001525878906,1.6993999481201172,11.989999771118164,2268.8798828125,103.0199966430664,1137.300048828125,2.562999963760376,0.4950000047683716,,yfinance
2016-12-28,56.220001220703125,54.060001373291016,1.6993000507354736,12.949999809265137,2249.919921875,103.26000213623047,1139.4000244140625,2.50600004196167,0.4950000047683716,,yfinance
2016-12-29,56.13999938964844,53.77000045776367,1.7036999464035034,13.369999885559082,2249.260009765625,102.68000030517578,1156.4000244140625,2.4769999980926514,0.4399999976158142,,yfinance
2016-12-30,56.130001068115234,53.720001220703125,1.704300045967102,14.039999961853027,2238.830078125,102.38999938964844,1150.0,2.446000099182129,0.47999998927116394,,yfinance
2017-01-03,55.470001220703125,52.33000183105469,1.6766999959945679,12.850000381469727,2257.830078125,103.20999908447266,1160.4000244140625,2.450000047683716,0.4749999940395355,,yfinance
2017-01-04,56.459999084472656,53.2599983215332,1.6929999589920044,11.850000381469727,2270.75,102.69999694824219,1163.800048828125,2.4519999027252197,0.5180000066757202,,yfinance
2017-01-05,56.88999938964844,53.7599983215332,1.694200038909912,11.670000076293945,2269.0,101.5199966430664,1179.699951171875,2.368000030517578,0.5080000162124634,,yfinance
2017-01-06,57.099998474121094,53.9900016784668,1.7031999826431274,11.319999694824219,2276.97998046875,102.22000122070312,1171.9000244140625,2.4179999828338623,0.503000020980835,,yfinance
2017-01-09,54.939998626708984,51.959999084472656,1.6375999450683594,11.5600004196167,2268.89990234375,101.93000030517578,1183.5,2.375999927520752,0.48500001430511475,,yfinance
2017-01-10,53.63999938964844,50.81999969482422,1.6114000082015991,11.489999771118164,2268.89990234375,102.01000213623047,1184.199951171875,2.378999948501587,0.503000020980835,,yfinance
2017-01-11,55.099998474121094,52.25,1.652400016784668,11.260000228881836,2275.320068359375,101.77999877929688,1195.5999755859375,2.369999885559082,0.49799999594688416,,yfinance
2017-01-12,56.0099983215332,53.0099983215332,1.6756000518798828,11.539999961853027,2270.43994140625,101.3499984741211,1198.9000244140625,2.3610000610351562,0.503000020980835,,yfinance
2017-01-13,55.45000076293945,52.369998931884766,1.6513999700546265,11.229999542236328,2274.639892578125,101.18000030517578,1195.300048828125,2.380000114440918,0.5130000114440918,,yfinance
2017-01-17,55.470001220703125,52.47999954223633,1.6485999822616577,11.869999885559082,2267.889892578125,100.33000183105469,1212.0,2.3269999027252197,0.5130000114440918,,yfinance
2017-01-18,53.91999816894531,51.08000183105469,1.6092000007629395,12.479999542236328,2271.889892578125,100.93000030517578,1211.300048828125,2.3889999389648438,0.5149999856948853,,yfinance
2017-01-19,54.15999984741211,51.369998931884766,1.618299961090088,12.779999732971191,2263.68994140625,101.1500015258789,1200.9000244140625,2.4590001106262207,0.503000020980835,,yfinance
2017-01-20,55.4900016784668,52.41999816894531,1.645900011062622,11.539999961853027,2271.31005859375,100.73999786376953,1204.300048828125,2.4670000076293945,0.47999998927116394,,yfinance
2017-01-23,55.22999954223633,52.75,1.6265000104904175,11.770000457763672,2265.199951171875,100.16000366210938,1215.0,2.4030001163482666,0.4729999899864197,,yfinance
2017-01-24,55.439998626708984,53.18000030517578,1.6414999961853027,11.069999694824219,2280.070068359375,100.3499984741211,1210.300048828125,2.4709999561309814,0.49300000071525574,,yfinance
2017-01-25,55.08000183105469,52.75,1.6114000082015991,10.8100004196167,2298.3701171875,100.02999877929688,1197.300048828125,2.5230000019073486,0.4830000102519989,,yfinance
2017-01-26,56.2400016784668,53.779998779296875,1.6409000158309937,10.630000114440918,2296.679931640625,100.37999725341797,1189.5,2.507999897003174,0.4880000054836273,,yfinance
2017-01-27,55.52000045776367,53.16999816894531,1.618899941444397,10.579999923706055,2294.68994140625,100.52999877929688,1188.0999755859375,2.4809999465942383,0.49799999594688416,,yfinance
2017-01-30,55.22999954223633,52.630001068115234,1.6066999435424805,11.880000114440918,2280.89990234375,100.43000030517578,1193.199951171875,2.4830000400543213,0.4950000047683716,,yfinance
2017-01-31,55.70000076293945,52.810001373291016,1.6117000579833984,11.989999771118164,2278.8701171875,99.51000213623047,1208.5999755859375,2.4509999752044678,0.5,,yfinance
2017-02-01,55.65999984741211,53.880001068115234,1.6740000247955322,11.8100004196167,2279.550048828125,99.63999938964844,1205.5999755859375,2.4739999771118164,0.5,,yfinance
2017-02-02,56.560001373291016,53.540000915527344,1.6518000364303589,11.930000305175781,2280.85009765625,99.8499984741211,1216.699951171875,2.4700000286102295,0.4880000054836273,,yfinance
2017-02-03,56.810001373291016,53.83000183105469,1.6650999784469604,10.970000267028809,2297.419921875,99.87000274658203,1218.5,2.490999937057495,0.4880000054836273,,yfinance
2017-02-06,55.720001220703125,53.0099983215332,1.635200023651123,11.369999885559082,2292.56005859375,99.91000366210938,1230.0,2.4130001068115234,0.503000020980835,,yfinance
2017-02-07,55.04999923706055,52.16999816894531,1.6220999956130981,11.289999961853027,2293.080078125,100.26000213623047,1234.199951171875,2.3889999389648438,0.5249999761581421,,yfinance
2017-02-08,55.119998931884766,52.34000015258789,1.6360000371932983,11.449999809265137,2294.669921875,100.27999877929688,1237.5999755859375,2.3510000705718994,0.5249999761581421,,yfinance
2017-02-09,55.630001068115234,53.0,1.6414999961853027,10.880000114440918,2307.8701171875,100.6500015258789,1235.0999755859375,2.3949999809265137,0.527999997138977,,yfinance
2017-02-10,56.70000076293945,53.86000061035156,1.6658999919891357,10.850000381469727,2316.10009765625,100.80000305175781,1234.4000244140625,2.4089999198913574,0.5230000019073486,,yfinance
2017-02-13,55.59000015258789,52.93000030517578,1.6273000240325928,11.069999694824219,2328.25,100.95999908447266,1224.4000244140625,2.434000015258789,0.5230000019073486,,yfinance
2017-02-14,55.970001220703125,53.20000076293945,1.638200044631958,10.739999771118164,2337.580078125,101.25,1223.9000244140625,2.4700000286102295,0.5350000262260437,,yfinance
2017-02-15,55.75,53.11000061035156,1.6304999589920044,11.970000267028809,2349.25,101.18000030517578,1231.699951171875,2.502000093460083,0.5199999809265137,,yfinance
2017-02-16,55.650001525878906,53.36000061035156,1.62909996509552,11.760000228881836,2347.219970703125,100.44000244140625,1240.0,2.450000047683716,0.5080000162124634,,yfinance
2017-02-17,55.810001373291016,53.400001525878906,1.6363999843597412,11.489999771118164,2351.159912109375,100.94999694824219,1237.5999755859375,2.424999952316284,0.5080000162124634,,yfinance
2017-02-21,56.65999984741211,54.060001373291016,1.6425000429153442,11.569999694824219,2365.3798828125,101.37000274658203,1237.5,2.427000045776367,0.5049999952316284,,yfinance
2017-02-22,55.84000015258789,53.59000015258789,1.6296000480651855,11.739999771118164,2362.820068359375,101.33000183105469,1232.0,2.4179999828338623,0.5099999904632568,,yfinance
2017-02-23,56.58000183105469,54.45000076293945,1.6567000150680542,11.710000038146973,2363.81005859375,101.05000305175781,1250.199951171875,2.388000011444092,0.49799999594688416,,yfinance
2017-02-24,55.9900016784668,53.9900016784668,1.6404000520706177,11.470000267028809,2367.340087890625,101.08999633789062,1256.9000244140625,2.316999912261963,0.49799999594688416,,yfinance
2017-02-27,55.93000030517578,54.04999923706055,1.6398999691009521,12.09000015258789,2369.75,101.12999725341797,1257.4000244140625,2.36899995803833,0.49000000953674316,,yfinance
2017-02-28,55.59000015258789,54.0099983215332,1.6208000183105469,12.920000076293945,2363.639892578125,101.12000274658203,1252.5999755859375,2.3580000400543213,0.5230000019073486,,yfinance
2017-03-01,55.599998474121094,53.83000183105469,1.6240999698638916,12.539999961853027,2395.9599609375,101.77999877929688,1248.9000244140625,2.4630000591278076,0.6150000095367432,,yfinance
2017-03-02,55.08000183105469,52.61000061035156,1.5791000127792358,11.8100004196167,2381.919921875,102.19999694824219,1231.9000244140625,2.489000082015991,0.6449999809265137,,yfinance
2017-03-03,55.900001525878906,53.33000183105469,1.5936000347137451,10.960000038146973,2383.1201171875,101.54000091552734,1225.5,2.492000102996826,0.6830000281333923,,yfinance
2017-03-06,56.0099983215332,53.20000076293945,1.6045000553131104,11.239999771118164,2375.31005859375,101.63999938964844,1224.5,2.49399995803833,0.7049999833106995,,yfinance
2017-03-07,55.91999816894531,53.13999938964844,1.6138999462127686,11.449999809265137,2368.389892578125,101.80999755859375,1215.0999755859375,2.510999917984009,0.7350000143051147,,yfinance
2017-03-08,53.11000061035156,50.279998779296875,1.5566999912261963,11.859999656677246,2362.97998046875,102.06999969482422,1208.5,2.552000045776367,0.7080000042915344,,yfinance
2017-03-09,52.189998626708984,49.279998779296875,1.5295000076293945,12.300000190734863,2364.8701171875,101.8499984741211,1202.4000244140625,2.5980000495910645,0.7129999995231628,,yfinance
2017-03-10,51.369998931884766,48.4900016784668,1.503600001335144,11.65999984741211,2372.60009765625,101.25,1200.699951171875,2.5820000171661377,0.7250000238418579,,yfinance
2017-03-13,51.349998474121094,48.400001525878906,1.500599980354309,11.350000381469727,2373.469970703125,101.37999725341797,1202.4000244140625,2.6080000400543213,0.7279999852180481,,yfinance
2017-03-14,50.91999816894531,47.720001220703125,1.4918999671936035,12.300000190734863,2365.449951171875,101.69999694824219,1201.9000244140625,2.5950000286102295,0.753000020980835,,yfinance
2017-03-15,51.810001373291016,48.86000061035156,1.5124000310897827,11.630000114440918,2385.260009765625,100.73999786376953,1200.0999755859375,2.507999897003174,0.7149999737739563,,yfinance
2017-03-16,51.7400016784668,48.75,1.5042999982833862,11.210000038146973,2381.3798828125,100.2699966430664,1226.5,2.5220000743865967,0.7080000042915344,,yfinance
2017-03-17,51.7599983215332,48.779998779296875,1.5084999799728394,11.279999732971191,2378.25,100.30000305175781,1229.800048828125,2.500999927520752,0.7080000042915344,,yfinance
2017-03-20,51.619998931884766,48.220001220703125,1.5140999555587769,11.34000015258789,2373.469970703125,100.41000366210938,1233.5999755859375,2.4730000495910645,0.7099999785423279,,yfinance
2017-03-21,50.959999084472656,47.34000015258789,1.5032999515533447,12.470000267028809,2344.02001953125,99.80999755859375,1246.0999755859375,2.436000108718872,0.753000020980835,,yfinance
2017-03-22,50.63999938964844,48.040000915527344,1.4967999458312988,12.8100004196167,2348.449951171875,99.68000030517578,1249.300048828125,2.3959999084472656,0.7480000257492065,,yfinance
2017-03-23,50.560001373291016,47.70000076293945,1.4901000261306763,13.119999885559082,2345.9599609375,99.76000213623047,1246.9000244140625,2.4179999828338623,0.7480000257492065,,yfinance
2017-03-24,50.79999923706055,47.970001220703125,1.4975999593734741,12.960000038146973,2343.97998046875,99.62999725341797,1248.199951171875,2.4000000953674316,0.7480000257492065,,yfinance
2017-03-27,50.75,47.72999954223633,1.502500057220459,12.5,2341.590087890625,99.16999816894531,1255.4000244140625,2.372999906539917,0.7580000162124634,,yfinance
2017-03-28,51.33000183105469,48.369998931884766,1.516700029373169,11.529999732971191,2358.570068359375,99.70999908447266,1255.300048828125,2.4089999198913574,0.7730000019073486,,yfinance
2017-03-29,52.41999816894531,49.5099983215332,1.5425000190734863,11.420000076293945,2361.1298828125,100.0,1253.4000244140625,2.385999917984009,0.7549999952316284,,yfinance
2017-03-30,52.959999084472656,50.349998474121094,1.5582000017166138,11.539999961853027,2368.06005859375,100.41000366210938,1245.0,2.4159998893737793,0.7580000162124634,,yfinance
2017-03-31,52.83000183105469,50.599998474121094,1.5736000537872314,12.369999885559082,2362.719970703125,100.3499984741211,1247.300048828125,2.3959999084472656,0.7379999756813049,,yfinance
2017-04-03,53.119998931884766,50.2400016784668,1.5634000301361084,12.380000114440918,2358.840087890625,100.54000091552734,1250.800048828125,2.3499999046325684,0.7400000095367432,,yfinance
2017-04-04,54.16999816894531,51.029998779296875,1.5923000574111938,11.789999961853027,2360.159912109375,100.54000091552734,1255.0,2.3499999046325684,0.7799999713897705,,yfinance
2017-04-05,54.36000061035156,51.150001525878906,1.6035000085830688,12.890000343322754,2352.949951171875,100.55999755859375,1245.4000244140625,2.3570001125335693,0.7799999713897705,,yfinance
2017-04-06,54.88999938964844,51.70000076293945,1.6129000186920166,12.390000343322754,2357.489990234375,100.66999816894531,1250.300048828125,2.3429999351501465,0.7879999876022339,,yfinance
2017-04-07,55.2400016784668,52.2400016784668,1.6283999681472778,12.869999885559082,2355.5400390625,101.18000030517578,1254.300048828125,2.372999906539917,0.7979999780654907,,yfinance
2017-04-10,55.97999954223633,53.08000183105469,1.6473000049591064,14.050000190734863,2357.159912109375,101.0199966430664,1251.0999755859375,2.3610000610351562,0.7879999876022339,,yfinance
2017-04-11,56.22999954223633,53.400001525878906,1.6505999565124512,15.069999694824219,2353.780029296875,100.70999908447266,1271.199951171875,2.2980000972747803,0.800000011920929,,yfinance
2017-04-12,55.86000061035156,53.11000061035156,1.6519999504089355,15.770000457763672,2344.929931640625,100.77999877929688,1275.300048828125,2.2960000038146973,0.7929999828338623,,yfinance
2017-04-13,55.88999938964844,53.18000030517578,1.6495000123977661,15.960000038146973,2328.949951171875,100.55999755859375,1285.9000244140625,2.2320001125335693,0.7900000214576721,,yfinance
2017-04-17,55.36000061035156,52.650001525878906,1.6328999996185303,14.65999984741211,2349.010009765625,100.30000305175781,1289.4000244140625,2.252000093460083,0.7900000214576721,,yfinance
2017-04-18,54.88999938964844,52.40999984741211,1.621899962425232,14.420000076293945,2342.18994140625,99.5,1291.699951171875,2.178999900817871,0.8050000071525574,,yfinance
2017-04-19,52.93000030517578,50.439998626708984,1.5813000202178955,14.930000305175781,2338.169921875,99.73999786376953,1281.4000244140625,2.2019999027252197,0.7850000262260437,,yfinance
2017-04-20,52.9900016784668,50.27000045776367,1.5788999795913696,14.149999618530273,2355.840087890625,99.77999877929688,1281.9000244140625,2.240999937057495,0.7699999809265137,,yfinance
2017-04-21,51.959999084472656,49.619998931884766,1.5533000230789185,14.630000114440918,2348.68994140625,99.9800033569336,1287.4000244140625,2.236999988555908,0.7630000114440918,,yfinance
2017-04-24,51.599998474121094,49.22999954223633,1.5427000522613525,10.84000015258789,2374.14990234375,99.08999633789062,1275.800048828125,2.2730000019073486,0.7699999809265137,,yfinance
2017-04-25,52.099998474121094,49.560001373291016,1.545199990272522,10.760000228881836,2388.610107421875,98.81999969482422,1265.5999755859375,2.3269999027252197,0.8080000281333923,,yfinance
2017-04-26,51.81999969482422,49.619998931884766,1.5367000102996826,10.850000381469727,2387.449951171875,98.95999908447266,1262.0999755859375,2.311000108718872,0.8029999732971191,,yfinance
2017-04-27,51.439998626708984,48.970001220703125,1.507200002670288,10.359999656677246,2388.77001953125,99.08000183105469,1263.699951171875,2.2960000038146973,0.7850000262260437,,yfinance
2017-04-28,51.72999954223633,49.33000183105469,1.503999948501587,10.819999694824219,2384.199951171875,99.05000305175781,1266.0999755859375,2.2820000648498535,0.7799999713897705,,yfinance
2017-05-01,51.52000045776367,48.84000015258789,1.4878000020980835,10.109999656677246,2388.330078125,99.13999938964844,1253.300048828125,2.325000047683716,0.7850000262260437,,yfinance
2017-05-02,50.459999084472656,47.65999984741211,1.468000054359436,10.59000015258789,2391.169921875,98.9800033569336,1255.0999755859375,2.2960000038146973,0.8429999947547913,,yfinance
2017-05-03,50.790000915527344,47.81999969482422,1.4736000299453735,10.680000305175781,2388.1298828125,99.20999908447266,1246.4000244140625,2.309000015258789,0.8479999899864197,,yfinance
2017-05-04,48.380001068115234,45.52000045776367,1.4122999906539917,10.460000038146973,2389.52001953125,98.76000213623047,1226.5,2.3559999465942383,0.8550000190734863,,yfinance
2017-05-05,49.099998474121094,46.220001220703125,1.4365999698638916,10.569999694824219,2399.2900390625,98.6500015258789,1224.800048828125,2.3519999980926514,0.8679999709129333,,yfinance
2017-05-08,49.34000015258789,46.43000030517578,1.4556000232696533,9.770000457763672,2399.3798828125,99.1500015258789,1225.300048828125,2.375999927520752,0.8700000047683716,,yfinance
2017-05-09,48.72999954223633,45.880001068115234,1.4421000480651855,9.960000038146973,2396.919921875,99.58999633789062,1214.300048828125,2.4070000648498535,0.8899999856948853,,yfinance
2017-05-10,50.220001220703125,47.33000183105469,1.4753999710083008,10.210000038146973,2399.6298828125,99.66999816894531,1217.300048828125,2.4140000343322754,0.875,,yfinance
2017-05-11,50.77000045776367,47.83000183105469,1.48989999294281,10.600000381469727,2394.43994140625,99.62000274658203,1222.699951171875,2.4000000953674316,0.8600000143051147,,yfinance
2017-05-12,50.84000015258789,47.84000015258789,1.493299961090088,10.399999618530273,2390.89990234375,99.25,1226.199951171875,2.3350000381469727,0.8550000190734863,,yfinance
2017-05-15,51.81999969482422,48.849998474121094,1.509600043296814,10.420000076293945,2402.320068359375,98.91000366210938,1228.5999755859375,2.3380000591278076,0.8629999756813049,,yfinance
2017-05-16,51.650001525878906,48.65999984741211,1.5163999795913696,10.649999618530273,2400.669921875,98.11000061035156,1235.0,2.3289999961853027,0.8899999856948853,,yfinance
2017-05-17,52.209999084472656,49.06999969482422,1.5334999561309814,15.59000015258789,2357.030029296875,97.41999816894531,1257.5,2.2160000801086426,0.875,,yfinance
2017-05-18,52.5099983215332,49.349998474121094,1.545300006866455,14.65999984741211,2365.719970703125,97.87999725341797,1251.699951171875,2.2330000400543213,0.8930000066757202,,yfinance
2017-05-19,53.61000061035156,50.33000183105469,1.5827000141143799,12.039999961853027,2381.72998046875,97.1500015258789,1252.699951171875,2.244999885559082,0.8880000114440918,,yfinance
2017-05-22,53.869998931884766,50.72999954223633,1.6021000146865845,10.930000305175781,2394.02001953125,96.9800033569336,1260.699951171875,2.253999948501587,0.878000020980835,,yfinance
2017-05-23,54.150001525878906,51.470001220703125,1.6066999435424805,10.720000267028809,2398.419921875,97.3499984741211,1254.800048828125,2.2850000858306885,0.9129999876022339,,yfinance
2017-05-24,53.959999084472656,51.36000061035156,1.6062999963760376,10.020000457763672,2404.389892578125,97.23999786376953,1252.4000244140625,2.2660000324249268,0.9049999713897705,,yfinance
2017-05-25,51.459999084472656,48.900001525878906,1.5508999824523926,9.989999771118164,2415.070068359375,97.25,1255.800048828125,2.255000114440918,0.9079999923706055,,yfinance
2017-05-26,52.150001525878906,49.79999923706055,1.5633000135421753,9.8100004196167,2415.820068359375,97.4000015258789,1267.5999755859375,2.25,0.9100000262260437,,yfinance
2017-05-30,51.84000015258789,49.65999984741211,1.549399971961975,10.380000114440918,2412.909912109375,97.27999877929688,1262.0999755859375,2.2170000076293945,0.9100000262260437,,yfinance
2017-05-31,50.310001373291016,48.31999969482422,1.5153000354766846,10.40999984741211,2411.800048828125,96.91999816894531,1272.0,2.196000099182129,0.949999988079071,,yfinance
2017-06-01,50.33000183105469,48.36000061035156,1.5017000436782837,9.890000343322754,2430.06005859375,97.19999694824219,1267.0,2.2170000076293945,0.9480000138282776,,yfinance
2017-06-02,49.95000076293945,47.65999984741211,1.4847999811172485,9.75,2439.070068359375,96.72000122070312,1276.800048828125,2.1589999198913574,0.953000009059906,,yfinance
2017-06-05,49.470001220703125,47.400001525878906,1.4593000411987305,10.069999694824219,2436.10009765625,96.80000305175781,1279.300048828125,2.181999921798706,0.9480000138282776,,yfinance
2017-06-06,50.119998931884766,48.189998626708984,1.4661999940872192,10.449999809265137,2429.330078125,96.63999938964844,1294.4000244140625,2.1470000743865967,0.9580000042915344,,yfinance
2017-06-07,48.060001373291016,45.720001220703125,1.416200041770935,10.390000343322754,2433.139892578125,96.75,1290.0999755859375,2.177999973297119,0.9729999899864197,,yfinance
2017-06-08,47.86000061035156,45.63999938964844,1.4222999811172485,10.15999984741211,2433.7900390625,96.91999816894531,1276.300048828125,2.194000005722046,0.9729999899864197,,yfinance
2017-06-09,48.150001525878906,45.83000183105469,1.4312000274658203,10.699999809265137,2431.77001953125,97.2699966430664,1268.5,2.1989998817443848,0.9800000190734863,,yfinance
2017-06-12,48.290000915527344,46.08000183105469,1.4254000186920166,11.460000038146973,2429.389892578125,97.13999938964844,1266.0999755859375,2.2130000591278076,0.9729999899864197,,yfinance
2017-06-13,48.720001220703125,46.459999084472656,1.447700023651123,10.420000076293945,2440.35009765625,96.9800033569336,1265.800048828125,2.2070000171661377,0.9829999804496765,,yfinance
2017-06-14,47.0,44.72999954223633,1.4101999998092651,10.640000343322754,2437.919921875,96.94000244140625,1272.800048828125,2.138000011444092,0.9829999804496765,,yfinance
2017-06-15,46.91999816894531,44.459999084472656,1.4146000146865845,10.899999618530273,2432.4599609375,97.43000030517578,1252.199951171875,2.1619999408721924,0.9929999709129333,,yfinance
2017-06-16,47.369998931884766,44.7400016784668,1.4270000457763672,10.380000114440918,2433.14990234375,97.16000366210938,1254.0,2.1570000648498535,0.9850000143051147,,yfinance
2017-06-19,46.90999984741211,44.20000076293945,1.4111000299453735,10.369999885559082,2453.4599609375,97.52999877929688,1244.199951171875,2.190000057220459,0.9850000143051147,,yfinance
2017-06-20,46.02000045776367,43.22999954223633,1.3948999643325806,10.859999656677246,2437.030029296875,97.75,1241.0,2.1530001163482666,0.9929999709129333,,yfinance
2017-06-21,44.81999969482422,42.529998779296875,1.364799976348877,10.75,2435.610107421875,97.55999755859375,1243.4000244140625,2.1549999713897705,0.9679999947547913,,yfinance
2017-06-22,45.220001220703125,42.7400016784668,1.3716000318527222,10.479999542236328,2434.5,97.54000091552734,1247.5999755859375,2.1530001163482666,0.9330000281333923,,yfinance
2017-06-23,45.540000915527344,43.0099983215332,1.3717000484466553,10.020000457763672,2438.300048828125,97.30000305175781,1256.199951171875,2.1440000534057617,0.9330000281333923,,yfinance
2017-06-26,45.83000183105469,43.380001068115234,1.3802000284194946,9.899999618530273,2439.070068359375,97.43000030517578,1246.300048828125,2.13700008392334,0.9330000281333923,,yfinance
2017-06-27,46.650001525878906,44.2400016784668,1.413699984550476,11.0600004196167,2419.3798828125,96.47000122070312,1246.4000244140625,2.197999954223633,0.9900000095367432,,yfinance
2017-06-28,47.310001373291016,44.7400016784668,1.4329999685287476,10.029999732971191,2440.68994140625,96.05000305175781,1248.0,2.2209999561309814,0.9850000143051147,,yfinance
2017-06-29,47.41999816894531,44.93000030517578,1.4459999799728394,11.4399995803833,2419.699951171875,95.62999725341797,1244.199951171875,2.2669999599456787,1.003000020980835,,yfinance
2017-06-30,47.91999816894531,46.040000915527344,1.4754999876022339,11.180000305175781,2423.409912109375,95.66000366210938,1240.699951171875,2.302000045776367,0.9929999709129333,,yfinance
2017-07-03,49.68000030517578,47.06999969482422,1.5127999782562256,11.220000267028809,2429.010009765625,96.19999694824219,1217.9000244140625,2.3459999561309814,1.0,,yfinance
2017-07-05,47.790000915527344,45.130001068115234,1.4785000085830688,11.069999694824219,2432.5400390625,96.29000091552734,1220.4000244140625,2.3340001106262207,1.0199999809265137,,yfinance
2017-07-06,48.11000061035156,45.52000045776367,1.4818999767303467,12.539999961853027,2409.75,95.81999969482422,1222.199951171875,2.369999885559082,1.0080000162124634,,yfinance
2017-07-07,46.709999084472656,44.22999954223633,1.448199987411499,11.1899995803833,2425.179931640625,96.01000213623047,1208.5999755859375,2.3929998874664307,1.0080000162124634,,yfinance
2017-07-10,46.880001068115234,44.400001525878906,1.4536000490188599,11.109999656677246,2427.429931640625,96.05000305175781,1212.0999755859375,2.371000051498413,1.0130000114440918,,yfinance
2017-07-11,47.52000045776367,45.040000915527344,1.4763000011444092,10.890000343322754,2425.530029296875,95.73999786376953,1213.5999755859375,2.361999988555908,1.0329999923706055,,yfinance
2017-07-12,47.7400016784668,45.4900016784668,1.4737000465393066,10.300000190734863,2443.25,95.79000091552734,1218.0999755859375,2.3269999027252197,1.0230000019073486,,yfinance
2017-07-13,48.41999816894531,46.08000183105469,1.4917000532150269,9.899999618530273,2447.830078125,95.7300033569336,1216.300048828125,2.3480000495910645,1.0130000114440918,,yfinance
2017-07-14,48.90999984741211,46.540000915527344,1.5149999856948853,9.510000228881836,2459.27001953125,95.11000061035156,1226.5999755859375,2.319000005722046,1.0080000162124634,,yfinance
2017-07-17,48.41999816894531,46.02000045776367,1.499500036239624,9.819999694824219,2459.139892578125,95.12999725341797,1232.800048828125,2.309000015258789,1.0199999809265137,,yfinance
2017-07-18,48.84000015258789,46.400001525878906,1.5104000568389893,9.890000343322754,2460.610107421875,94.66000366210938,1241.0999755859375,2.263000011444092,1.0399999618530273,,yfinance
2017-07-19,49.70000076293945,47.119998931884766,1.5513999462127686,9.789999961853027,2473.830078125,94.80000305175781,1241.199951171875,2.2679998874664307,1.0850000381469727,,yfinance
2017-07-20,49.29999923706055,46.790000915527344,1.5435999631881714,9.579999923706055,2473.449951171875,94.2699966430664,1244.800048828125,2.2660000324249268,1.1130000352859497,,yfinance
2017-07-21,48.060001373291016,45.77000045776367,1.5152000188827515,9.359999656677246,2472.5400390625,93.94000244140625,1254.300048828125,2.2320001125335693,1.1380000114440918,,yfinance
2017-07-24,48.599998474121094,46.34000015258789,1.5168999433517456,9.430000305175781,2469.909912109375,93.9800033569336,1253.9000244140625,2.253999948501587,1.149999976158142,,yfinance
2017-07-25,50.20000076293945,47.88999938964844,1.56850004196167,9.430000305175781,2477.1298828125,94.05000305175781,1251.699951171875,2.3259999752044678,1.1430000066757202,,yfinance
2017-07-26,50.970001220703125,48.75,1.5952999591827393,9.600000381469727,2477.830078125,93.66999816894531,1249.0,2.2820000648498535,1.0950000286102295,,yfinance
2017-07-27,51.4900016784668,49.040000915527344,1.6031999588012695,10.109999656677246,2475.419921875,93.86000061035156,1259.5999755859375,2.309999942779541,1.0779999494552612,,yfinance
2017-07-28,52.52000045776367,49.709999084472656,1.6397000551223755,10.289999961853027,2472.10009765625,93.26000213623047,1268.4000244140625,2.2890000343322754,1.0529999732971191,,yfinance
2017-07-31,52.650001525878906,50.16999816894531,1.651900053024292,10.260000228881836,2470.300048828125,92.86000061035156,1266.5999755859375,2.2920000553131104,1.0529999732971191,,yfinance
2017-08-01,52.630001068115234,49.15999984741211,1.6412999629974365,10.09000015258789,2476.35009765625,93.02999877929688,1272.5999755859375,2.250999927520752,1.0579999685287476,,yfinance
2017-08-02,52.36000061035156,49.59000015258789,1.6588000059127808,10.279999732971191,2477.570068359375,92.83000183105469,1271.800048828125,2.26200008392334,1.0499999523162842,,yfinance
2017-08-03,52.0099983215332,49.029998779296875,1.6389000415802002,10.4399995803833,2472.159912109375,92.80999755859375,1267.800048828125,2.2279999256134033,1.0579999685287476,,yfinance
2017-08-04,52.41999816894531,49.58000183105469,1.6485999822616577,10.029999732971191,2476.830078125,93.54000091552734,1258.300048828125,2.2669999599456787,1.0529999732971191,,yfinance
2017-08-07,52.369998931884766,49.38999938964844,1.639799952507019,9.930000305175781,2480.909912109375,93.43000030517578,1258.199951171875,2.256999969482422,1.0329999923706055,,yfinance
2017-08-08,52.13999938964844,49.16999816894531,1.6291999816894531,10.960000038146973,2474.919921875,93.63999938964844,1256.4000244140625,2.2829999923706055,1.0299999713897705,,yfinance
2017-08-09,52.70000076293945,49.560001373291016,1.6533000469207764,11.109999656677246,2474.02001953125,93.5199966430664,1273.0,2.240999937057495,1.024999976158142,,yfinance
2017-08-10,51.900001525878906,48.59000015258789,1.6312999725341797,16.040000915527344,2438.2099609375,93.4000015258789,1283.699951171875,2.2119998931884766,1.0180000066757202,,yfinance
2017-08-11,52.099998474121094,48.81999969482422,1.634600043296814,15.510000228881836,2441.320068359375,93.06999969482422,1287.699951171875,2.188999891281128,1.0130000114440918,,yfinance
2017-08-14,50.72999954223633,47.59000015258789,1.6057000160217285,12.329999923706055,2465.840087890625,93.45999908447266,1284.199951171875,2.2190001010894775,1.003000020980835,,yfinance
2017-08-15,50.79999923706055,47.54999923706055,1.5995999574661255,12.039999961853027,2464.610107421875,93.8499984741211,1273.699951171875,2.2660000324249268,1.0080000162124634,,yfinance
2017-08-16,50.27000045776367,46.779998779296875,1.5743999481201172,11.739999771118164,2468.110107421875,93.48999786376953,1276.9000244140625,2.2260000705718994,0.9850000143051147,,yfinance
2017-08-17,51.029998779296875,47.09000015258789,1.5820000171661377,15.550000190734863,2430.010009765625,93.62000274658203,1286.4000244140625,2.1989998817443848,0.9779999852180481,,yfinance
2017-08-18,52.720001220703125,48.5099983215332,1.6203999519348145,14.260000228881836,2425.550048828125,93.43000030517578,1285.699951171875,2.194000005722046,0.9879999756813049,,yfinance
2017-08-21,51.65999984741211,47.369998931884766,1.5712000131607056,13.1899995803833,2428.3701171875,93.0999984741211,1290.800048828125,2.180000066757202,0.9649999737739563,,yfinance
2017-08-22,51.869998931884766,47.63999938964844,1.5911999940872192,11.350000381469727,2452.510009765625,93.55000305175781,1285.0999755859375,2.2149999141693115,0.9950000047683716,,yfinance
2017-08-23,52.56999969482422,48.40999984741211,1.624400019645691,12.25,2444.0400390625,93.1500015258789,1288.9000244140625,2.1710000038146973,0.9800000190734863,,yfinance
2017-08-24,52.040000915527344,47.43000030517578,1.621000051498413,12.229999542236328,2438.969970703125,93.27999877929688,1286.5,2.194000005722046,0.9980000257492065,,yfinance
2017-08-25,52.40999984741211,47.869998931884766,1.6223000288009644,11.279999732971191,2443.050048828125,92.73999786376953,1292.5,2.1689999103546143,0.9950000047683716,,yfinance
2017-08-28,51.88999938964844,46.56999969482422,1.635200023651123,11.319999694824219,2444.239990234375,92.20999908447266,1309.699951171875,2.1589999198913574,1.0049999952316284,,yfinance
2017-08-29,52.0,46.439998626708984,1.6655000448226929,11.699999809265137,2446.300048828125,92.3499984741211,1313.0999755859375,2.135999917984009,1.0099999904632568,,yfinance
2017-08-30,50.86000061035156,45.959999084472656,1.673799991607666,11.220000267028809,2457.590087890625,92.87999725341797,1308.0999755859375,2.1429998874664307,0.9980000257492065,,yfinance
2017-08-31,52.380001068115234,47.22999954223633,1.7575000524520874,10.59000015258789,2471.64990234375,92.66999816894531,1316.199951171875,2.121000051498413,0.9779999852180481,,yfinance
2017-09-01,52.31999969482422,47.290000915527344,1.7467999458312988,10.130000114440918,2476.550048828125,92.80999755859375,1324.5,2.1570000648498535,0.9850000143051147,,yfinance
2017-09-05,53.380001068115234,48.65999984741211,1.7480000257492065,12.229999542236328,2457.85009765625,92.30999755859375,1339.199951171875,2.069999933242798,0.9829999804496765,,yfinance
2017-09-06,54.20000076293945,49.15999984741211,1.7595000267028809,11.630000114440918,2465.5400390625,92.29000091552734,1333.9000244140625,2.1080000400543213,1.0379999876022339,,yfinance
2017-09-07,54.4900016784668,49.09000015258789,1.7861000299453735,11.550000190734863,2465.10009765625,91.52999877929688,1345.0999755859375,2.061000108718872,1.0230000019073486,,yfinance
2017-09-08,53.779998779296875,47.47999954223633,1.7656999826431274,12.119999885559082,2461.429931640625,91.33000183105469,1346.0,2.061000108718872,1.0199999809265137,,yfinance
2017-09-11,53.84000015258789,48.06999969482422,1.7426999807357788,10.729999542236328,2488.110107421875,91.86000061035156,1331.0,2.125,1.0199999809265137,,yfinance
2017-09-12,54.27000045776367,48.22999954223633,1.7405999898910522,10.579999923706055,2496.47998046875,91.91000366210938,1328.0,2.1710000038146973,1.0180000066757202,,yfinance
2017-09-13,55.15999984741211,49.29999923706055,1.7684999704360962,10.5,2498.3701171875,92.5199966430664,1323.4000244140625,2.194999933242798,1.0180000066757202,,yfinance
2017-09-14,55.470001220703125,49.88999938964844,1.777500033378601,10.4399995803833,2495.6201171875,92.12000274658203,1324.699951171875,2.197000026702881,1.027999997138977,,yfinance
2017-09-15,55.619998931884766,49.88999938964844,1.798799991607666,10.170000076293945,2500.22998046875,91.87000274658203,1320.4000244140625,2.2019999027252197,1.0099999904632568,,yfinance
2017-09-18,55.47999954223633,49.90999984741211,1.7796000242233276,10.149999618530273,2503.8701171875,92.05000305175781,1306.300048828125,2.2290000915527344,1.0,,yfinance
2017-09-19,55.13999938964844,49.47999954223633,1.7726000547409058,10.180000305175781,2506.64990234375,91.79000091552734,1306.199951171875,2.243000030517578,1.0180000066757202,,yfinance
2017-09-20,56.290000915527344,50.40999984741211,1.8070000410079956,9.779999732971191,2508.239990234375,92.51000213623047,1312.0,2.2769999504089355,1.0199999809265137,,yfinance
2017-09-21,56.43000030517578,50.54999923706055,1.8152999877929688,9.670000076293945,2500.60009765625,92.26000213623047,1290.5999755859375,2.2780001163482666,1.0080000162124634,,yfinance
2017-09-22,56.86000061035156,50.65999984741211,1.8163000345230103,9.59000015258789,2502.219970703125,92.16999816894531,1293.300048828125,2.26200008392334,1.003000020980835,,yfinance
2017-09-25,59.02000045776367,52.220001220703125,1.8562999963760376,10.210000038146973,2496.659912109375,92.6500015258789,1306.800048828125,2.2200000286102295,0.9980000257492065,,yfinance
2017-09-26,58.439998626708984,51.880001068115234,1.8452999591827393,10.170000076293945,2496.840087890625,92.97000122070312,1297.0,2.2290000915527344,1.0429999828338623,,yfinance
2017-09-27,57.900001525878906,52.13999938964844,1.8463000059127808,9.869999885559082,2507.0400390625,93.36000061035156,1283.4000244140625,2.309000015258789,1.0379999876022339,,yfinance
2017-09-28,57.40999984741211,51.560001373291016,1.8320000171661377,9.550000190734863,2510.06005859375,93.08999633789062,1285.5,2.309000015258789,1.0299999713897705,,yfinance
2017-09-29,57.540000915527344,51.66999816894531,1.8116999864578247,9.510000228881836,2519.360107421875,93.08000183105469,1281.5,2.3259999752044678,1.027999997138977,,yfinance
2017-10-02,56.119998931884766,50.58000183105469,1.7664999961853027,9.449999809265137,2529.1201171875,93.55999755859375,1272.699951171875,2.3369998931884766,1.0130000114440918,,yfinance
2017-10-03,56.0,50.41999816894531,1.750499963760376,9.510000228881836,2534.580078125,93.56999969482422,1271.5,2.3340001106262207,1.034999966621399,,yfinance
2017-10-04,55.79999923706055,49.97999954223633,1.773900032043457,9.630000114440918,2537.739990234375,93.45999908447266,1273.699951171875,2.3299999237060547,1.0429999828338623,,yfinance
2017-10-05,57.0,50.790000915527344,1.7862999439239502,9.1899995803833,2552.070068359375,93.95999908447266,1269.9000244140625,2.3499999046325684,1.0429999828338623,,yfinance
2017-10-06,55.619998931884766,49.290000915527344,1.743899941444397,9.649999618530273,2549.330078125,93.80000305175781,1271.5999755859375,2.369999885559082,1.0429999828338623,,yfinance
2017-10-09,55.790000915527344,49.58000183105469,1.735200047492981,10.329999923706055,2544.72998046875,93.73999786376953,1281.800048828125,2.3610000610351562,1.0449999570846558,,yfinance
2017-10-10,56.61000061035156,50.91999816894531,1.7648999691009521,10.079999923706055,2550.639892578125,93.29000091552734,1290.5999755859375,2.3450000286102295,1.0549999475479126,,yfinance
2017-10-11,56.939998626708984,51.29999923706055,1.7861000299453735,9.850000381469727,2555.239990234375,92.95999908447266,1285.800048828125,2.3450000286102295,1.0679999589920044,,yfinance
2017-10-12,56.25,50.599998474121094,1.7654999494552612,9.90999984741211,2550.929931640625,93.12000274658203,1293.300048828125,2.322999954223633,1.0529999732971191,,yfinance
2017-10-13,57.16999816894531,51.45000076293945,1.7970000505447388,9.609999656677246,2553.169921875,93.08999633789062,1301.5,2.2799999713897705,1.0499999523162842,,yfinance
2017-10-16,57.81999969482422,51.869998931884766,1.8128999471664429,9.90999984741211,2557.639892578125,93.27999877929688,1299.9000244140625,2.306999921798706,1.0549999475479126,,yfinance
2017-10-17,57.880001068115234,51.880001068115234,1.8098000288009644,10.3100004196167,2559.360107421875,93.48999786376953,1283.0,2.2980000972747803,1.0729999542236328,,yfinance
2017-10-18,58.150001525878906,52.040000915527344,1.8028000593185425,10.069999694824219,2561.260009765625,93.36000061035156,1279.9000244140625,2.3389999866485596,1.0679999589920044,,yfinance
2017-10-19,57.22999954223633,51.290000915527344,1.7767000198364258,10.050000190734863,2562.10009765625,93.2699966430664,1286.9000244140625,2.321000099182129,1.065000057220459,,yfinance
2017-10-20,57.75,51.470001220703125,1.8051999807357788,9.970000267028809,2575.2099609375,93.69999694824219,1277.4000244140625,2.38100004196167,1.0750000476837158,,yfinance
2017-10-23,57.369998931884766,51.900001525878906,1.7877999544143677,11.069999694824219,2564.97998046875,93.94000244140625,1277.699951171875,2.375999927520752,1.0700000524520874,,yfinance
2017-10-24,58.33000183105469,52.470001220703125,1.822100043296814,11.15999984741211,2569.1298828125,93.95999908447266,1275.0,2.4059998989105225,1.0980000495910645,,yfinance
2017-10-25,58.439998626708984,52.18000030517578,1.8181999921798706,11.229999542236328,2557.14990234375,93.70999908447266,1275.4000244140625,2.444000005722046,1.0829999446868896,,yfinance
2017-10-26,59.29999923706055,52.63999938964844,1.8418999910354614,11.300000190734863,2560.39990234375,94.61000061035156,1266.300048828125,2.4519999027252197,1.0800000429153442,,yfinance
2017-10-27,60.439998626708984,53.900001525878906,1.8668999671936035,9.800000190734863,2581.070068359375,94.91999816894531,1268.5,2.427999973297119,1.0729999542236328,,yfinance
2017-10-30,60.900001525878906,54.150001525878906,1.8776999711990356,10.5,2572.830078125,94.48999786376953,1274.0999755859375,2.369999885559082,1.0750000476837158,,yfinance
2017-10-31,61.369998931884766,54.380001068115234,1.8845000267028809,10.180000305175781,2575.260009765625,94.55000305175781,1267.0,2.375999927520752,1.1230000257492065,,yfinance
2017-11-01,61.290000915527344,54.29999923706055,1.8624999523162842,10.199999809265137,2579.360107421875,94.81999969482422,1274.0999755859375,2.375999927520752,1.1380000114440918,,yfinance
2017-11-02,60.619998931884766,54.540000915527344,1.8538999557495117,9.930000305175781,2579.85009765625,94.69000244140625,1274.9000244140625,2.3469998836517334,1.1380000114440918,,yfinance
2017-11-03,62.06999969482422,55.63999938964844,1.8866000175476074,9.140000343322754,2587.840087890625,94.94000244140625,1266.5,2.3429999351501465,1.1480000019073486,,yfinance
2017-11-06,64.2699966430664,57.349998474121094,1.942199945449829,9.399999618530273,2591.1298828125,94.72000122070312,1279.4000244140625,2.319999933242798,1.1579999923706055,,yfinance
2017-11-07,63.689998626708984,57.20000076293945,1.9219000339508057,9.890000343322754,2590.639892578125,94.91000366210938,1273.699951171875,2.306999921798706,1.187999963760376,,yfinance
2017-11-08,63.4900016784668,56.810001373291016,1.9215999841690063,9.779999732971191,2594.3798828125,94.87000274658203,1281.5999755859375,2.325000047683716,1.1950000524520874,,yfinance
2017-11-09,63.93000030517578,57.16999816894531,1.9469000101089478,10.5,2584.6201171875,94.44000244140625,1285.5999755859375,2.3310000896453857,1.2029999494552612,,yfinance
2017-11-10,63.52000045776367,56.7400016784668,1.9349000453948975,11.289999961853027,2582.300048828125,94.38999938964844,1272.4000244140625,2.4000000953674316,1.2000000476837158,,yfinance
2017-11-13,63.15999984741211,56.7599983215332,1.9321000576019287,11.5,2584.840087890625,94.48999786376953,1277.300048828125,2.4000000953674316,1.184999942779541,,yfinance
2017-11-14,62.209999084472656,55.70000076293945,1.906999945640564,11.59000015258789,2578.8701171875,93.83000183105469,1281.5,2.38100004196167,1.2400000095367432,,yfinance
2017-11-15,61.869998931884766,55.33000183105469,1.9086999893188477,13.130000114440918,2564.6201171875,93.80999755859375,1276.5,2.3350000381469727,1.2300000190734863,,yfinance
2017-11-16,61.36000061035156,55.13999938964844,1.9020999670028687,11.760000228881836,2585.639892578125,93.93000030517578,1277.4000244140625,2.3610000610351562,1.2300000190734863,,yfinance
2017-11-17,62.720001220703125,56.54999923706055,1.9465999603271484,11.430000305175781,2578.85009765625,93.66000366210938,1295.800048828125,2.3540000915527344,1.2400000095367432,,yfinance
2017-11-20,62.220001220703125,56.09000015258789,1.9321000576019287,10.649999618530273,2582.139892578125,94.08000183105469,1274.5999755859375,2.371999979019165,1.2400000095367432,,yfinance
2017-11-21,62.56999969482422,56.83000183105469,1.9358999729156494,9.729999542236328,2599.030029296875,93.94999694824219,1281.0999755859375,2.36299991607666,1.277999997138977,,yfinance
2017-11-22,63.31999969482422,58.02000045776367,1.9326000213623047,9.880000114440918,2597.080078125,93.22000122070312,1291.5999755859375,2.322000026702881,1.2649999856948853,,yfinance
2017-11-24,63.86000061035156,58.95000076293945,1.9529000520706177,9.670000076293945,2602.419921875,92.76000213623047,1286.699951171875,2.3399999141693115,1.2400000095367432,,yfinance
2017-11-27,63.84000015258789,58.11000061035156,1.9478000402450562,9.869999885559082,2601.419921875,92.9000015258789,1293.800048828125,2.328000068664551,1.2230000495910645,,yfinance
2017-11-28,63.61000061035156,57.9900016784668,1.950700044631958,10.029999732971191,2627.0400390625,93.26000213623047,1294.699951171875,2.3380000591278076,1.2649999856948853,,yfinance
2017-11-29,63.11000061035156,57.29999923706055,1.9220999479293823,10.699999809265137,2626.070068359375,93.26000213623047,1282.0999755859375,2.375999927520752,1.2580000162124634,,yfinance
2017-11-30,63.56999969482422,57.400001525878906,1.892699956893921,11.279999732971191,2647.580078125,93.01000213623047,1273.199951171875,2.4170000553131104,1.2380000352859497,,yfinance
2017-12-01,63.4900016784668,58.36000061035156,1.9413000345230103,11.430000305175781,2642.219970703125,92.9000015258789,1278.800048828125,2.361999988555908,1.2350000143051147,,yfinance
2017-12-04,62.45000076293945,57.470001220703125,1.8945000171661377,11.680000305175781,2639.43994140625,93.19000244140625,1274.300048828125,2.378999948501587,1.2450000047683716,,yfinance
2017-12-05,62.86000061035156,57.619998931884766,1.9139000177383423,11.329999923706055,2629.570068359375,93.37999725341797,1261.5999755859375,2.3559999465942383,1.2829999923706055,,yfinance
2017-12-06,61.220001220703125,55.959999084472656,1.861299991607666,11.020000457763672,2629.27001953125,93.61000061035156,1262.800048828125,2.3299999237060547,1.2630000114440918,,yfinance
2017-12-07,62.20000076293945,56.689998626708984,1.8969999551773071,10.15999984741211,2636.97998046875,93.80000305175781,1249.800048828125,2.375999927520752,1.2599999904632568,,yfinance
2017-12-08,63.400001525878906,57.36000061035156,1.9287999868392944,9.579999923706055,2651.5,93.9000015258789,1245.199951171875,2.382999897003174,1.253000020980835,,yfinance
2017-12-11,64.69000244140625,57.9900016784668,1.950600028038025,9.34000015258789,2659.989990234375,93.87000274658203,1243.699951171875,2.384999990463257,1.2630000114440918,,yfinance
2017-12-12,63.34000015258789,57.13999938964844,1.9335999488830566,9.920000076293945,2664.110107421875,94.0999984741211,1238.5,2.4030001163482666,1.309999942779541,,yfinance
2017-12-13,62.439998626708984,56.599998474121094,1.9043999910354614,10.180000305175781,2662.85009765625,93.43000030517578,1245.4000244140625,2.3489999771118164,1.2730000019073486,,yfinance
2017-12-14,63.310001373291016,57.040000915527344,1.9098999500274658,10.489999771118164,2652.010009765625,93.48999786376953,1253.800048828125,2.3459999561309814,1.2829999923706055,,yfinance
2017-12-15,63.22999954223633,57.29999923706055,1.903499960899353,9.420000076293945,2675.81005859375,93.93000030517578,1254.300048828125,2.3550000190734863,1.284999966621399,,yfinance
2017-12-18,63.40999984741211,57.15999984741211,1.9251999855041504,9.529999732971191,2690.159912109375,93.69999694824219,1262.199951171875,2.3919999599456787,1.315000057220459,,yfinance
2017-12-19,63.79999923706055,57.459999084472656,1.9399000406265259,10.029999732971191,2681.469970703125,93.47000122070312,1260.699951171875,2.4630000591278076,1.3530000448226929,,yfinance
2017-12-20,64.55999755859375,58.09000015258789,1.944200038909912,9.720000267028809,2679.25,93.3499984741211,1266.0999755859375,2.496999979019165,1.350000023841858,,yfinance
2017-12-21,64.9000015258789,58.36000061035156,1.9501999616622925,9.619999885559082,2684.570068359375,93.27999877929688,1267.300048828125,2.4809999465942383,1.3200000524520874,,yfinance
2017-12-22,65.25,58.470001220703125,1.9694000482559204,9.899999618530273,2683.340087890625,93.3499984741211,1275.4000244140625,2.484999895095825,1.2979999780654907,,yfinance
2017-12-26,67.0199966430664,59.970001220703125,2.0385000705718994,10.25,2680.5,93.26000213623047,1284.0999755859375,2.4670000076293945,1.3029999732971191,,yfinance
2017-12-27,66.44000244140625,59.63999938964844,2.0401999950408936,10.470000267028809,2682.6201171875,93.02999877929688,1287.0,2.4140000343322754,1.4079999923706055,,yfinance
2017-12-28,66.72000122070312,59.84000015258789,2.0520999431610107,10.180000305175781,2687.5400390625,92.5999984741211,1294.0999755859375,2.431999921798706,1.3700000047683716,,yfinance
2017-12-29,66.5999984741211,60.41999816894531,2.075500011444092,11.039999961853027,2673.610107421875,92.12000274658203,1306.300048828125,2.4049999713897705,1.3550000190734863,,yfinance
2018-01-02,66.56999969482422,60.369998931884766,2.0583999156951904,9.770000457763672,2695.81005859375,91.8499984741211,1313.699951171875,2.4649999141693115,1.378000020980835,,yfinance
2018-01-03,67.83999633789062,61.630001068115234,2.0880000591278076,9.149999618530273,2713.06005859375,92.16000366210938,1316.199951171875,2.447000026702881,1.3700000047683716,,yfinance
2018-01-04,68.06999969482422,62.0099983215332,2.0769999027252197,9.220000267028809,2723.989990234375,91.8499984741211,1319.4000244140625,2.453000068664551,1.3700000047683716,,yfinance
2018-01-05,67.62000274658203,61.439998626708984,2.0587000846862793,9.220000267028809,2743.14990234375,91.94999694824219,1320.300048828125,2.4760000705718994,1.3700000047683716,,yfinance
2018-01-08,67.77999877929688,61.72999954223633,2.0453999042510986,9.520000457763672,2747.7099609375,92.33000183105469,1318.5999755859375,2.4800000190734863,1.3799999952316284,,yfinance
2018-01-09,68.81999969482422,62.959999084472656,2.066200017929077,10.079999923706055,2751.2900390625,92.52999877929688,1311.699951171875,2.5460000038146973,1.4149999618530273,,yfinance
2018-01-10,69.19999694824219,63.56999969482422,2.080699920654297,9.819999694824219,2748.22998046875,92.33000183105469,1317.4000244140625,2.549999952316284,1.3949999809265137,,yfinance
2018-01-11,69.26000213623047,63.79999923706055,2.07669997215271,9.880000114440918,2767.56005859375,91.8499984741211,1320.5999755859375,2.5309998989105225,1.402999997138977,,yfinance
2018-01-12,69.87000274658203,64.30000305175781,2.0850000381469727,10.15999984741211,2786.239990234375,90.97000122070312,1333.4000244140625,2.552000045776367,1.409999966621399,,yfinance
2018-01-16,69.1500015258789,63.72999954223633,2.0634000301361084,11.65999984741211,2776.419921875,90.38999938964844,1335.4000244140625,2.5439999103546143,1.3949999809265137,,yfinance
2018-01-17,69.37999725341797,63.970001220703125,2.0690999031066895,11.90999984741211,2802.56005859375,90.54000091552734,1338.0,2.578000068664551,1.4149999618530273,,yfinance
2018-01-18,69.30999755859375,63.95000076293945,2.0617001056671143,12.220000267028809,2798.030029296875,90.5,1326.0,2.6110000610351562,1.4049999713897705,,yfinance
2018-01-19,68.61000061035156,63.369998931884766,2.0583999156951904,11.270000457763672,2810.300048828125,90.56999969482422,1331.9000244140625,2.63700008392334,1.402999997138977,,yfinance
2018-01-22,69.02999877929688,63.4900016784668,2.0569000244140625,11.029999732971191,2832.969970703125,90.4000015258789,1330.9000244140625,2.6649999618530273,1.3899999856948853,,yfinance
2018-01-23,69.95999908447266,64.47000122070312,2.0861001014709473,11.100000381469727,2839.1298828125,90.12000274658203,1335.699951171875,2.624000072479248,1.4129999876022339,,yfinance
2018-01-24,70.52999877929688,65.61000061035156,2.106100082397461,11.470000267028809,2837.5400390625,89.20999908447266,1355.9000244140625,2.6540000438690186,1.409999966621399,,yfinance
2018-01-25,70.41999816894531,65.51000213623047,2.1154000759124756,11.579999923706055,2839.25,89.38999938964844,1362.4000244140625,2.621000051498413,1.3930000066757202,,yfinance
2018-01-26,70.5199966430664,66.13999938964844,2.135999917984009,11.079999923706055,2872.8701171875,89.06999969482422,1351.5999755859375,2.6619999408721924,1.3880000114440918,,yfinance
2018-01-29,69.45999908447266,65.55999755859375,2.10479998588562,13.84000015258789,2853.530029296875,89.30999755859375,,2.6989998817443848,1.375,,yfinance
2018-01-30,69.0199966430664,64.5,2.071700096130371,14.789999961853027,2822.429931640625,89.19000244140625,1335.4000244140625,2.7260000705718994,1.4249999523162842,,yfinance
2018-01-31,69.05000305175781,64.7300033569336,2.069200038909912,13.539999961853027,2823.81005859375,89.12999725341797,1339.0,2.7200000286102295,1.4299999475479126,,yfinance
2018-02-01,69.08000183105469,65.80000305175781,2.090399980545044,13.470000267028809,2821.97998046875,88.66999816894531,1344.300048828125,2.7730000019073486,1.4529999494552612,,yfinance
2018-02-02,68.58000183105469,65.44999694824219,2.053499937057495,17.309999465942383,2762.1298828125,89.19999694824219,1333.699951171875,2.8540000915527344,1.4500000476837158,,yfinance
2018-02-05,67.62000274658203,64.1500015258789,2.0195999145507812,37.31999969482422,2648.93994140625,89.55000305175781,1333.0,2.7939999103546143,1.4579999446868896,,yfinance
2018-02-06,66.86000061035156,63.38999938964844,1.9851000308990479,29.979999542236328,2695.139892578125,89.58999633789062,1326.0999755859375,2.7679998874664307,1.4880000352859497,,yfinance
2018-02-07,65.51000213623047,61.790000915527344,1.9313000440597534,27.729999542236328,2681.659912109375,90.26000213623047,1311.5999755859375,2.8440001010894775,1.5149999856948853,,yfinance
2018-02-08,64.80999755859375,61.150001525878906,1.9213000535964966,33.459999084472656,2581.0,90.2300033569336,1316.9000244140625,2.8510000705718994,1.5149999856948853,,yfinance
2018-02-09,62.790000915527344,59.20000076293945,1.8551000356674194,29.059999465942383,2619.550048828125,90.44000244140625,1313.0999755859375,2.8289999961853027,1.524999976158142,,yfinance
2018-02-12,62.59000015258789,59.290000915527344,1.8388999700546265,25.610000610351562,2656.0,90.20999908447266,1324.199951171875,2.8570001125335693,1.534999966621399,,yfinance
2018-02-13,62.720001220703125,59.189998626708984,1.836899995803833,24.969999313354492,2662.93994140625,89.69999694824219,1328.0999755859375,2.8399999141693115,1.5700000524520874,,yfinance
2018-02-14,64.36000061035156,60.599998474121094,1.8844000101089478,19.260000228881836,2698.6298828125,89.12000274658203,1355.5,2.9130001068115234,1.5499999523162842,,yfinance
2018-02-15,64.33000183105469,61.34000015258789,1.8916000127792358,19.1299991607666,2731.199951171875,88.58999633789062,1352.0999755859375,2.8910000324249268,1.559999942779541,,yfinance
2018-02-16,64.83999633789062,61.68000030517578,1.9104000329971313,19.459999084472656,2732.219970703125,89.0999984741211,1353.199951171875,2.877000093460083,1.5700000524520874,,yfinance
2018-02-20,65.25,61.900001525878906,1.9277000427246094,20.600000381469727,2716.260009765625,89.72000122070312,1328.800048828125,2.8929998874664307,1.5729999542236328,,yfinance
2018-02-21,65.41999816894531,61.68000030517578,1.9322999715805054,20.020000457763672,2701.330078125,90.08000183105469,1330.0,2.943000078201294,1.6080000400543213,,yfinance
2018-02-22,66.38999938964844,62.77000045776367,1.9527000188827515,18.719999313354492,2703.9599609375,89.75,1330.5999755859375,2.9170000553131104,1.6050000190734863,,yfinance
2018-02-23,67.30999755859375,63.54999923706055,1.9694000482559204,16.489999771118164,2747.300048828125,89.87999725341797,1328.199951171875,2.871000051498413,1.6050000190734863,,yfinance
2018-02-26,67.5,63.90999984741211,1.9859000444412231,15.800000190734863,2779.60009765625,89.81999969482422,1330.699951171875,2.8589999675750732,1.6080000400543213,,yfinance
2018-02-27,66.62999725341797,63.0099983215332,1.9630000591278076,18.59000015258789,2744.280029296875,90.36000061035156,1315.5,2.9079999923706055,1.6349999904632568,,yfinance
2018-02-28,65.77999877929688,61.63999938964844,1.913599967956543,19.850000381469727,2713.830078125,90.61000061035156,1315.5,2.868000030517578,1.6180000305175781,,yfinance
2018-03-01,65.70999908447266,60.9900016784668,1.8854999542236328,22.469999313354492,2677.669921875,90.31999969482422,1302.9000244140625,2.803999900817871,1.590000033378601,,yfinance
2018-03-02,64.37000274658203,61.25,1.8796000480651855,19.59000015258789,2691.25,89.94000244140625,1321.0999755859375,2.8570001125335693,1.6050000190734863,,yfinance
2018-03-05,65.54000091552734,62.56999969482422,1.8967000246047974,18.729999542236328,2720.93994140625,90.08000183105469,1318.0999755859375,2.88100004196167,1.625,,yfinance
2018-03-06,65.79000091552734,62.599998474121094,1.9033000469207764,18.360000610351562,2728.1201171875,89.62000274658203,1333.5999755859375,2.877000093460083,1.6430000066757202,,yfinance
2018-03-07,64.33999633789062,61.150001525878906,1.8746000528335571,17.760000228881836,2726.800048828125,89.63999938964844,1326.0,2.882999897003174,1.649999976158142,,yfinance
2018-03-08,63.61000061035156,60.119998931884766,1.8590999841690063,16.540000915527344,2738.969970703125,90.12000274658203,1319.9000244140625,2.865999937057495,1.6349999904632568,,yfinance
2018-03-09,65.48999786376953,62.040000915527344,1.8866000175476074,14.640000343322754,2786.570068359375,90.08999633789062,1322.4000244140625,2.8940000534057617,1.6349999904632568,,yfinance
2018-03-12,64.94999694824219,61.36000061035156,1.8646999597549438,15.779999732971191,2783.02001953125,89.9000015258789,1319.4000244140625,2.869999885559082,1.6430000066757202,,yfinance
2018-03-13,64.63999938964844,60.709999084472656,1.873900055885315,16.350000381469727,2765.31005859375,89.66000366210938,1325.9000244140625,2.8480000495910645,1.690000057220459,,yfinance
2018-03-14,64.88999938964844,60.959999084472656,1.8870999813079834,17.229999542236328,2749.47998046875,89.69999694824219,1324.4000244140625,2.816999912261963,1.718000054359436,,yfinance
2018-03-15,65.12000274658203,61.189998626708984,1.892899990081787,16.59000015258789,2747.330078125,90.13999938964844,1316.800048828125,2.8259999752044678,1.7330000400543213,,yfinance
2018-03-16,66.20999908447266,62.34000015258789,1.9118000268936157,15.800000190734863,2752.010009765625,90.2300033569336,1311.300048828125,2.8480000495910645,1.7380000352859497,,yfinance
2018-03-19,66.05000305175781,62.060001373291016,1.906999945640564,19.020000457763672,2712.919921875,89.9000015258789,1316.800048828125,2.8450000286102295,1.7280000448226929,,yfinance
2018-03-20,67.41999816894531,63.400001525878906,1.9494999647140503,18.200000762939453,2716.93994140625,90.37000274658203,1311.0999755859375,2.878999948501587,1.7580000162124634,,yfinance
2018-03-21,69.47000122070312,65.16999816894531,2.003700017929077,17.860000610351562,2711.929931640625,89.77999877929688,1320.699951171875,2.9070000648498535,1.7100000381469727,,yfinance
2018-03-22,68.91000366210938,64.30000305175781,1.992300033569336,23.34000015258789,2643.68994140625,89.86000061035156,1326.5999755859375,2.8320000171661377,1.6829999685287476,25.51300048828125,yfinance
2018-03-23,70.44999694824219,65.87999725341797,2.018399953842163,24.8700008392334,2588.260009765625,89.44000244140625,1349.300048828125,2.8299999237060547,1.687999963760376,24.10099983215332,yfinance
2018-03-26,70.12000274658203,65.55000305175781,2.015000104904175,21.030000686645508,2658.550048828125,89.02999877929688,1354.4000244140625,2.8429999351501465,1.7050000429153442,24.84000015258789,yfinance
2018-03-27,70.11000061035156,65.25,2.02239990234375,22.5,2612.6201171875,89.37000274658203,1341.300048828125,2.7860000133514404,1.7330000400543213,24.079999923706055,yfinance
2018-03-28,69.52999877929688,64.37999725341797,2.0148000717163086,22.8700008392334,2605.0,90.05999755859375,1324.199951171875,2.7750000953674316,1.6950000524520874,23.3799991607666,yfinance
2018-03-29,70.2699966430664,64.94000244140625,2.02839994430542,19.969999313354492,2640.8701171875,90.1500015258789,1322.800048828125,2.740999937057495,1.6699999570846558,22.780000686645508,yfinance
2018-04-02,67.63999938964844,63.0099983215332,1.9802000522613525,23.6200008392334,2581.8798828125,90.05000305175781,1342.0999755859375,2.7320001125335693,1.6829999685287476,23.0,yfinance
2018-04-03,68.12000274658203,63.5099983215332,1.9950000047683716,21.100000381469727,2614.449951171875,90.19999694824219,1332.800048828125,2.7839999198913574,1.7130000591278076,21.25,yfinance
2018-04-04,68.0199966430664,63.369998931884766,1.9773000478744507,20.059999465942383,2644.68994140625,90.13999938964844,1335.800048828125,2.7880001068115234,1.6679999828338623,19.25,yfinance
2018-04-05,68.33000183105469,63.540000915527344,1.9765000343322754,18.940000534057617,2662.840087890625,90.45999908447266,1324.300048828125,2.8320000171661377,1.6749999523162842,20.25,yfinance
2018-04-06,67.11000061035156,62.060001373291016,1.957800030708313,21.489999771118164,2604.469970703125,90.11000061035156,1331.9000244140625,2.7750000953674316,1.6799999475479126,20.450000762939453,yfinance
2018-04-09,68.6500015258789,63.41999816894531,1.9966000318527222,21.770000457763672,2613.159912109375,89.83999633789062,1336.300048828125,2.7860000133514404,1.6749999523162842,21.459999084472656,yfinance
2018-04-10,71.04000091552734,65.51000213623047,2.0648000240325928,20.469999313354492,2656.8701171875,89.58999633789062,1342.0,2.796999931335449,1.6950000524520874,21.5,yfinance
2018-04-11,72.05999755859375,66.81999969482422,2.0927000045776367,20.239999771118164,2642.18994140625,89.56999969482422,1356.5,2.7899999618530273,1.6929999589920044,20.450000762939453,yfinance
2018-04-12,72.0199966430664,67.06999969482422,2.0838000774383545,18.489999771118164,2663.989990234375,89.75,1338.4000244140625,2.8340001106262207,1.7050000429153442,22.25,yfinance
2018-04-13,72.58000183105469,67.38999938964844,2.1001999378204346,17.40999984741211,2656.300048828125,89.80000305175781,1344.800048828125,2.8289999961853027,1.718000054359436,21.582000732421875,yfinance
2018-04-16,71.41999816894531,66.22000122070312,2.0703001022338867,16.559999465942383,2677.840087890625,89.43000030517578,1347.5,2.8320000171661377,1.7130000591278076,20.25,yfinance
2018-04-17,71.58000183105469,66.5199966430664,2.0571000576019287,15.25,2706.389892578125,89.5199966430664,1347.199951171875,2.813999891281128,1.7549999952316284,21.399999618530273,yfinance
2018-04-18,73.4800033569336,68.47000122070312,2.091099977493286,15.600000381469727,2708.639892578125,89.62000274658203,1351.199951171875,2.867000102996826,1.7699999809265137,22.270000457763672,yfinance
2018-04-19,73.77999877929688,68.29000091552734,2.1094000339508057,15.960000038146973,2693.1298828125,89.94000244140625,1346.800048828125,2.9140000343322754,1.7829999923706055,21.809999465942383,yfinance
2018-04-20,74.05999755859375,68.37999725341797,2.122999906539917,16.8799991607666,2670.139892578125,90.31999969482422,1336.699951171875,2.9509999752044678,1.7649999856948853,22.5,yfinance
2018-04-23,74.70999908447266,68.63999938964844,2.140899896621704,16.34000015258789,2670.2900390625,90.94000244140625,1322.5,2.9730000495910645,1.7829999923706055,22.700000762939453,yfinance
2018-04-24,73.86000061035156,67.69999694824219,2.1275999546051025,18.020000457763672,2634.56005859375,90.7699966430664,1331.4000244140625,2.9830000400543213,1.8229999542236328,22.790000915527344,yfinance
2018-04-25,74.0,68.05000305175781,2.135999917984009,17.84000015258789,2639.39990234375,91.16999816894531,1321.199951171875,3.0239999294281006,1.815000057220459,22.75,yfinance
2018-04-26,74.73999786376953,68.19000244140625,2.1600000858306885,16.239999771118164,2666.93994140625,91.55999755859375,1316.300048828125,2.990000009536743,1.784999966621399,22.0,yfinance
2018-04-27,74.63999938964844,68.0999984741211,2.150899887084961,15.40999984741211,2669.909912109375,91.54000091552734,1320.300048828125,2.9570000171661377,1.7699999809265137,21.75,yfinance
2018-04-30,75.16999816894531,68.56999969482422,2.1673998832702637,15.930000305175781,2648.050048828125,91.83999633789062,1316.199951171875,2.936000108718872,1.7630000114440918,21.5,yfinance
2018-05-01,75.16999816894531,67.25,2.0996999740600586,15.489999771118164,2654.800048828125,92.44999694824219,1303.800048828125,2.9760000705718994,1.809999942779541,21.760000228881836,yfinance
2018-05-02,73.36000061035156,67.93000030517578,2.121500015258789,15.970000267028809,2635.669921875,92.51000213623047,1302.5999755859375,2.9639999866485596,1.784999966621399,22.5,yfinance
2018-05-03,73.62000274658203,68.43000030517578,2.1126999855041504,15.899999618530273,2629.72998046875,92.41000366210938,1310.699951171875,2.946000099182129,1.7879999876022339,22.25,yfinance
2018-05-04,74.87000274658203,69.72000122070312,2.1540000438690186,14.770000457763672,2663.419921875,92.56999969482422,1312.699951171875,2.944000005722046,1.7929999828338623,23.0,yfinance
2018-05-07,76.16999816894531,70.7300033569336,2.184999942779541,14.75,2672.6298828125,92.75,1312.199951171875,2.950000047683716,1.7929999828338623,23.0,yfinance
2018-05-08,74.8499984741211,69.05999755859375,2.1577000617980957,14.710000038146973,2671.919921875,93.12000274658203,1312.0,2.9690001010894775,1.8350000381469727,23.5,yfinance
2018-05-09,77.20999908447266,71.13999938964844,2.2179999351501465,13.420000076293945,2697.7900390625,93.04000091552734,1311.300048828125,3.003999948501587,1.8450000286102295,23.25,yfinance
2018-05-10,77.47000122070312,71.36000061035156,2.2228000164031982,13.229999542236328,2723.070068359375,92.6500015258789,1320.800048828125,2.9709999561309814,1.8450000286102295,22.75,yfinance
2018-05-11,77.12000274658203,70.69999694824219,2.2219998836517334,12.649999618530273,2727.719970703125,92.54000091552734,1319.0,2.9709999561309814,1.8600000143051147,23.75,yfinance
2018-05-14,78.2300033569336,70.95999908447266,2.2495999336242676,12.930000305175781,2730.1298828125,92.58999633789062,1316.5,2.994999885559082,1.8550000190734863,23.010000228881836,yfinance
2018-05-15,78.43000030517578,71.30999755859375,2.249000072479248,14.630000114440918,2711.449951171875,93.22000122070312,1288.9000244140625,3.0799999237060547,1.875,21.399999618530273,yfinance
2018-05-16,79.27999877929688,71.48999786376953,2.269200086593628,13.420000076293945,2722.4599609375,93.38999938964844,1290.199951171875,3.0950000286102295,1.8650000095367432,21.0,yfinance
2018-05-17,79.30000305175781,71.48999786376953,2.2808001041412354,13.430000305175781,2720.1298828125,93.47000122070312,1288.199951171875,3.1089999675750732,1.8630000352859497,21.0,yfinance
2018-05-18,78.51000213623047,71.27999877929688,2.265500068664551,13.420000076293945,2712.969970703125,93.63999938964844,1290.199951171875,3.066999912261963,1.8550000190734863,21.0,yfinance
2018-05-21,79.22000122070312,72.23999786376953,2.2737998962402344,13.079999923706055,2733.010009765625,93.68000030517578,1290.199951171875,3.065000057220459,1.8630000352859497,22.5,yfinance
2018-05-22,79.56999969482422,72.12999725341797,2.2799999713897705,13.220000267028809,2724.43994140625,93.61000061035156,1291.699951171875,3.065000057220459,1.8930000066757202,21.0,yfinance
2018-05-23,79.80000305175781,71.83999633789062,2.289599895477295,12.579999923706055,2733.2900390625,94.01000213623047,1289.300048828125,3.003000020980835,1.8730000257492065,20.0,yfinance
2018-05-24,78.79000091552734,70.70999908447266,2.266700029373169,12.529999732971191,2727.760009765625,93.77999877929688,1303.699951171875,2.9809999465942383,1.8600000143051147,19.5,yfinance
2018-05-25,76.44000244140625,67.87999725341797,2.2098000049591064,13.220000267028809,2721.330078125,94.19000244140625,1303.300048828125,2.930999994277954,1.8530000448226929,19.5,yfinance
2018-05-29,75.38999938964844,66.7300033569336,2.1858999729156494,17.020000457763672,2689.860107421875,94.83000183105469,1298.699951171875,2.7679998874664307,1.840000033378601,18.73200035095215,yfinance
2018-05-30,77.5,68.20999908447266,2.2316999435424805,14.9399995803833,2724.010009765625,94.1500015258789,1301.5,2.8420000076293945,1.878000020980835,19.496000289916992,yfinance
2018-05-31,77.58999633789062,67.04000091552734,2.1914000511169434,15.430000305175781,2705.27001953125,93.98999786376953,1300.0999755859375,2.822000026702881,1.8700000047683716,20.23699951171875,yfinance
2018-06-01,77.58999633789062,65.80999755859375,2.176300048828125,13.460000038146973,2734.6201171875,94.19000244140625,1294.800048828125,2.8949999809265137,1.8680000305175781,21.0,yfinance
2018-06-04,75.29000091552734,64.75,2.1524999141693115,12.739999771118164,2746.8701171875,94.0199966430664,1293.0999755859375,2.937000036239624,1.8650000095367432,21.246000289916992,yfinance
2018-06-05,75.37999725341797,65.5199966430664,2.1415998935699463,12.399999618530273,2748.800048828125,93.88999938964844,1297.5,2.9189999103546143,1.902999997138977,22.1299991607666,yfinance
2018-06-06,75.36000061035156,64.7300033569336,2.1266000270843506,11.640000343322754,2772.35009765625,93.66000366210938,1297.0999755859375,2.9749999046325684,1.899999976158142,22.0,yfinance
2018-06-07,77.31999969482422,65.94999694824219,2.1798999309539795,12.130000114440918,2770.3701171875,93.4000015258789,1298.699951171875,2.933000087738037,1.8849999904632568,21.969999313354492,yfinance
2018-06-08,76.45999908447266,65.73999786376953,2.164299964904785,12.180000305175781,2779.030029296875,93.55000305175781,1298.0999755859375,2.937000036239624,1.8799999952316284,21.969999313354492,yfinance
2018-06-11,76.45999908447266,66.0999984741211,2.1607000827789307,12.350000381469727,2782.0,93.58000183105469,1298.9000244140625,2.9570000171661377,1.8680000305175781,21.969999313354492,yfinance
2018-06-12,75.87999725341797,66.36000061035156,2.161799907684326,12.34000015258789,2786.85009765625,93.80000305175781,1295.0999755859375,2.9570000171661377,1.8880000114440918,22.190000534057617,yfinance
2018-06-13,76.73999786376953,66.63999938964844,2.1851000785827637,12.9399995803833,2775.6298828125,93.70999908447266,1296.9000244140625,2.9769999980926514,1.8949999809265137,22.253999710083008,yfinance
2018-06-14,75.94000244140625,66.88999938964844,2.1586999893188477,12.119999885559082,2782.489990234375,94.7699966430664,1304.0,2.946000099182129,1.8830000162124634,22.531999588012695,yfinance
2018-06-15,73.44000244140625,65.05999755859375,2.0869998931884766,11.979999542236328,2779.659912109375,94.79000091552734,1274.5999755859375,2.9240000247955322,1.8880000114440918,22.25,yfinance
2018-06-18,75.33999633789062,65.8499984741211,2.1315999031066895,12.3100004196167,2773.75,94.75,1276.199951171875,2.9260001182556152,1.8830000162124634,22.25,yfinance
2018-06-19,75.08000183105469,65.06999969482422,2.121799945831299,13.350000381469727,2762.590087890625,95.08999633789062,1275.5999755859375,2.8929998874664307,1.8980000019073486,21.299999237060547,yfinance
2018-06-20,74.73999786376953,66.22000122070312,2.107100009918213,12.789999961853027,2767.320068359375,95.05999755859375,1271.199951171875,2.927999973297119,1.8880000114440918,20.79400062561035,yfinance
2018-06-21,73.05000305175781,65.54000091552734,2.0701000690460205,14.640000343322754,2749.760009765625,94.87000274658203,1267.199951171875,2.8970000743865967,1.8899999856948853,21.399999618530273,yfinance
2018-06-22,75.55000305175781,68.58000183105469,2.1254000663757324,13.770000457763672,2754.8798828125,94.5199966430664,1267.4000244140625,2.9000000953674316,1.8700000047683716,21.399999618530273,yfinance
2018-06-25,74.7300033569336,68.08000183105469,2.100399971008301,17.329999923706055,2717.070068359375,94.27999877929688,1265.5999755859375,2.875,1.8530000448226929,21.399999618530273,yfinance
2018-06-26,76.30999755859375,70.52999877929688,2.128999948501587,15.920000076293945,2723.06005859375,94.68000030517578,1256.5999755859375,2.880000114440918,1.8930000066757202,21.399999618530273,yfinance
2018-06-27,77.62000274658203,72.76000213623047,2.1772000789642334,17.90999984741211,2699.6298828125,95.29000091552734,1252.800048828125,2.8269999027252197,1.8799999952316284,21.040000915527344,yfinance
2018-06-28,77.8499984741211,73.44999694824219,2.1782000064849854,16.850000381469727,2716.31005859375,95.38999938964844,1247.800048828125,2.8469998836517334,1.8799999952316284,21.579999923706055,yfinance
2018-06-29,79.44000244140625,74.1500015258789,2.2093000411987305,16.09000015258789,2718.3701171875,94.62999725341797,1251.300048828125,2.8489999771118164,1.8799999952316284,22.040000915527344,yfinance
2018-07-02,77.30000305175781,73.94000244140625,2.1558001041412354,15.600000381469727,2726.7099609375,94.87000274658203,1239.800048828125,2.865999937057495,1.8949999809265137,21.841999053955078,yfinance
2018-07-03,77.76000213623047,74.13999938964844,2.1642000675201416,16.139999389648438,2713.219970703125,94.58999633789062,1251.5999755859375,2.8380000591278076,1.9329999685287476,21.9950008392334,yfinance
2018-07-05,77.38999938964844,72.94000244140625,2.1786999702453613,14.970000267028809,2736.610107421875,94.47000122070312,1257.300048828125,2.8399999141693115,1.909999966621399,22.25,yfinance
2018-07-06,77.11000061035156,73.80000305175781,2.1684000492095947,13.369999885559082,2759.820068359375,94.04000091552734,1254.300048828125,2.8310000896453857,1.9049999713897705,22.670000076293945,yfinance
2018-07-09,78.06999969482422,73.8499984741211,2.19569993019104,12.6899995803833,2784.169921875,94.08000183105469,1258.0999755859375,2.859999895095825,1.9149999618530273,22.020000457763672,yfinance
2018-07-10,78.86000061035156,74.11000061035156,2.2218000888824463,12.640000343322754,2793.840087890625,94.11000061035156,1253.800048828125,2.872999906539917,1.934999942779541,22.229999542236328,yfinance
2018-07-11,73.4000015258789,70.37999725341797,2.100800037384033,13.630000114440918,2774.02001953125,94.72000122070312,1242.800048828125,2.8420000076293945,1.9199999570846558,22.229999542236328,yfinance
2018-07-12,74.44999694824219,70.33000183105469,2.1231000423431396,12.579999923706055,2798.2900390625,94.80999755859375,1245.0,2.8529999256134033,1.9279999732971191,23.469999313354492,yfinance
2018-07-13,75.33000183105469,71.01000213623047,2.1333999633789062,12.180000305175781,2801.31005859375,94.75,1239.5999755859375,2.8310000896453857,1.9279999732971191,23.469999313354492,yfinance
2018-07-16,71.83999633789062,68.05999755859375,2.05430006980896,12.829999923706055,2798.429931640625,94.51000213623047,1238.0999755859375,2.8580000400543213,1.937999963760376,23.469999313354492,yfinance
2018-07-17,72.16000366210938,68.08000183105469,2.0701000690460205,12.0600004196167,2809.550048828125,94.97000122070312,1225.699951171875,2.864000082015991,1.975000023841858,23.469999313354492,yfinance
2018-07-18,72.9000015258789,68.76000213623047,2.0903000831604004,12.100000381469727,2815.6201171875,95.08000183105469,1226.300048828125,2.875,1.9600000381469727,23.010000228881836,yfinance
2018-07-19,72.58000183105469,69.45999908447266,2.090100049972534,12.869999885559082,2804.489990234375,95.16999816894531,1222.4000244140625,2.8469998836517334,1.9479999542236328,23.010000228881836,yfinance
2018-07-20,73.06999969482422,70.45999908447266,2.1043999195098877,12.859999656677246,2801.830078125,94.45999908447266,1229.5,2.8949999809265137,1.9329999685287476,24.100000381469727,yfinance
2018-07-23,73.05999755859375,67.88999938964844,2.118000030517578,12.619999885559082,2806.97998046875,94.66999816894531,1224.0,2.9649999141693115,1.9199999570846558,24.5939998626709,yfinance
2018-07-24,73.44000244140625,68.5199966430664,2.1326000690460205,12.40999984741211,2820.39990234375,94.61000061035156,1223.9000244140625,2.9489998817443848,1.9600000381469727,24.540000915527344,yfinance
2018-07-25,73.93000030517578,69.30000305175781,2.15120005607605,12.289999961853027,2846.070068359375,94.36000061035156,1231.4000244140625,2.936000108718872,1.9529999494552612,24.639999389648438,yfinance
2018-07-26,74.54000091552734,69.61000061035156,2.1768999099731445,12.140000343322754,2837.43994140625,94.75,1225.300048828125,2.9749999046325684,1.9450000524520874,24.5,yfinance
2018-07-27,74.29000091552734,68.69000244140625,2.1552000045776367,13.029999732971191,2818.820068359375,94.68000030517578,1222.5999755859375,2.9600000381469727,1.9450000524520874,24.302000045776367,yfinance
2018-07-30,74.97000122070312,70.12999725341797,2.1710000038146973,14.260000228881836,2802.60009765625,94.36000061035156,1221.300048828125,2.9749999046325684,1.9450000524520874,24.600000381469727,yfinance
2018-07-31,74.25,68.76000213623047,2.1319000720977783,12.829999923706055,2816.2900390625,94.48999786376953,1223.699951171875,2.9639999866485596,1.9850000143051147,24.600000381469727,yfinance
2018-08-01,74.25,67.66000366210938,2.097399950027466,13.149999618530273,2813.360107421875,94.62000274658203,1217.9000244140625,3.003000020980835,1.9780000448226929,24.66900062561035,yfinance
2018-08-02,73.44999694824219,68.95999908447266,2.1317999362945557,12.1899995803833,2827.219970703125,95.16999816894531,1210.5999755859375,2.9860000610351562,1.965000033378601,24.850000381469727,yfinance
2018-08-03,73.20999908447266,68.48999786376953,2.1268999576568604,11.640000343322754,2840.35009765625,95.13999938964844,1214.199951171875,2.953000068664551,1.9600000381469727,25.26099967956543,yfinance
2018-08-06,73.75,69.01000213623047,2.1393001079559326,11.270000457763672,2850.39990234375,95.36000061035156,1208.5999755859375,2.937999963760376,1.968000054359436,24.802000045776367,yfinance
2018-08-07,74.6500015258789,69.16999816894531,2.169100046157837,10.930000305175781,2858.449951171875,95.22000122070312,1209.5999755859375,2.9730000495910645,2.007999897003174,24.802000045776367,yfinance
2018-08-08,72.27999877929688,66.94000244140625,2.1157000064849854,10.850000381469727,2857.699951171875,95.0999984741211,1212.5999755859375,2.9709999561309814,2.007999897003174,24.802000045776367,yfinance
2018-08-09,72.06999969482422,66.80999755859375,2.1119000911712646,11.270000457763672,2853.580078125,95.5,1211.9000244140625,2.934999942779541,2.005000114440918,24.802000045776367,yfinance
2018-08-10,72.80999755859375,67.62999725341797,2.139699935913086,13.15999984741211,2833.280029296875,96.36000061035156,1211.0999755859375,2.8570001125335693,2.0,24.829999923706055,yfinance
2018-08-13,72.61000061035156,67.19999694824219,2.13700008392334,14.779999732971191,2821.929931640625,96.38999938964844,1191.300048828125,2.877000093460083,1.9950000047683716,25.3700008392334,yfinance
2018-08-14,72.45999908447266,67.04000091552734,2.128700017929077,13.3100004196167,2839.9599609375,96.7300033569336,1193.0,2.8949999809265137,2.0329999923706055,25.200000762939453,yfinance
2018-08-15,70.76000213623047,65.01000213623047,2.090399980545044,14.640000343322754,2818.3701171875,96.69999694824219,1177.5,2.8519999980926514,2.0199999809265137,25.235000610351562,yfinance
2018-08-16,71.43000030517578,65.45999908447266,2.096400022506714,13.449999809265137,2840.68994140625,96.6500015258789,1176.199951171875,2.871000051498413,2.015000104904175,25.235000610351562,yfinance
2018-08-17,71.83000183105469,65.91000366210938,2.0982000827789307,12.640000343322754,2850.1298828125,96.0999984741211,1176.5,2.872999906539917,1.9950000047683716,25.235000610351562,yfinance
2018-08-20,72.20999908447266,66.43000030517578,2.113800048828125,12.489999771118164,2857.050048828125,95.9000015258789,1186.800048828125,2.822999954223633,1.9930000305175781,25.469999313354492,yfinance
2018-08-21,72.62999725341797,67.3499984741211,2.1236000061035156,12.859999656677246,2862.9599609375,95.26000213623047,1192.5999755859375,2.8440001010894775,2.0350000858306885,25.579999923706055,yfinance
2018-08-22,74.77999877929688,67.86000061035156,2.168299913406372,12.25,2861.820068359375,95.1500015258789,1196.300048828125,2.822999954223633,2.0350000858306885,25.569000244140625,yfinance
2018-08-23,74.7300033569336,67.83000183105469,2.1754000186920166,12.40999984741211,2856.97998046875,95.62000274658203,1187.0,2.821000099182129,2.0329999923706055,25.450000762939453,yfinance
2018-08-24,75.81999969482422,68.72000122070312,2.202199935913086,11.989999771118164,2874.68994140625,95.1500015258789,1206.300048828125,2.8259999752044678,2.0480000972747803,25.434999465942383,yfinance
2018-08-27,76.20999908447266,68.87000274658203,2.214900016784668,12.15999984741211,2896.739990234375,94.77999877929688,1209.0,2.8480000495910645,2.059999942779541,25.434999465942383,yfinance
2018-08-28,75.94999694824219,68.52999877929688,2.211400032043457,12.5,2897.52001953125,94.72000122070312,1207.4000244140625,2.884000062942505,2.078000068664551,25.434999465942383,yfinance
2018-08-29,77.13999938964844,69.51000213623047,2.2421000003814697,12.25,2914.0400390625,94.5999984741211,1204.5,2.884000062942505,2.0799999237060547,25.434999465942383,yfinance
2018-08-30,77.7699966430664,70.25,2.248300075531006,13.529999732971191,2901.1298828125,94.72000122070312,1197.699951171875,2.859999895095825,2.058000087738037,25.434999465942383,yfinance
2018-08-31,77.41999816894531,69.80000305175781,2.241300106048584,12.859999656677246,2901.52001953125,95.13999938964844,1200.300048828125,2.8529999256134033,2.055000066757202,25.434999465942383,yfinance
2018-09-04,78.16999816894531,69.87000274658203,2.254699945449829,13.15999984741211,2896.719970703125,95.41999816894531,1192.699951171875,2.9019999504089355,2.068000078201294,24.559999465942383,yfinance
2018-09-05,77.2699966430664,68.72000122070312,2.234499931335449,13.90999984741211,2888.60009765625,95.12999725341797,1194.9000244140625,2.9019999504089355,2.0899999141693115,24.559999465942383,yfinance
2018-09-06,76.5,67.7699966430664,2.2091000080108643,14.649999618530273,2878.050048828125,95.0199966430664,1197.9000244140625,2.878999948501587,2.0799999237060547,24.559999465942383,yfinance
2018-09-07,76.83000183105469,67.75,2.2181999683380127,14.880000114440918,2871.679931640625,95.37000274658203,1193.5999755859375,2.941999912261963,2.0880000591278076,24.559999465942383,yfinance
2018-09-10,77.37000274658203,67.54000091552734,2.2177999019622803,14.15999984741211,2877.1298828125,95.1500015258789,1193.0,2.937000036239624,2.0829999446868896,24.559999465942383,yfinance
2018-09-11,79.05999755859375,69.25,2.252000093460083,13.220000267028809,2887.889892578125,95.05999755859375,1195.4000244140625,2.9769999980926514,2.1080000400543213,23.420000076293945,yfinance
2018-09-12,79.73999786376953,70.37000274658203,2.257699966430664,13.140000343322754,2888.919921875,94.80000305175781,1204.699951171875,2.9630000591278076,2.1050000190734863,22.799999237060547,yfinance
2018-09-13,78.18000030517578,68.58999633789062,2.2235000133514404,12.369999885559082,2904.179931640625,94.54000091552734,1202.0,2.9630000591278076,2.0929999351501465,23.049999237060547,yfinance
2018-09-14,78.08999633789062,68.98999786376953,2.209199905395508,12.069999694824219,2904.97998046875,94.9800033569336,1195.0,2.99399995803833,2.1029999256134033,22.700000762939453,yfinance
2018-09-17,78.05000305175781,68.91000366210938,2.206399917602539,13.680000305175781,2888.800048828125,94.51000213623047,1199.699951171875,3.000999927520752,2.1080000400543213,22.700000762939453,yfinance
2018-09-18,79.02999877929688,69.8499984741211,2.2356998920440674,12.789999961853027,2904.31005859375,94.62000274658203,1196.800048828125,3.0480000972747803,2.125,22.700000762939453,yfinance
2018-09-19,79.4000015258789,71.12000274658203,2.2465999126434326,11.75,2907.949951171875,94.55000305175781,1202.199951171875,3.0829999446868896,2.119999885559082,22.280000686645508,yfinance
2018-09-20,78.69999694824219,70.80000305175781,2.2279999256134033,11.800000190734863,2930.75,93.91000366210938,1206.199951171875,3.078000068664551,2.118000030517578,22.139999389648438,yfinance
2018-09-21,78.80000305175781,70.77999877929688,2.2260000705718994,11.680000305175781,2929.669921875,94.22000122070312,1196.199951171875,3.068000078201294,2.122999906539917,22.735000610351562,yfinance
2018-09-24,81.19999694824219,72.08000183105469,2.285900115966797,12.199999809265137,2919.3701171875,94.26000213623047,1199.300048828125,3.078000068664551,2.122999906539917,22.950000762939453,yfinance
2018-09-25,81.87000274658203,72.27999877929688,2.305299997329712,12.420000076293945,2915.56005859375,94.12999725341797,1200.0,3.1019999980926514,2.1679999828338623,22.535999298095703,yfinance
2018-09-26,81.33999633789062,71.56999969482422,2.299799919128418,12.890000343322754,2905.969970703125,94.19000244140625,1194.0,3.061000108718872,2.1600000858306885,22.8799991607666,yfinance
2018-09-27,81.72000122070312,72.12000274658203,2.3231000900268555,12.40999984741211,2914.0,95.0,1182.300048828125,3.055999994277954,2.140000104904175,22.8799991607666,yfinance
2018-09-28,82.72000122070312,73.25,2.351799964904785,12.119999885559082,2913.97998046875,95.19000244140625,1191.5,3.055999994277954,2.1500000953674316,22.940000534057617,yfinance
2018-10-01,84.9800033569336,75.30000305175781,2.407900094985962,12.0,2924.590087890625,95.30000305175781,1187.0999755859375,3.0799999237060547,2.1549999713897705,22.940000534057617,yfinance
2018-10-02,84.80000305175781,75.2300033569336,2.407599925994873,12.050000190734863,2923.429931640625,95.51000213623047,1202.4000244140625,3.055999994277954,2.174999952316284,22.940000534057617,yfinance
2018-10-03,86.29000091552734,76.41000366210938,2.4372000694274902,11.609999656677246,2925.510009765625,95.76000213623047,1198.300048828125,3.1610000133514404,2.1700000762939453,22.940000534057617,yfinance
2018-10-04,84.58000183105469,74.33000183105469,2.3996999263763428,14.220000267028809,2901.610107421875,95.75,1197.199951171875,3.197000026702881,2.1700000762939453,22.940000534057617,yfinance
2018-10-05,84.16000366210938,74.33999633789062,2.3922998905181885,14.819999694824219,2885.570068359375,95.62000274658203,1201.199951171875,3.2249999046325684,2.1649999618530273,21.825000762939453,yfinance
2018-10-08,83.91000366210938,74.29000091552734,2.394200086593628,15.6899995803833,2884.429931640625,95.7699966430664,1184.4000244140625,3.2330000400543213,2.1649999618530273,21.825000762939453,yfinance
2018-10-09,85.0,74.95999908447266,2.423799991607666,15.949999809265137,2880.340087890625,95.68000030517578,1187.199951171875,3.2079999446868896,2.184999942779541,21.32699966430664,yfinance
2018-10-10,83.08999633789062,73.16999816894531,2.39490008354187,22.959999084472656,2785.679931640625,95.51000213623047,1189.300048828125,3.2249999046325684,2.2200000286102295,21.32699966430664,yfinance
2018-10-11,80.26000213623047,70.97000122070312,2.332200050354004,24.979999542236328,2728.3701171875,95.0199966430664,1223.5,3.132999897003174,2.2149999141693115,22.40999984741211,yfinance
2018-10-12,80.43000030517578,71.33999633789062,2.3213000297546387,21.309999465942383,2767.1298828125,95.22000122070312,1218.0999755859375,3.1410000324249268,2.2179999351501465,23.149999618530273,yfinance
2018-10-15,80.77999877929688,71.77999877929688,2.325700044631958,21.299999237060547,2750.7900390625,95.06999969482422,1226.4000244140625,3.1630001068115234,2.2300000190734863,22.649999618530273,yfinance
2018-10-16,81.41000366210938,71.91999816894531,2.3401999473571777,17.6200008392334,2809.919921875,95.05000305175781,1227.300048828125,3.1559998989105225,2.259999990463257,22.649999618530273,yfinance
2018-10-17,80.05000305175781,69.75,2.3111000061035156,17.399999618530273,2809.2099609375,95.58000183105469,1223.699951171875,3.178999900817871,2.259999990463257,22.260000228881836,yfinance
2018-10-18,79.29000091552734,68.6500015258789,2.2948999404907227,20.059999465942383,2768.780029296875,95.9000015258789,1226.5,3.174999952316284,2.255000114440918,22.260000228881836,yfinance
2018-10-19,79.77999877929688,69.12000274658203,2.302000045776367,19.889999389648438,2767.780029296875,95.70999908447266,1225.300048828125,3.197999954223633,2.259999990463257,22.209999084472656,yfinance
2018-10-22,79.83000183105469,69.16999816894531,2.3180999755859375,19.639999389648438,2755.8798828125,96.01000213623047,1221.199951171875,3.196000099182129,2.257999897003174,22.3700008392334,yfinance
2018-10-23,76.44000244140625,66.43000030517578,2.2483999729156494,20.709999084472656,2740.68994140625,95.95999908447266,1233.4000244140625,3.1659998893737793,2.2899999618530273,22.3700008392334,yfinance
2018-10-24,76.16999816894531,66.81999969482422,2.2520999908447266,25.229999542236328,2656.10009765625,96.43000030517578,1227.800048828125,3.124000072479248,2.2850000858306885,21.375,yfinance
2018-10-25,76.88999938964844,67.33000183105469,2.27810001373291,24.219999313354492,2705.570068359375,96.68000030517578,1229.0999755859375,3.135999917984009,2.2799999713897705,21.375,yfinance
2018-10-26,77.62000274658203,67.58999633789062,2.302999973297119,24.15999984741211,2658.68994140625,96.36000061035156,1232.5,3.0769999027252197,2.2730000019073486,21.375,yfinance
2018-10-29,77.33999633789062,67.04000091552734,2.2843000888824463,24.700000762939453,2641.25,96.58000183105469,1224.5,3.0869998931884766,2.259999990463257,21.375,yfinance
2018-10-30,75.91000366210938,66.18000030517578,2.2597999572753906,23.350000381469727,2682.6298828125,97.01000213623047,1222.5999755859375,3.109999895095825,2.2829999923706055,21.375,yfinance
2018-10-31,75.47000122070312,65.30999755859375,2.2618000507354736,21.229999542236328,2711.739990234375,97.12999725341797,1212.300048828125,3.1589999198913574,2.2780001163482666,21.375,yfinance
2018-11-01,75.5,63.689998626708984,2.2007999420166016,19.34000015258789,2740.3701171875,96.27999877929688,1236.0,3.1440000534057617,2.2699999809265137,21.375,yfinance
2018-11-02,72.83000183105469,63.13999938964844,2.172800064086914,19.510000228881836,2723.06005859375,96.54000091552734,1230.9000244140625,3.2139999866485596,2.2730000019073486,21.375,yfinance
2018-11-05,73.16999816894531,63.099998474121094,2.1963000297546387,19.959999084472656,2738.31005859375,96.3499984741211,1229.800048828125,3.2009999752044678,2.2679998874664307,18.829999923706055,yfinance
2018-11-06,72.12999725341797,62.209999084472656,2.1882998943328857,19.90999984741211,2755.449951171875,96.31999969482422,1223.800048828125,3.2139999866485596,2.309999942779541,18.010000228881836,yfinance
2018-11-07,72.06999969482422,61.66999816894531,2.2370998859405518,16.360000610351562,2813.889892578125,96.0,1226.199951171875,3.2130000591278076,2.309999942779541,17.360000610351562,yfinance
2018-11-08,70.6500015258789,60.66999816894531,2.168299913406372,16.719999313354492,2806.830078125,96.63999938964844,1222.9000244140625,3.2339999675750732,2.302999973297119,17.100000381469727,yfinance
2018-11-09,70.18000030517578,60.189998626708984,2.172800064086914,17.360000610351562,2781.010009765625,96.91000366210938,1206.4000244140625,3.188999891281128,2.299999952316284,16.06999969482422,yfinance
2018-11-12,70.12000274658203,59.93000030517578,2.155600070953369,20.450000762939453,2726.219970703125,97.54000091552734,1201.300048828125,3.186000108718872,2.299999952316284,16.6299991607666,yfinance
2018-11-13,65.47000122070312,55.689998626708984,2.0625,20.020000457763672,2722.179931640625,97.30000305175781,1199.199951171875,3.1449999809265137,2.2950000762939453,16.6299991607666,yfinance
2018-11-14,66.12000274658203,56.25,2.095900058746338,21.25,2701.580078125,96.80000305175781,1207.9000244140625,3.119999885559082,2.325000047683716,14.66100025177002,yfinance
2018-11-15,66.62000274658203,56.459999084472656,2.0741000175476074,19.979999542236328,2730.199951171875,96.93000030517578,1212.800048828125,3.118000030517578,2.309999942779541,16.020000457763672,yfinance
2018-11-16,66.76000213623047,56.459999084472656,2.073699951171875,18.139999389648438,2736.27001953125,96.47000122070312,1220.800048828125,3.0739998817443848,2.299999952316284,15.890000343322754,yfinance
2018-11-19,66.79000091552734,56.7599983215332,2.086400032043457,20.100000381469727,2690.72998046875,96.19000244140625,1223.0999755859375,3.056999921798706,2.299999952316284,15.902999877929688,yfinance
2018-11-20,62.529998779296875,53.43000030517578,1.9902000427246094,22.479999542236328,2641.889892578125,96.80999755859375,1219.0,3.0480000972747803,2.3350000381469727,15.039999961853027,yfinance
2018-11-21,63.47999954223633,54.630001068115234,1.9701999425888062,20.799999237060547,2649.929931640625,96.70999908447266,1225.800048828125,3.061000108718872,2.3499999046325684,15.553999900817871,yfinance
2018-11-23,58.79999923706055,50.41999816894531,1.8761999607086182,21.520000457763672,2632.56005859375,96.91999816894531,1221.0,3.053999900817871,2.3480000495910645,16.75,yfinance
2018-11-26,60.47999954223633,51.630001068115234,1.8930000066757202,18.899999618530273,2673.449951171875,97.06999969482422,1220.199951171875,3.072000026702881,2.3429999351501465,17.979999542236328,yfinance
2018-11-27,60.209999084472656,51.560001373291016,1.8860000371932983,19.020000457763672,2682.169921875,97.37000274658203,1211.199951171875,3.055000066757202,2.3529999256134033,18.520000457763672,yfinance
2018-11-28,58.7599983215332,50.290000915527344,1.8384000062942505,18.489999771118164,2743.7900390625,96.79000091552734,1221.4000244140625,3.0439999103546143,2.3350000381469727,17.059999465942383,yfinance
2018-11-29,59.5099983215332,51.45000076293945,1.8436000347137451,18.790000915527344,2737.800048828125,96.77999877929688,1224.0999755859375,3.0350000858306885,2.309999942779541,16.389999389648438,yfinance
2018-11-30,58.709999084472656,50.93000030517578,1.8454999923706055,18.06999969482422,2760.169921875,97.2699966430664,1220.199951171875,3.013000011444092,2.308000087738037,16.402000427246094,yfinance
2018-12-03,61.689998626708984,52.95000076293945,1.8875000476837158,16.440000534057617,2790.3701171875,97.04000091552734,1233.9000244140625,2.992000102996826,2.2880001068115234,17.649999618530273,yfinance
2018-12-04,62.08000183105469,53.25,1.9009000062942505,20.739999771118164,2700.06005859375,96.97000122070312,1241.0999755859375,2.9240000247955322,2.365000009536743,18.540000915527344,yfinance
2018-12-06,60.060001373291016,51.4900016784668,1.858199954032898,21.190000534057617,2695.949951171875,96.80999755859375,1238.0999755859375,2.875999927520752,2.3529999256134033,18.540000915527344,yfinance
2018-12-07,61.66999816894531,52.61000061035156,1.886199951171875,23.229999542236328,2633.080078125,96.51000213623047,1246.800048828125,2.8499999046325684,2.3399999141693115,18.540000915527344,yfinance
2018-12-10,59.970001220703125,51.0,1.844099998474121,22.639999389648438,2637.719970703125,97.22000122070312,1243.699951171875,2.8559999465942383,2.3299999237060547,18.540000915527344,yfinance
2018-12-11,60.20000076293945,51.650001525878906,1.847100019454956,21.760000228881836,2636.780029296875,97.38999938964844,1241.9000244140625,2.878999948501587,2.369999885559082,18.049999237060547,yfinance
2018-12-12,60.150001525878906,51.150001525878906,1.8509000539779663,21.459999084472656,2651.070068359375,97.04000091552734,1244.4000244140625,2.9059998989105225,2.375,18.145000457763672,yfinance
2018-12-13,61.45000076293945,52.58000183105469,1.8765000104904175,20.649999618530273,2650.5400390625,97.05999755859375,1242.699951171875,2.9110000133514404,2.36299991607666,18.209999084472656,yfinance
2018-12-14,60.279998779296875,51.20000076293945,1.8452999591827393,21.6299991607666,2599.949951171875,97.44000244140625,1237.0,2.8910000324249268,2.368000030517578,18.209999084472656,yfinance
2018-12-17,59.61000061035156,49.880001068115234,1.82669997215271,24.520000457763672,2545.93994140625,97.0999984741211,1247.4000244140625,2.8570001125335693,2.3399999141693115,18.614999771118164,yfinance
2018-12-18,56.2599983215332,46.2400016784668,1.7539000511169434,25.579999923706055,2546.159912109375,97.13999938964844,1249.199951171875,2.825000047683716,2.328000068664551,18.614999771118164,yfinance
2018-12-19,57.2400016784668,47.20000076293945,1.805400013923645,25.579999923706055,2506.9599609375,97.04000091552734,1252.0999755859375,2.7780001163482666,2.3380000591278076,18.614999771118164,yfinance
2018-12-20,54.349998474121094,45.880001068115234,1.7496999502182007,28.3799991607666,2467.419921875,96.27999877929688,1263.5999755859375,2.7890000343322754,2.3350000381469727,18.614999771118164,yfinance
2018-12-21,53.81999969482422,45.59000015258789,1.732699990272522,30.110000610351562,2416.6201171875,96.95999908447266,1253.800048828125,2.7920000553131104,2.3299999237060547,18.614999771118164,yfinance
2018-12-24,50.470001220703125,42.529998779296875,1.6621999740600586,36.06999969482422,2351.10009765625,96.55000305175781,1267.5,2.749000072479248,2.3329999446868896,17.889999389648438,yfinance
2018-12-26,54.470001220703125,46.220001220703125,1.7336000204086304,30.40999984741211,2467.699951171875,97.05000305175781,1269.199951171875,2.796999931335449,2.380000114440918,17.889999389648438,yfinance
2018-12-27,52.15999984741211,44.61000061035156,1.6783000230789185,29.959999084472656,2488.830078125,96.4800033569336,1277.300048828125,2.743000030517578,2.3480000495910645,17.885000228881836,yfinance
2018-12-28,52.20000076293945,45.33000183105469,1.6647000312805176,28.34000015258789,2485.739990234375,96.38999938964844,1279.9000244140625,2.7360000610351562,2.328000068664551,18.170000076293945,yfinance
2018-12-31,53.79999923706055,45.40999984741211,1.680799961090088,25.420000076293945,2506.85009765625,96.16999816894531,1278.300048828125,2.686000108718872,2.299999952316284,18.170000076293945,yfinance
2019-01-02,54.90999984741211,46.540000915527344,1.700600028038025,23.219999313354492,2510.030029296875,96.81999969482422,1281.0,2.6610000133514404,2.365000009536743,18.489999771118164,yfinance
2019-01-03,55.95000076293945,47.09000015258789,1.7419999837875366,25.450000762939453,2447.889892578125,96.30999755859375,1291.800048828125,2.553999900817871,2.3550000190734863,18.489999771118164,yfinance
2019-01-04,57.060001373291016,47.959999084472656,1.7691999673843384,21.3799991607666,2531.93994140625,96.19000244140625,1282.699951171875,2.6589999198913574,2.3580000400543213,17.920000076293945,yfinance
2019-01-07,57.33000183105469,48.52000045776367,1.77839994430542,21.399999618530273,2549.68994140625,95.70999908447266,1286.800048828125,2.681999921798706,2.3529999256134033,17.920000076293945,yfinance
2019-01-08,58.720001220703125,49.779998779296875,1.8270000219345093,20.469999313354492,2574.409912109375,95.9000015258789,1283.199951171875,2.7160000801086426,2.4000000953674316,17.920000076293945,yfinance
2019-01-09,61.439998626708984,52.36000061035156,1.8808000087738037,19.979999542236328,2584.9599609375,95.22000122070312,1289.300048828125,2.7279999256134033,2.390000104904175,17.920000076293945,yfinance
2019-01-10,61.68000030517578,52.59000015258789,1.9061000347137451,19.5,2596.639892578125,95.54000091552734,1284.699951171875,2.7309999465942383,2.375,17.110000610351562,yfinance
2019-01-11,60.47999954223633,51.59000015258789,1.879699945449829,18.190000534057617,2596.260009765625,95.66999816894531,1287.0999755859375,2.7009999752044678,2.369999885559082,17.110000610351562,yfinance
2019-01-14,58.9900016784668,50.5099983215332,1.8524999618530273,19.06999969482422,2582.610107421875,95.58999633789062,1289.0999755859375,2.7100000381469727,2.359999895095825,17.135000228881836,yfinance
2019-01-15,60.63999938964844,52.11000061035156,1.8722000122070312,18.600000381469727,2610.300048828125,95.97000122070312,1286.199951171875,2.7109999656677246,2.382999897003174,17.135000228881836,yfinance
2019-01-16,61.31999969482422,52.310001373291016,1.8946000337600708,19.040000915527344,2616.10009765625,96.05999755859375,1291.5999755859375,2.7309999465942383,2.36299991607666,16.665000915527344,yfinance
2019-01-17,61.18000030517578,52.06999969482422,1.8842999935150146,18.059999465942383,2635.9599609375,96.06999969482422,1291.0,2.749000072479248,2.3550000190734863,16.665000915527344,yfinance
2019-01-18,62.70000076293945,53.79999923706055,1.9160000085830688,17.799999237060547,2670.7099609375,96.33999633789062,1281.300048828125,2.7839999198913574,2.3480000495910645,17.270000457763672,yfinance
2019-01-22,61.5,52.56999969482422,1.9011000394821167,20.799999237060547,2632.89990234375,96.30000305175781,1282.5,2.7300000190734863,2.3450000286102295,15.604999542236328,yfinance
2019-01-23,61.13999938964844,52.619998931884766,1.8885999917984009,19.520000457763672,2638.699951171875,96.12000274658203,1283.0999755859375,2.755000114440918,2.3529999256134033,15.604999542236328,yfinance
2019-01-24,61.09000015258789,53.130001068115234,1.885599970817566,18.889999389648438,2642.330078125,96.5999984741211,1279.0999755859375,2.7119998931884766,2.305000066757202,15.265000343322754,yfinance
2019-01-25,61.63999938964844,53.689998626708984,1.8918999433517456,17.420000076293945,2664.760009765625,95.79000091552734,1297.4000244140625,2.753000020980835,2.328000068664551,15.095000267028809,yfinance
2019-01-28,59.93000030517578,51.9900016784668,1.8377000093460083,18.8700008392334,2643.85009765625,95.75,1302.4000244140625,2.74399995803833,2.3329999446868896,13.4350004196167,yfinance
2019-01-29,61.31999969482422,53.310001373291016,1.8975000381469727,19.1299991607666,2640.0,95.81999969482422,1308.199951171875,2.7119998931884766,2.365000009536743,12.555000305175781,yfinance
2019-01-30,61.650001525878906,54.22999954223633,1.8983999490737915,17.65999984741211,2681.050048828125,95.33999633789062,1309.9000244140625,2.694999933242798,2.365000009536743,12.21500015258789,yfinance
2019-01-31,61.88999938964844,53.790000915527344,1.8788000345230103,16.56999969482422,2704.10009765625,95.58000183105469,1319.699951171875,2.634999990463257,2.3399999141693115,12.175000190734863,yfinance
2019-02-01,61.869998931884766,55.2599983215332,1.9127000570297241,16.139999389648438,2706.530029296875,95.58000183105469,1316.9000244140625,2.690999984741211,2.3399999141693115,12.859999656677246,yfinance
2019-02-04,62.5099983215332,54.560001373291016,1.9074000120162964,15.729999542236328,2724.8701171875,95.8499984741211,1314.300048828125,2.7239999771118164,2.3350000381469727,12.520000457763672,yfinance
2019-02-05,61.97999954223633,53.65999984741211,1.8975000381469727,15.569999694824219,2737.699951171875,96.0999984741211,1314.199951171875,2.7019999027252197,2.365000009536743,12.376999855041504,yfinance
2019-02-06,62.689998626708984,54.0099983215332,1.9121999740600586,15.380000114440918,2731.610107421875,96.41999816894531,1309.5,2.7019999027252197,2.365000009536743,11.75,yfinance
2019-02-07,61.630001068115234,52.63999938964844,1.9005000591278076,16.3700008392334,2706.050048828125,96.51000213623047,1309.4000244140625,2.6519999504089355,2.3550000190734863,10.869999885559082,yfinance
2019-02-08,62.099998474121094,52.720001220703125,1.9084999561309814,15.720000267028809,2707.8798828125,96.63999938964844,1313.699951171875,2.631999969482422,2.365000009536743,11.020000457763672,yfinance
2019-02-11,61.5099983215332,52.40999984741211,1.892199993133545,15.970000267028809,2709.800048828125,97.05999755859375,1307.0,2.6610000133514404,2.375,11.399999618530273,yfinance
2019-02-12,62.41999816894531,53.099998474121094,1.9071999788284302,15.430000305175781,2744.72998046875,96.70999908447266,1309.199951171875,2.684000015258789,2.378000020980835,11.670000076293945,yfinance
2019-02-13,63.61000061035156,53.900001525878906,1.9387999773025513,15.649999618530273,2753.030029296875,97.12999725341797,1310.800048828125,2.7079999446868896,2.372999906539917,11.635000228881836,yfinance
2019-02-14,64.56999969482422,54.40999984741211,1.97160005569458,16.219999313354492,2745.72998046875,96.9800033569336,1309.800048828125,2.6570000648498535,2.372999906539917,11.085000038146973,yfinance
2019-02-15,66.25,55.59000015258789,2.0202999114990234,14.90999984741211,2775.60009765625,96.91999816894531,1318.0999755859375,2.6659998893737793,2.369999885559082,11.1899995803833,yfinance
2019-02-19,66.44999694824219,56.09000015258789,1.9946000576019287,14.880000114440918,2779.760009765625,96.5199966430664,1340.0999755859375,2.6470000743865967,2.372999906539917,10.989999771118164,yfinance
2019-02-20,67.08000183105469,56.91999816894531,2.0183000564575195,14.020000457763672,2784.699951171875,96.44999694824219,1343.300048828125,2.6540000438690186,2.382999897003174,10.890000343322754,yfinance
2019-02-21,67.06999969482422,56.959999084472656,2.03629994392395,14.460000038146973,2774.8798828125,96.61000061035156,1323.5,2.687999963760376,2.3949999809265137,10.694999694824219,yfinance
2019-02-22,67.12000274658203,57.2599983215332,2.031100034713745,13.510000228881836,2792.669921875,96.51000213623047,1329.199951171875,2.6549999713897705,2.3929998874664307,10.925000190734863,yfinance
2019-02-25,64.76000213623047,55.47999954223633,1.9745999574661255,14.850000381469727,2796.110107421875,96.41000366210938,1325.9000244140625,2.6730000972747803,2.3929998874664307,11.09000015258789,yfinance
2019-02-26,65.20999908447266,55.5,1.9984999895095825,15.170000076293945,2793.89990234375,96.0,1325.0999755859375,2.635999917984009,2.4000000953674316,11.154999732971191,yfinance
2019-02-27,66.38999938964844,56.939998626708984,2.0216000080108643,14.699999809265137,2792.3798828125,96.1500015258789,1317.699951171875,2.693000078201294,2.3929998874664307,11.100000381469727,yfinance
2019-02-28,66.02999877929688,57.220001220703125,2.0234999656677246,14.779999732971191,2784.489990234375,96.16000366210938,1312.800048828125,2.7109999656677246,2.382999897003174,11.039999961853027,yfinance
2019-03-01,65.06999969482422,55.79999923706055,2.000999927520752,13.569999694824219,2803.68994140625,96.52999877929688,1296.4000244140625,2.755000114440918,2.378000020980835,10.710000038146973,yfinance
2019-03-04,65.66999816894531,56.59000015258789,2.0143001079559326,14.630000114440918,2792.81005859375,96.68000030517578,1284.800048828125,2.7219998836517334,2.375,10.61400032043457,yfinance
2019-03-05,65.86000061035156,56.560001373291016,2.016400098800659,14.739999771118164,2789.64990234375,96.8499984741211,1282.0,2.7219998836517334,2.4000000953674316,10.25,yfinance
2019-03-06,65.98999786376953,56.220001220703125,2.016200065612793,15.739999771118164,2771.449951171875,96.87000274658203,1284.9000244140625,2.691999912261963,2.4049999713897705,9.911999702453613,yfinance
2019-03-07,66.30000305175781,56.65999984741211,2.012700080871582,16.59000015258789,2748.929931640625,97.66999816894531,1283.800048828125,2.635999917984009,2.3949999809265137,9.555000305175781,yfinance
2019-03-08,65.73999786376953,56.06999969482422,1.9997999668121338,16.049999237060547,2743.070068359375,97.37000274658203,1297.0,2.625,2.3929998874664307,9.574000358581543,yfinance
2019-03-11,66.58000183105469,56.790000915527344,1.9941999912261963,14.329999923706055,2783.300048828125,97.22000122070312,1288.800048828125,2.6429998874664307,2.380000114440918,9.600000381469727,yfinance
2019-03-12,66.66999816894531,56.869998931884766,1.985700011253357,13.770000457763672,2791.52001953125,96.94000244140625,1296.300048828125,2.6050000190734863,2.3949999809265137,9.991999626159668,yfinance
2019-03-13,67.55000305175781,58.2599983215332,1.9921000003814697,13.40999984741211,2810.919921875,96.55000305175781,1307.5,2.6110000610351562,2.388000011444092,10.09000015258789,yfinance
2019-03-14,67.2300033569336,58.61000061035156,1.9848999977111816,13.5,2808.47998046875,96.79000091552734,1293.4000244140625,2.630000114440918,2.388000011444092,11.020000457763672,yfinance
2019-03-15,67.16000366210938,58.52000045776367,1.9677000045776367,12.880000114440918,2822.47998046875,96.5999984741211,1301.800048828125,2.5929999351501465,2.388000011444092,10.96500015258789,yfinance
2019-03-18,67.54000091552734,59.09000015258789,1.968999981880188,13.100000381469727,2832.93994140625,96.5199966430664,1300.300048828125,2.6019999980926514,2.384999990463257,10.279999732971191,yfinance
2019-03-19,67.61000061035156,59.029998779296875,1.990399956703186,13.5600004196167,2832.570068359375,96.37999725341797,1305.0,2.614000082015991,2.4049999713897705,9.982999801635742,yfinance
2019-03-20,68.5,59.83000183105469,2.0081000328063965,13.90999984741211,2824.22998046875,95.76000213623047,1300.5,2.5350000858306885,2.4079999923706055,10.631999969482422,yfinance
2019-03-21,67.86000061035156,59.97999954223633,1.9871000051498413,13.630000114440918,2854.8798828125,96.5,1306.0999755859375,2.5369999408721924,2.4079999923706055,10.354999542236328,yfinance
2019-03-22,67.02999877929688,59.040000915527344,1.96589994430542,16.479999542236328,2800.7099609375,96.6500015258789,1311.5999755859375,2.4549999237060547,2.3980000019073486,10.442999839782715,yfinance
2019-03-25,67.20999908447266,58.81999969482422,1.9803999662399292,16.329999923706055,2798.360107421875,96.56999969482422,1321.9000244140625,2.4200000762939453,2.390000104904175,10.4350004196167,yfinance
2019-03-26,67.97000122070312,59.939998626708984,1.98989999294281,14.680000305175781,2818.4599609375,96.73999786376953,1314.300048828125,2.4140000343322754,2.4049999713897705,9.972999572753906,yfinance
2019-03-27,67.83000183105469,59.40999984741211,1.9805999994277954,15.149999618530273,2805.3701171875,96.7699966430664,1309.9000244140625,2.374000072479248,2.378000020980835,9.973999977111816,yfinance
2019-03-28,67.81999969482422,59.29999923706055,1.972000002861023,14.430000305175781,2815.43994140625,97.19999694824219,1289.800048828125,2.3889999389648438,2.369999885559082,10.045000076293945,yfinance
2019-03-29,68.38999938964844,60.13999938964844,1.9733999967575073,13.710000038146973,2834.39990234375,97.27999877929688,1293.0,2.4140000343322754,2.328000068664551,9.359000205993652,yfinance
2019-04-01,69.01000213623047,61.59000015258789,1.9881000518798828,13.399999618530273,2867.18994140625,97.25,1288.4000244140625,2.496999979019165,2.322999954223633,9.300000190734863,yfinance
2019-04-02,69.37000274658203,62.58000183105469,2.0088999271392822,13.359999656677246,2867.239990234375,97.36000061035156,1290.0,2.4809999465942383,2.369999885559082,9.4350004196167,yfinance
2019-04-03,69.30999755859375,62.459999084472656,2.0067999362945557,13.739999771118164,2873.39990234375,97.08999633789062,1289.9000244140625,2.5169999599456787,2.372999906539917,9.5600004196167,yfinance
2019-04-04,69.4000015258789,62.099998474121094,2.013400077819824,13.579999923706055,2879.389892578125,97.30999755859375,1289.0,2.51200008392334,2.369999885559082,9.430000305175781,yfinance
2019-04-05,70.33999633789062,63.08000183105469,2.0423998832702637,12.819999694824219,2892.739990234375,97.4000015258789,1290.4000244140625,2.500999927520752,2.369999885559082,9.545000076293945,yfinance
2019-04-08,71.0999984741211,64.4000015258789,2.0571000576019287,13.180000305175781,2895.77001953125,97.05000305175781,1297.0999755859375,2.5190000534057617,2.365000009536743,9.654999732971191,yfinance
2019-04-09,70.61000061035156,63.97999954223633,2.0448999404907227,14.279999732971191,2878.199951171875,97.01000213623047,1303.5,2.499000072479248,2.365000009536743,9.84000015258789,yfinance
2019-04-10,71.7300033569336,64.61000061035156,2.087599992752075,13.300000190734863,2888.2099609375,96.94999694824219,1309.0999755859375,2.4769999980926514,2.36299991607666,9.704999923706055,yfinance
2019-04-11,70.83000183105469,63.58000183105469,2.067199945449829,13.020000457763672,2888.320068359375,97.18000030517578,1288.5999755859375,2.503999948501587,2.365000009536743,9.255000114440918,yfinance
2019-04-12,71.55000305175781,63.88999938964844,2.07069993019104,12.010000228881836,2907.409912109375,96.97000122070312,1290.5999755859375,2.559999942779541,2.375,9.664999961853027,yfinance
2019-04-15,71.18000030517578,63.400001525878906,2.061000108718872,12.319999694824219,2905.580078125,96.94000244140625,1286.800048828125,2.552999973297119,2.359999895095825,10.130999565124512,yfinance
2019-04-16,71.72000122070312,64.05000305175781,2.082200050354004,12.180000305175781,2907.06005859375,97.04000091552734,1272.5999755859375,2.5920000076293945,2.378000020980835,10.074000358581543,yfinance
2019-04-17,71.62000274658203,63.7599983215332,2.069200038909912,12.600000381469727,2900.449951171875,97.01000213623047,1272.199951171875,2.5920000076293945,2.380000114440918,10.4350004196167,yfinance
2019-04-18,71.97000122070312,64.0,2.0708999633789062,12.09000015258789,2905.030029296875,97.47000122070312,1271.9000244140625,2.559999942779541,2.365000009536743,10.725000381469727,yfinance
2019-04-22,74.04000091552734,65.69999694824219,2.1040000915527344,12.420000076293945,2907.969970703125,97.27999877929688,1273.5,2.5899999141693115,2.375,10.770000457763672,yfinance
2019-04-23,74.51000213623047,66.30000305175781,2.118000030517578,12.279999732971191,2933.679931640625,97.56999969482422,1269.300048828125,2.569999933242798,2.390000104904175,11.088000297546387,yfinance
2019-04-24,74.56999969482422,65.88999938964844,2.0987000465393066,13.140000343322754,2927.25,98.0999984741211,1275.5,2.5220000743865967,2.375,11.0,yfinance
2019-04-25,74.3499984741211,65.20999908447266,2.098099946975708,13.25,2926.169921875,98.19999694824219,1275.800048828125,2.5339999198913574,2.365000009536743,11.055000305175781,yfinance
2019-04-26,72.1500015258789,63.29999923706055,2.0511999130249023,12.729999542236328,2939.8798828125,98.01000213623047,1284.9000244140625,2.505000114440918,2.359999895095825,11.406000137329102,yfinance
2019-04-29,72.04000091552734,63.5,2.0548999309539795,13.109999656677246,2943.030029296875,97.86000061035156,1278.5999755859375,2.5360000133514404,2.359999895095825,12.010000228881836,yfinance
2019-04-30,72.80000305175781,63.90999984741211,2.081199884414673,13.119999885559082,2945.830078125,97.4800033569336,1282.800048828125,2.509000062942505,2.368000030517578,12.385000228881836,yfinance
2019-05-01,72.18000030517578,63.599998474121094,2.0941998958587646,14.800000190734863,2923.72998046875,97.69000244140625,1281.4000244140625,2.510999917984009,2.36299991607666,12.25100040435791,yfinance
2019-05-02,70.75,61.810001373291016,2.0778000354766846,14.420000076293945,2917.52001953125,97.83000183105469,1269.699951171875,2.552000045776367,2.372999906539917,12.281999588012695,yfinance
2019-05-03,70.8499984741211,61.939998626708984,2.070199966430664,12.869999885559082,2945.639892578125,97.5199966430664,1279.199951171875,2.5309998989105225,2.368000030517578,12.25100040435791,yfinance
2019-05-06,71.23999786376953,62.25,2.0676000118255615,15.4399995803833,2932.469970703125,97.5199966430664,1281.699951171875,2.5,2.36299991607666,11.21500015258789,yfinance
2019-05-07,69.87999725341797,61.400001525878906,2.037600040435791,19.31999969482422,2884.050048828125,97.62999725341797,1283.5,2.447999954223633,2.368000030517578,11.104999542236328,yfinance
2019-05-08,70.37000274658203,62.119998931884766,2.0562000274658203,19.399999618530273,2879.419921875,97.62000274658203,1279.4000244140625,2.4820001125335693,2.369999885559082,11.789999961853027,yfinance
2019-05-09,70.38999938964844,61.70000076293945,2.043600082397461,19.100000381469727,2870.719970703125,97.37000274658203,1283.5,2.4570000171661377,2.369999885559082,11.845000267028809,yfinance
2019-05-10,70.62000274658203,61.65999984741211,2.0504000186920166,16.040000915527344,2881.39990234375,97.33000183105469,1285.699951171875,2.4549999237060547,2.369999885559082,12.25,yfinance
2019-05-13,70.2300033569336,61.040000915527344,2.0383999347686768,20.549999237060547,2811.8701171875,97.31999969482422,1300.0999755859375,2.4049999713897705,2.3499999046325684,12.114999771118164,yfinance
2019-05-14,71.23999786376953,61.779998779296875,2.0589001178741455,18.059999465942383,2834.409912109375,97.52999877929688,1294.699951171875,2.4189999103546143,2.3529999256134033,12.1850004196167,yfinance
2019-05-15,71.7699966430664,62.02000045776367,2.0862998962402344,16.440000534057617,2850.9599609375,97.56999969482422,1296.300048828125,2.378999948501587,2.3499999046325684,11.800000190734863,yfinance
2019-05-16,72.62000274658203,62.869998931884766,2.123199939727783,15.289999961853027,2876.320068359375,97.83999633789062,1285.0,2.4049999713897705,2.3380000591278076,11.835000038146973,yfinance
2019-05-17,72.20999908447266,62.7599983215332,2.0954999923706055,15.960000038146973,2859.530029296875,98.0,1274.5,2.3929998874664307,2.3299999237060547,12.024999618530273,yfinance
2019-05-20,71.97000122070312,63.099998474121094,2.0736000537872314,16.309999465942383,2840.22998046875,97.93000030517578,1276.0999755859375,2.4159998893737793,2.319999933242798,11.835000038146973,yfinance
2019-05-21,72.18000030517578,62.9900016784668,2.079400062561035,14.949999809265137,2864.360107421875,98.05999755859375,1272.0,2.4260001182556152,2.3299999237060547,11.96500015258789,yfinance
2019-05-22,70.98999786376953,61.41999816894531,2.049099922180176,14.75,2856.27001953125,98.11000061035156,1273.5999755859375,2.3929998874664307,2.319999933242798,12.045000076293945,yfinance
2019-05-23,67.76000213623047,57.90999984741211,1.962399959564209,16.920000076293945,2822.239990234375,97.8499984741211,1284.800048828125,2.2960000038146973,2.302999973297119,12.234999656677246,yfinance
2019-05-24,68.69000244140625,58.630001068115234,1.9713000059127808,15.850000381469727,2826.06005859375,97.61000061035156,1283.0,2.3239998817443848,2.2880001068115234,12.204999923706055,yfinance
2019-05-28,70.11000061035156,59.13999938964844,1.9924999475479126,17.5,2802.389892578125,97.95999908447266,1276.5,2.2679998874664307,2.2980000972747803,12.364999771118164,yfinance
2019-05-29,69.44999694824219,58.810001373291016,1.9674999713897705,17.899999618530273,2783.02001953125,98.13999938964844,1280.5999755859375,2.2360000610351562,2.2980000972747803,12.515999794006348,yfinance
2019-05-30,66.87000274658203,56.59000015258789,1.9149999618530273,17.299999237060547,2788.860107421875,98.13999938964844,1287.0999755859375,2.2269999980926514,2.309999942779541,12.180000305175781,yfinance
2019-05-31,64.48999786376953,53.5,1.8417999744415283,18.709999084472656,2752.06005859375,97.75,1305.800048828125,2.1419999599456787,2.2929999828338623,12.25,yfinance
2019-06-03,61.279998779296875,53.25,1.80649995803833,18.860000610351562,2744.449951171875,97.13999938964844,1322.699951171875,2.0810000896453857,2.2799999713897705,12.444999694824219,yfinance
2019-06-04,61.970001220703125,53.47999954223633,1.8214999437332153,16.969999313354492,2803.27001953125,97.06999969482422,1323.4000244140625,2.11899995803833,2.2950000762939453,12.489999771118164,yfinance
2019-06-05,60.630001068115234,51.68000030517578,1.7799999713897705,16.09000015258789,2826.14990234375,97.37000274658203,1328.300048828125,2.122999906539917,2.2850000858306885,12.5,yfinance
2019-06-06,61.66999816894531,52.59000015258789,1.7883000373840332,15.930000305175781,2843.489990234375,97.02999877929688,1337.5999755859375,2.124000072479248,2.255000114440918,12.425000190734863,yfinance
2019-06-07,63.290000915527344,53.9900016784668,1.8248000144958496,16.299999237060547,2873.340087890625,96.61000061035156,1341.199951171875,2.0840001106262207,2.2149999141693115,12.295000076293945,yfinance
2019-06-10,62.290000915527344,53.2599983215332,1.8063000440597534,15.9399995803833,2886.72998046875,96.76000213623047,1324.699951171875,2.1429998874664307,2.2200000286102295,12.085000038146973,yfinance
2019-06-11,62.290000915527344,53.27000045776367,1.822100043296814,15.989999771118164,2885.719970703125,96.69000244140625,1326.4000244140625,2.140000104904175,2.2130000591278076,12.010000228881836,yfinance
2019-06-12,59.970001220703125,51.13999938964844,1.7798999547958374,15.90999984741211,2879.840087890625,97.0,1331.9000244140625,2.127000093460083,2.1649999618530273,11.859999656677246,yfinance
2019-06-13,61.310001373291016,52.279998779296875,1.8065999746322632,15.819999694824219,2891.639892578125,97.01000213623047,1339.199951171875,2.0910000801086426,2.140000104904175,12.085000038146973,yfinance
2019-06-14,62.0099983215332,52.5099983215332,1.8293999433517456,15.279999732971191,2886.97998046875,97.56999969482422,1340.0999755859375,2.0929999351501465,2.125,12.385000228881836,yfinance
2019-06-17,60.939998626708984,51.93000030517578,1.7994999885559082,15.350000381469727,2889.669921875,97.55999755859375,1338.699951171875,2.0859999656677246,2.138000011444092,12.369999885559082,yfinance
2019-06-18,62.13999938964844,53.900001525878906,1.8278000354766846,15.149999618530273,2917.75,97.63999938964844,1346.5999755859375,2.059999942779541,2.1679999828338623,12.385000228881836,yfinance
2019-06-19,61.81999969482422,53.7599983215332,1.8293999433517456,14.329999923706055,2926.4599609375,97.12000274658203,1344.5999755859375,2.0290000438690186,2.125,12.444999694824219,yfinance
2019-06-20,64.44999694824219,56.650001525878906,1.8842999935150146,14.75,2954.179931640625,96.62999725341797,1392.9000244140625,2.000999927520752,2.078000068664551,12.404999732971191,yfinance
2019-06-21,65.19999694824219,57.43000030517578,1.9157999753952026,15.399999618530273,2950.4599609375,96.22000122070312,1396.199951171875,2.068000078201294,2.055000066757202,12.6899995803833,yfinance
2019-06-24,64.86000061035156,57.900001525878906,1.9089000225067139,15.260000228881836,2945.35009765625,95.9800033569336,1414.300048828125,2.0209999084472656,2.058000087738037,12.960000038146973,yfinance
2019-06-25,65.05000305175781,57.83000183105469,1.9234000444412231,16.280000686645508,2917.3798828125,96.16000366210938,1414.9000244140625,1.99399995803833,2.0829999446868896,13.005000114440918,yfinance
2019-06-26,66.48999786376953,59.380001068115234,1.9713000059127808,16.209999084472656,2913.780029296875,96.20999908447266,1411.5999755859375,2.0490000247955322,2.0929999351501465,12.994999885559082,yfinance
2019-06-27,66.55000305175781,59.43000030517578,1.9524999856948853,15.819999694824219,2924.919921875,96.19000244140625,1408.4000244140625,2.005000114440918,2.0850000381469727,12.930000305175781,yfinance
2019-06-28,66.55000305175781,58.470001220703125,1.944599986076355,15.079999923706055,2941.760009765625,96.12999725341797,1409.699951171875,2.0,2.0350000858306885,13.149999618530273,yfinance
2019-07-01,65.05999755859375,59.09000015258789,1.9537999629974365,14.0600004196167,2964.330078125,96.83999633789062,1385.5999755859375,2.0339999198913574,2.065000057220459,13.420000076293945,yfinance
2019-07-02,62.400001525878906,56.25,1.886299967765808,12.930000305175781,2973.010009765625,96.7300033569336,1404.5999755859375,1.9759999513626099,2.1480000019073486,14.302000045776367,yfinance
2019-07-03,63.81999969482422,57.34000015258789,1.8986999988555908,12.569999694824219,2995.820068359375,96.7699966430664,1417.699951171875,1.9529999494552612,2.1500000953674316,15.020000457763672,yfinance
2019-07-05,64.2300033569336,57.5099983215332,1.9049999713897705,13.279999732971191,2990.409912109375,97.25,1396.699951171875,2.0480000972747803,2.1630001068115234,14.899999618530273,yfinance
2019-07-08,64.11000061035156,57.65999984741211,1.895300030708313,13.960000038146973,2975.949951171875,97.37999725341797,1397.0,2.0339999198913574,2.177999973297119,15.065999984741211,yfinance
2019-07-09,64.16000366210938,57.83000183105469,1.910599946975708,14.09000015258789,2979.6298828125,97.48999786376953,1397.5,2.053999900817871,2.194999933242798,15.774999618530273,yfinance
2019-07-10,67.01000213623047,60.43000030517578,1.9910000562667847,13.029999732971191,2993.070068359375,97.0999984741211,1410.0999755859375,2.061000108718872,2.130000114440918,15.779999732971191,yfinance
2019-07-11,66.5199966430664,60.20000076293945,1.978600025177002,12.930000305175781,2999.909912109375,97.05000305175781,1404.300048828125,2.119999885559082,2.0980000495910645,16.30500030517578,yfinance
2019-07-12,66.72000122070312,60.209999084472656,1.9801000356674194,12.390000343322754,3013.77001953125,96.80999755859375,1409.9000244140625,2.1059999465942383,2.0899999141693115,16.604999542236328,yfinance
2019-07-15,66.4800033569336,59.58000183105469,1.9515999555587769,12.680000305175781,3014.300048828125,96.93000030517578,1411.4000244140625,2.0920000076293945,2.0850000381469727,17.125,yfinance
2019-07-16,64.3499984741211,57.619998931884766,1.9048999547958374,12.859999656677246,3004.0400390625,97.4000015258789,1409.199951171875,2.121999979019165,2.1029999256134033,16.575000762939453,yfinance
2019-07-17,63.65999984741211,56.779998779296875,1.8926000595092773,13.970000267028809,2984.419921875,97.22000122070312,1421.300048828125,2.061000108718872,2.072999954223633,16.975000381469727,yfinance
2019-07-18,61.93000030517578,55.29999923706055,1.8624999523162842,13.529999732971191,2995.110107421875,96.79000091552734,1426.0999755859375,2.0380001068115234,2.013000011444092,17.19499969482422,yfinance
2019-07-19,62.470001220703125,55.630001068115234,1.8896000385284424,14.449999809265137,2976.610107421875,97.1500015258789,1425.0999755859375,2.0480000972747803,2.013000011444092,17.565000534057617,yfinance
2019-07-22,63.2599983215332,56.220001220703125,1.8995000123977661,13.529999732971191,2985.030029296875,97.26000213623047,1425.300048828125,2.0429999828338623,2.0250000953674316,17.988000869750977,yfinance
2019-07-23,63.83000183105469,56.77000045776367,1.9217000007629395,12.609999656677246,3005.469970703125,97.70999908447266,1420.0999755859375,2.0739998817443848,2.0329999923706055,17.065000534057617,yfinance
2019-07-24,63.18000030517578,55.880001068115234,1.9086999893188477,12.069999694824219,3019.56005859375,97.7300033569336,1422.800048828125,2.049999952316284,2.0399999618530273,16.350000381469727,yfinance
2019-07-25,63.38999938964844,56.02000045776367,1.9142999649047852,12.739999771118164,3003.669921875,97.81999969482422,1413.9000244140625,2.0739998817443848,2.059999942779541,16.899999618530273,yfinance
2019-07-26,63.459999084472656,56.20000076293945,1.9043999910354614,12.15999984741211,3025.860107421875,98.01000213623047,1418.5,2.0810000896453857,2.062999963760376,16.594999313354492,yfinance
2019-07-29,63.709999084472656,56.869998931884766,1.910599946975708,12.829999923706055,3020.969970703125,98.04000091552734,1419.5999755859375,2.055000066757202,2.049999952316284,16.389999389648438,yfinance
2019-07-30,64.72000122070312,58.04999923706055,1.944000005722046,13.9399995803833,3013.179931640625,98.05000305175781,1429.699951171875,2.061000108718872,2.0399999618530273,16.190000534057617,yfinance
2019-07-31,65.16999816894531,58.58000183105469,1.9550000429153442,16.1200008392334,2980.3798828125,98.5199966430664,1426.0999755859375,2.0209999084472656,2.0299999713897705,16.1200008392334,yfinance
2019-08-01,60.5,53.95000076293945,1.8529000282287598,17.8700008392334,2953.56005859375,98.38999938964844,1420.9000244140625,1.8940000534057617,2.0299999713897705,15.9350004196167,yfinance
2019-08-02,61.88999938964844,55.65999984741211,1.8902000188827515,17.610000610351562,2932.050048828125,98.0999984741211,1445.5999755859375,1.8550000190734863,2.0,15.574999809265137,yfinance
2019-08-05,59.810001373291016,54.689998626708984,1.8356000185012817,24.59000015258789,2844.739990234375,97.5,1464.5999755859375,1.7350000143051147,1.9529999494552612,14.680000305175781,yfinance
2019-08-06,58.939998626708984,53.630001068115234,1.8240000009536743,20.170000076293945,2881.77001953125,97.62999725341797,1472.4000244140625,1.7389999628067017,1.9950000047683716,15.75,yfinance
2019-08-07,56.22999954223633,51.09000015258789,1.7532000541687012,19.489999771118164,2883.97998046875,97.54000091552734,1507.300048828125,1.684000015258789,1.968000054359436,15.579999923706055,yfinance
2019-08-08,57.380001068115234,52.540000915527344,1.7766000032424927,16.90999984741211,2938.090087890625,97.62000274658203,1497.699951171875,1.715999960899353,1.9700000286102295,16.145000457763672,yfinance
2019-08-09,58.529998779296875,54.5,1.8079999685287476,17.969999313354492,2918.64990234375,97.48999786376953,1496.5999755859375,1.7339999675750732,1.9500000476837158,17.079999923706055,yfinance
2019-08-12,58.56999969482422,54.93000030517578,1.805799961090088,21.09000015258789,2882.699951171875,97.37999725341797,1505.300048828125,1.6390000581741333,1.9279999732971191,17.070999145507812,yfinance
2019-08-13,61.29999923706055,57.099998474121094,1.8773000240325928,17.520000457763672,2926.320068359375,97.80999755859375,1502.199951171875,1.6799999475479126,1.9550000429153442,17.920000076293945,yfinance
2019-08-14,59.47999954223633,55.22999954223633,1.8437000513076782,22.100000381469727,2840.60009765625,97.98999786376953,1515.9000244140625,1.5809999704360962,1.9079999923706055,18.39900016784668,yfinance
2019-08-15,58.22999954223633,54.470001220703125,1.8107000589370728,21.18000030517578,2847.60009765625,98.13999938964844,1519.5999755859375,1.5290000438690186,1.843000054359436,18.320999145507812,yfinance
2019-08-16,58.63999938964844,54.869998931884766,1.8128000497817993,18.469999313354492,2888.679931640625,98.13999938964844,1512.5,1.5390000343322754,1.8229999542236328,18.184999465942383,yfinance
2019-08-19,59.7400016784668,56.209999084472656,1.8330999612808228,16.8799991607666,2923.64990234375,98.3499984741211,1500.4000244140625,1.5980000495910645,1.8530000448226929,17.75,yfinance
2019-08-20,60.029998779296875,56.34000015258789,1.8543000221252441,17.5,2900.510009765625,98.19000244140625,1504.5999755859375,1.5609999895095825,1.899999976158142,18.094999313354492,yfinance
2019-08-21,60.29999923706055,55.68000030517578,1.857300043106079,15.800000190734863,2924.429931640625,98.30000305175781,1504.5999755859375,1.5770000219345093,1.9279999732971191,18.924999237060547,yfinance
2019-08-22,59.91999816894531,55.349998474121094,1.8413000106811523,16.68000030517578,2922.949951171875,98.16999816894531,1497.300048828125,1.6100000143051147,1.937999963760376,19.459999084472656,yfinance
2019-08-23,59.34000015258789,54.16999816894531,1.815600037574768,19.8700008392334,2847.110107421875,97.63999938964844,1526.5999755859375,1.527999997138977,1.909999966621399,19.5310001373291,yfinance
2019-08-26,58.70000076293945,53.63999938964844,1.7924000024795532,19.31999969482422,2878.3798828125,98.08000183105469,1526.300048828125,1.5449999570846558,1.9329999685287476,19.549999237060547,yfinance
2019-08-27,59.5099983215332,54.93000030517578,1.8158999681472778,20.309999465942383,2869.159912109375,98.0,1541.0,1.4900000095367432,1.9429999589920044,20.440000534057617,yfinance
2019-08-28,60.4900016784668,55.779998779296875,1.8509999513626099,19.350000381469727,2887.93994140625,98.20999908447266,1537.800048828125,1.465999960899353,1.940000057220459,20.40999984741211,yfinance
2019-08-29,61.08000183105469,56.709999084472656,1.8639999628067017,17.8799991607666,2924.580078125,98.51000213623047,1526.5,1.5160000324249268,1.940000057220459,20.405000686645508,yfinance
2019-08-30,60.43000030517578,55.099998474121094,1.8281999826431274,18.979999542236328,2926.4599609375,98.91999816894531,1519.0999755859375,1.50600004196167,1.9329999685287476,21.135000228881836,yfinance
2019-09-03,58.2599983215332,53.939998626708984,1.8033000230789185,19.65999984741211,2906.27001953125,98.94999694824219,1545.9000244140625,1.465999960899353,1.909999966621399,21.59000015258789,yfinance
2019-09-04,60.70000076293945,56.2599983215332,1.8802000284194946,17.329999923706055,2937.780029296875,98.44999694824219,1550.300048828125,1.4589999914169312,1.9049999713897705,21.066999435424805,yfinance
2019-09-05,60.95000076293945,56.29999923706055,1.8884999752044678,16.270000457763672,2976.0,98.41000366210938,1515.4000244140625,1.565000057220459,1.9199999570846558,20.59000015258789,yfinance
2019-09-06,61.540000915527344,56.52000045776367,1.9003000259399414,15.0,2978.7099609375,98.38999938964844,1506.199951171875,1.5499999523162842,1.909999966621399,20.450000762939453,yfinance
2019-09-09,62.59000015258789,57.849998474121094,1.9277000427246094,15.270000457763672,2978.429931640625,98.27999877929688,1502.199951171875,1.621999979019165,1.9079999923706055,20.190000534057617,yfinance
2019-09-10,62.380001068115234,57.400001525878906,1.9312000274658203,15.199999809265137,2979.389892578125,98.33000183105469,1490.300048828125,1.7020000219345093,1.9129999876022339,20.33799934387207,yfinance
2019-09-11,60.810001373291016,55.75,1.9032000303268433,14.609999656677246,3000.929931640625,98.6500015258789,1494.4000244140625,1.7330000400543213,1.9129999876022339,20.80500030517578,yfinance
2019-09-12,60.380001068115234,55.09000015258789,1.88510000705719,14.220000267028809,3009.570068359375,98.30999755859375,1498.699951171875,1.7910000085830688,1.8949999809265137,21.19499969482422,yfinance
2019-09-13,60.220001220703125,54.849998474121094,1.8777999877929688,13.739999771118164,3007.389892578125,98.26000213623047,1490.9000244140625,1.902999997138977,1.899999976158142,21.114999771118164,yfinance
2019-09-16,69.0199966430664,62.900001525878906,2.0838000774383545,14.670000076293945,2997.9599609375,98.6500015258789,1503.0999755859375,1.840999960899353,1.9450000524520874,21.270000457763672,yfinance
2019-09-17,64.55000305175781,59.34000015258789,1.9895999431610107,14.4399995803833,3005.699951171875,98.26000213623047,1505.0999755859375,1.812000036239624,1.937999963760376,20.40999984741211,yfinance
2019-09-18,63.599998474121094,58.11000061035156,1.9732999801635742,13.949999809265137,3006.72998046875,98.5999984741211,1507.5,1.7860000133514404,1.8799999952316284,19.649999618530273,yfinance
2019-09-19,64.4000015258789,58.130001068115234,2.0048999786376953,14.050000190734863,3006.7900390625,98.2699966430664,1498.4000244140625,1.7740000486373901,1.8830000162124634,19.514999389648438,yfinance
2019-09-20,64.27999877929688,58.09000015258789,1.986299991607666,15.319999694824219,2992.070068359375,98.51000213623047,1507.300048828125,1.7549999952316284,1.850000023841858,20.010000228881836,yfinance
2019-09-23,64.7699966430664,58.63999938964844,1.996999979019165,14.90999984741211,2991.780029296875,98.5999984741211,1523.699951171875,1.7079999446868896,1.8450000286102295,20.860000610351562,yfinance
2019-09-24,63.099998474121094,57.290000915527344,1.9675999879837036,17.049999237060547,2966.60009765625,98.33999633789062,1532.0999755859375,1.6349999904632568,1.8799999952316284,20.570999145507812,yfinance
2019-09-25,62.38999938964844,56.4900016784668,1.9538999795913696,15.960000038146973,2984.8701171875,99.04000091552734,1504.5999755859375,1.7319999933242798,1.8450000286102295,19.520000457763672,yfinance
2019-09-26,62.7400016784668,56.40999984741211,1.9551000595092773,16.06999969482422,2977.6201171875,99.20999908447266,1507.5,1.684999942779541,1.7699999809265137,18.71500015258789,yfinance
2019-09-27,61.90999984741211,55.90999984741211,1.94159996509552,17.219999313354492,2961.7900390625,99.11000061035156,1499.0999755859375,1.6749999523162842,1.7300000190734863,18.924999237060547,yfinance
2019-09-30,60.779998779296875,54.06999969482422,1.9055999517440796,16.239999771118164,2976.739990234375,99.37999725341797,1465.699951171875,1.6749999523162842,1.7699999809265137,19.709999084472656,yfinance
2019-10-01,58.88999938964844,53.619998931884766,1.8984999656677246,18.559999465942383,2940.25,99.12999725341797,1482.0,1.6440000534057617,1.753000020980835,19.875,yfinance
2019-10-02,57.689998626708984,52.63999938964844,1.8730000257492065,20.559999465942383,2887.610107421875,99.04000091552734,1501.0,1.5959999561309814,1.7350000143051147,20.115999221801758,yfinance
2019-10-03,57.709999084472656,52.45000076293945,1.8760000467300415,19.1200008392334,2910.6298828125,98.86000061035156,1507.0999755859375,1.5360000133514404,1.6649999618530273,19.374000549316406,yfinance
2019-10-04,58.369998931884766,52.810001373291016,1.8945000171661377,17.040000915527344,2952.010009765625,98.80999755859375,1506.199951171875,1.5149999856948853,1.6549999713897705,20.405000686645508,yfinance
2019-10-07,58.349998474121094,52.75,1.9033000469207764,17.860000610351562,2938.7900390625,98.98999786376953,1497.699951171875,1.5529999732971191,1.6729999780654907,20.639999389648438,yfinance
2019-10-08,58.2400016784668,52.630001068115234,1.910099983215332,20.280000686645508,2893.06005859375,99.13999938964844,1497.199951171875,1.5369999408721924,1.6549999713897705,21.489999771118164,yfinance
2019-10-09,58.31999969482422,52.59000015258789,1.9192999601364136,18.639999389648438,2919.39990234375,99.12000274658203,1506.0999755859375,1.5889999866485596,1.628000020980835,21.91200065612793,yfinance
2019-10-10,59.099998474121094,53.54999923706055,1.920799970626831,17.56999969482422,2938.1298828125,98.70999908447266,1494.800048828125,1.6579999923706055,1.6330000162124634,21.4950008392334,yfinance
2019-10-11,60.5099983215332,54.70000076293945,1.9575999975204468,15.579999923706055,2970.27001953125,98.30000305175781,1482.699951171875,1.7519999742507935,1.6230000257492065,21.19499969482422,yfinance
2019-10-14,59.349998474121094,53.59000015258789,1.9150999784469604,14.569999694824219,2966.14990234375,98.44999694824219,1491.699951171875,1.7330000400543213,1.6180000305175781,20.90999984741211,yfinance
2019-10-15,58.7400016784668,52.810001373291016,1.909999966621399,13.539999961853027,2995.679931640625,98.29000091552734,1477.5999755859375,1.7710000276565552,1.6180000305175781,20.885000228881836,yfinance
2019-10-16,59.41999816894531,53.36000061035156,1.9426000118255615,13.680000305175781,2989.68994140625,98.01000213623047,1488.0,1.7480000257492065,1.6150000095367432,20.075000762939453,yfinance
2019-10-17,59.90999984741211,53.93000030517578,1.948099970817566,13.789999961853027,2997.949951171875,97.61000061035156,1492.300048828125,1.7569999694824219,1.625,20.200000762939453,yfinance
2019-10-18,59.41999816894531,53.779998779296875,1.947100043296814,14.25,2986.199951171875,97.27999877929688,1488.199951171875,1.746999979019165,1.625,20.479999542236328,yfinance
2019-10-21,58.959999084472656,53.310001373291016,1.940600037574768,14.0,3006.719970703125,97.33000183105469,1482.4000244140625,1.7920000553131104,1.625,19.489999771118164,yfinance
2019-10-22,59.70000076293945,54.15999984741211,1.9436999559402466,14.460000038146973,2995.989990234375,97.52999877929688,1481.699951171875,1.7680000066757202,1.6150000095367432,19.05500030517578,yfinance
2019-10-23,61.16999816894531,55.970001220703125,1.9643000364303589,14.010000228881836,3004.52001953125,97.47000122070312,1489.9000244140625,1.7589999437332153,1.6150000095367432,19.295000076293945,yfinance
2019-10-24,61.66999816894531,56.22999954223633,1.986299991607666,13.710000038146973,3010.2900390625,97.62999725341797,1498.9000244140625,1.7660000324249268,1.6230000257492065,19.84000015258789,yfinance
2019-10-25,62.02000045776367,56.65999984741211,1.979599952697754,12.649999618530273,3022.550048828125,97.83000183105469,1499.5,1.8009999990463257,1.625,19.815000534057617,yfinance
2019-10-28,61.56999969482422,55.810001373291016,1.9617999792099,13.109999656677246,3039.419921875,97.76000213623047,1490.0,1.8530000448226929,1.6050000190734863,19.78499984741211,yfinance
2019-10-29,61.59000015258789,55.540000915527344,1.9563000202178955,13.199999809265137,3036.889892578125,97.69000244140625,1487.0,1.8350000381469727,1.5950000286102295,19.420000076293945,yfinance
2019-10-30,60.61000061035156,55.060001373291016,1.913599967956543,12.329999923706055,3046.77001953125,97.6500015258789,1493.199951171875,1.7979999780654907,1.5950000286102295,18.545000076293945,yfinance
2019-10-31,60.22999954223633,54.18000030517578,1.878000020980835,13.220000267028809,3037.56005859375,97.3499984741211,1511.4000244140625,1.690999984741211,1.4980000257492065,18.030000686645508,yfinance
2019-11-01,61.689998626708984,56.20000076293945,1.9330999851226807,12.300000190734863,3066.909912109375,97.23999786376953,1508.0,1.7280000448226929,1.4850000143051147,18.1200008392334,yfinance
2019-11-04,62.130001068115234,56.540000915527344,1.940500020980835,12.829999923706055,3078.27001953125,97.51000213623047,1508.0,1.7860000133514404,1.503000020980835,18.049999237060547,yfinance
2019-11-05,62.959999084472656,57.22999954223633,1.9565999507904053,13.100000381469727,3074.6201171875,97.9800033569336,1480.800048828125,1.8660000562667847,1.5180000066757202,17.600000381469727,yfinance
2019-11-06,61.7400016784668,56.349998474121094,1.9278000593185425,12.619999885559082,3076.780029296875,97.94999694824219,1490.199951171875,1.8140000104904175,1.5149999856948853,16.774999618530273,yfinance
2019-11-07,62.290000915527344,57.150001525878906,1.920300006866455,12.729999542236328,3085.179931640625,98.13999938964844,1464.199951171875,1.9259999990463257,1.5180000066757202,16.299999237060547,yfinance
2019-11-08,62.5099983215332,57.2400016784668,1.9180999994277954,12.069999694824219,3093.080078125,98.3499984741211,1461.300048828125,1.9329999685287476,1.5099999904632568,16.2450008392334,yfinance
2019-11-11,62.18000030517578,56.86000061035156,1.914199948310852,12.6899995803833,3087.010009765625,98.19999694824219,1455.5,1.9429999589920044,1.5130000114440918,16.545000076293945,yfinance
2019-11-12,62.060001373291016,56.79999923706055,1.8976000547409058,12.680000305175781,3091.840087890625,98.30999755859375,1452.0999755859375,1.909000039100647,1.5329999923706055,16.975000381469727,yfinance
2019-11-13,62.369998931884766,57.119998931884766,1.912500023841858,13.0,3094.0400390625,98.37000274658203,1461.699951171875,1.8700000047683716,1.534999966621399,16.709999084472656,yfinance
2019-11-14,62.279998779296875,56.77000045776367,1.9178999662399292,13.050000190734863,3096.6298828125,98.16000366210938,1471.800048828125,1.815000057220459,1.527999997138977,16.584999084472656,yfinance
2019-11-15,63.29999923706055,57.720001220703125,1.9479999542236328,12.050000190734863,3120.4599609375,98.0,1467.300048828125,1.8339999914169312,1.527999997138977,16.774999618530273,yfinance
2019-11-18,62.439998626708984,57.04999923706055,1.9047000408172607,12.460000038146973,3122.030029296875,97.79000091552734,1470.9000244140625,1.8079999685287476,1.5230000019073486,16.584999084472656,yfinance
2019-11-19,60.90999984741211,55.209999084472656,1.8573999404907227,12.859999656677246,3120.179931640625,97.86000061035156,1473.300048828125,1.7860000133514404,1.524999976158142,16.354999542236328,yfinance
2019-11-20,62.400001525878906,57.11000061035156,1.8920999765396118,12.779999732971191,3108.4599609375,97.93000030517578,1473.300048828125,1.7380000352859497,1.5199999809265137,16.530000686645508,yfinance
2019-11-21,63.970001220703125,58.58000183105469,1.944700002670288,13.130000114440918,3103.5400390625,97.98999786376953,1463.0999755859375,1.7719999551773071,1.5299999713897705,16.674999237060547,yfinance
2019-11-22,63.38999938964844,57.77000045776367,1.9293999671936035,12.34000015258789,3110.2900390625,98.2699966430664,1463.0999755859375,1.7740000486373901,1.5429999828338623,17.094999313354492,yfinance
2019-11-25,63.650001525878906,58.0099983215332,1.9443000555038452,11.869999885559082,3133.639892578125,98.31999969482422,1456.5999755859375,1.7640000581741333,1.5449999570846558,17.80500030517578,yfinance
2019-11-26,64.2699966430664,58.40999984741211,1.9606000185012817,11.539999961853027,3140.52001953125,98.25,1459.800048828125,1.7400000095367432,1.565000057220459,18.36199951171875,yfinance
2019-11-27,64.05999755859375,58.11000061035156,1.9464999437332153,11.75,3153.6298828125,98.41000366210938,1453.4000244140625,1.7669999599456787,1.565000057220459,18.05500030517578,yfinance
2019-11-29,62.43000030517578,55.16999816894531,1.8789000511169434,12.619999885559082,3140.97998046875,98.2699966430664,1465.5999755859375,1.7760000228881836,1.5399999618530273,18.329999923706055,yfinance
2019-12-02,60.91999816894531,55.959999084472656,1.8860000371932983,14.90999984741211,3113.8701171875,97.86000061035156,1462.300048828125,1.8359999656677246,1.5379999876022339,19.05500030517578,yfinance
2019-12-03,60.81999969482422,56.099998474121094,1.8798999786376953,15.960000038146973,3093.199951171875,97.73999786376953,1478.199951171875,1.7089999914169312,1.5379999876022339,18.315000534057617,yfinance
2019-12-04,63.0,58.43000030517578,1.9228999614715576,14.800000190734863,3112.760009765625,97.6500015258789,1474.0,1.781000018119812,1.4980000257492065,17.975000381469727,yfinance
2019-12-05,63.38999938964844,58.43000030517578,1.9329999685287476,14.520000457763672,3117.429931640625,97.41000366210938,1476.9000244140625,1.7970000505447388,1.4930000305175781,17.889999389648438,yfinance
2019-12-06,64.38999938964844,59.20000076293945,1.9521000385284424,13.619999885559082,3145.909912109375,97.69999694824219,1459.0999755859375,1.8420000076293945,1.4800000190734863,18.204999923706055,yfinance
2019-12-09,64.25,59.02000045776367,1.944200038909912,15.859999656677246,3135.9599609375,97.63999938964844,1459.300048828125,1.8289999961853027,1.4980000257492065,17.899999618530273,yfinance
2019-12-10,64.33999633789062,59.2400016784668,1.965499997138977,15.680000305175781,3132.52001953125,97.41000366210938,1462.5999755859375,1.8329999446868896,1.5149999856948853,17.739999771118164,yfinance
2019-12-11,63.720001220703125,58.7599983215332,1.9287999868392944,14.989999771118164,3141.6298828125,97.16000366210938,1469.4000244140625,1.7899999618530273,1.5199999809265137,17.334999084472656,yfinance
2019-12-12,64.19999694824219,59.18000030517578,1.9507999420166016,13.9399995803833,3168.570068359375,97.4000015258789,1466.699951171875,1.8969999551773071,1.5299999713897705,16.84000015258789,yfinance
2019-12-13,65.22000122070312,60.06999969482422,1.9864000082015991,12.630000114440918,3168.800048828125,97.16999816894531,1475.5999755859375,1.819000005722046,1.5230000019073486,16.9950008392334,yfinance
2019-12-16,65.33999633789062,60.209999084472656,2.004499912261963,12.140000343322754,3191.449951171875,97.06999969482422,1475.0,1.8919999599456787,1.524999976158142,16.674999237060547,yfinance
2019-12-17,66.0999984741211,60.939998626708984,2.033400058746338,12.289999961853027,3192.52001953125,97.20999908447266,1474.5999755859375,1.8890000581741333,1.5299999713897705,16.1200008392334,yfinance
2019-12-18,66.16999816894531,60.93000030517578,2.0202999114990234,12.579999923706055,3191.139892578125,97.41000366210938,1472.5999755859375,1.9240000247955322,1.5180000066757202,15.6850004196167,yfinance
2019-12-19,66.54000091552734,61.220001220703125,2.0295000076293945,12.5,3205.3701171875,97.41999816894531,1478.199951171875,1.9079999923706055,1.5329999923706055,15.324999809265137,yfinance
2019-12-20,66.13999938964844,60.439998626708984,2.0218000411987305,12.510000228881836,3221.219970703125,97.70999908447266,1474.699951171875,1.9170000553131104,1.527999997138977,15.225000381469727,yfinance
2019-12-23,66.38999938964844,60.52000045776367,2.022200107574463,12.609999656677246,3224.010009765625,97.66000366210938,1482.5,1.934999942779541,1.5199999809265137,15.335000038146973,yfinance
2019-12-24,67.19999694824219,61.11000061035156,2.03629994392395,12.670000076293945,3223.3798828125,97.6500015258789,1499.0999755859375,1.909999966621399,1.5379999876022339,15.345000267028809,yfinance
2019-12-26,67.91999816894531,61.68000030517578,2.0520999431610107,12.649999618530273,3239.909912109375,97.58999633789062,1509.300048828125,1.9049999713897705,1.534999966621399,15.37399959564209,yfinance
2019-12-27,68.16000366210938,61.720001220703125,2.0495998859405518,13.430000305175781,3240.02001953125,96.91999816894531,1513.800048828125,1.8739999532699585,1.5180000066757202,15.289999961853027,yfinance
2019-12-30,68.44000244140625,61.68000030517578,2.040600061416626,14.819999694824219,3221.2900390625,96.73999786376953,1514.5,1.8949999809265137,1.4900000095367432,15.100000381469727,yfinance
2019-12-31,66.0,61.060001373291016,2.0283000469207764,13.779999732971191,3230.780029296875,96.38999938964844,1519.5,1.9190000295639038,1.5049999952316284,15.449999809265137,yfinance
2020-01-02,66.25,61.18000030517578,2.0241000652313232,12.470000267028809,3257.85009765625,96.8499984741211,1524.5,1.8819999694824219,1.4950000047683716,13.961000442504883,yfinance
2020-01-03,68.5999984741211,63.04999923706055,2.0613999366760254,14.020000457763672,3234.85009765625,96.83999633789062,1549.199951171875,1.7879999876022339,1.4730000495910645,13.050000190734863,yfinance
2020-01-06,68.91000366210938,63.27000045776367,2.033900022506714,13.850000381469727,3246.280029296875,96.66999816894531,1566.199951171875,1.8109999895095825,1.4880000352859497,11.920000076293945,yfinance
2020-01-07,68.2699966430664,62.70000076293945,2.032399892807007,13.789999961853027,3237.179931640625,96.9800033569336,1571.800048828125,1.8270000219345093,1.5,11.895000457763672,yfinance
2020-01-08,65.44000244140625,59.61000061035156,1.9581999778747559,13.449999809265137,3253.050048828125,97.30000305175781,1557.4000244140625,1.8739999532699585,1.4930000305175781,13.654999732971191,yfinance
2020-01-09,65.37000274658203,59.560001373291016,1.9500999450683594,12.539999961853027,3274.699951171875,97.44999694824219,1551.699951171875,1.8580000400543213,1.5,13.3100004196167,yfinance
2020-01-10,64.9800033569336,59.040000915527344,1.9284000396728516,12.5600004196167,3265.35009765625,97.36000061035156,1557.5,1.8250000476837158,1.4980000257492065,13.845000267028809,yfinance
2020-01-13,64.19999694824219,58.08000183105469,1.8980000019073486,12.319999694824219,3288.1298828125,97.3499984741211,1548.4000244140625,1.8480000495910645,1.5099999904632568,12.994999885559082,yfinance
2020-01-14,64.48999786376953,58.22999954223633,1.9103000164031982,12.390000343322754,3283.14990234375,97.37000274658203,1542.4000244140625,1.8179999589920044,1.5299999713897705,13.664999961853027,yfinance
2020-01-15,64.0,57.810001373291016,1.8779000043869019,12.420000076293945,3289.2900390625,97.2300033569336,1552.0999755859375,1.7879999876022339,1.5080000162124634,13.350000381469727,yfinance
2020-01-16,64.62000274658203,58.52000045776367,1.8600000143051147,12.319999694824219,3316.81005859375,97.31999969482422,1549.0,1.809000015258789,1.5180000066757202,12.630000114440918,yfinance
2020-01-17,64.8499984741211,58.540000915527344,1.8592000007629395,12.100000381469727,3329.6201171875,97.61000061035156,1558.800048828125,1.8359999656677246,1.5230000019073486,12.104999542236328,yfinance
2020-01-21,64.58999633789062,58.34000015258789,1.829200029373169,12.850000381469727,3320.7900390625,97.52999877929688,1556.4000244140625,1.7690000534057617,1.503000020980835,11.369999885559082,yfinance
2020-01-22,63.209999084472656,56.7400016784668,1.8001999855041504,12.90999984741211,3321.75,97.52999877929688,1555.300048828125,1.7690000534057617,1.5130000114440918,11.031999588012695,yfinance
2020-01-23,62.040000915527344,55.59000015258789,1.791599988937378,12.979999542236328,3325.5400390625,97.69000244140625,1564.5999755859375,1.7400000095367432,1.5149999856948853,11.045000076293945,yfinance
2020-01-24,60.689998626708984,54.189998626708984,1.7339999675750732,14.5600004196167,3295.469970703125,97.8499984741211,1571.0999755859375,1.680999994277954,1.4900000095367432,11.135000228881836,yfinance
2020-01-27,59.31999969482422,53.13999938964844,1.6794999837875366,18.229999542236328,3243.6298828125,97.95999908447266,1576.800048828125,1.6050000190734863,1.5049999952316284,10.4399995803833,yfinance
2020-01-28,59.5099983215332,53.47999954223633,1.71589994430542,16.280000686645508,3276.239990234375,98.0199966430664,1569.199951171875,1.6410000324249268,1.5299999713897705,10.279999732971191,yfinance
2020-01-29,59.810001373291016,53.33000183105469,1.7035000324249268,16.389999389648438,3273.39990234375,97.98999786376953,1569.800048828125,1.593999981880188,1.5199999809265137,10.085000038146973,yfinance
2020-01-30,58.290000915527344,52.13999938964844,1.6396000385284424,15.489999771118164,3283.659912109375,97.87000274658203,1583.5,1.5579999685287476,1.527999997138977,9.550000190734863,yfinance
2020-01-31,58.15999984741211,51.560001373291016,1.624500036239624,18.84000015258789,3225.52001953125,97.38999938964844,1582.9000244140625,1.5199999809265137,1.5099999904632568,9.819999694824219,yfinance
2020-02-03,54.45000076293945,50.11000061035156,1.5779000520706177,17.969999313354492,3248.919921875,97.80000305175781,1577.199951171875,1.5199999809265137,1.5180000066757202,9.293000221252441,yfinance
2020-02-04,53.959999084472656,49.61000061035156,1.583899974822998,16.049999237060547,3297.590087890625,97.95999908447266,1550.4000244140625,1.6030000448226929,1.5379999876022339,9.350000381469727,yfinance
2020-02-05,55.279998779296875,50.75,1.645400047302246,15.149999618530273,3334.68994140625,98.2699966430664,1557.800048828125,1.6490000486373901,1.5199999809265137,9.550000190734863,yfinance
2020-02-06,54.93000030517578,50.95000076293945,1.6654000282287598,14.960000038146973,3345.780029296875,98.5,1565.0999755859375,1.6440000534057617,1.5299999713897705,9.449999809265137,yfinance
2020-02-07,54.470001220703125,50.31999969482422,1.6433000564575195,15.470000267028809,3327.7099609375,98.68000030517578,1568.5999755859375,1.5779999494552612,1.5180000066757202,9.225000381469727,yfinance
2020-02-10,53.27000045776367,49.56999969482422,1.6124999523162842,15.039999961853027,3352.090087890625,98.83000183105469,1574.699951171875,1.5470000505447388,1.5199999809265137,8.800000190734863,yfinance
2020-02-11,54.0099983215332,49.939998626708984,1.6267000436782837,15.180000305175781,3357.75,98.72000122070312,1565.5999755859375,1.590000033378601,1.5379999876022339,9.300000190734863,yfinance
2020-02-12,55.790000915527344,51.16999816894531,1.6756999492645264,13.739999771118164,3379.449951171875,99.05000305175781,1567.4000244140625,1.6299999952316284,1.534999966621399,9.399999618530273,yfinance
2020-02-13,56.34000015258789,51.41999816894531,1.6805000305175781,14.149999618530273,3373.93994140625,99.06999969482422,1575.0999755859375,1.6169999837875366,1.5449999570846558,9.140000343322754,yfinance
2020-02-14,57.31999969482422,52.04999923706055,1.698199987411499,13.680000305175781,3380.159912109375,99.12000274658203,1582.699951171875,1.5880000591278076,1.534999966621399,9.225000381469727,yfinance
2020-02-18,57.75,52.04999923706055,1.6723999977111816,14.829999923706055,3370.2900390625,99.45999908447266,1600.0,1.555999994277954,1.534999966621399,9.270000457763672,yfinance
2020-02-19,59.119998931884766,53.290000915527344,1.7067999839782715,14.380000114440918,3386.14990234375,99.5999984741211,1607.5,1.5700000524520874,1.5429999828338623,9.100000381469727,yfinance
2020-02-20,59.310001373291016,53.779998779296875,1.69760000705719,15.5600004196167,3373.22998046875,99.87000274658203,1616.5999755859375,1.524999976158142,1.5379999876022339,9.029999732971191,yfinance
2020-02-21,58.5,53.380001068115234,1.6865999698638916,17.079999923706055,3337.75,99.26000213623047,1644.5999755859375,1.4709999561309814,1.5180000066757202,9.010000228881836,yfinance
2020-02-24,56.29999923706055,51.43000030517578,1.6131999492645264,25.030000686645508,3225.889892578125,99.29000091552734,1672.4000244140625,1.3769999742507935,1.503000020980835,8.369999885559082,yfinance
2020-02-25,54.95000076293945,49.900001525878906,1.56850004196167,27.850000381469727,3128.2099609375,98.97000122070312,1646.9000244140625,1.3300000429153442,1.4900000095367432,8.220000267028809,yfinance
2020-02-26,53.43000030517578,48.72999954223633,1.499400019645691,27.559999465942383,3116.389892578125,99.0,1640.0,1.309999942779541,1.4780000448226929,8.180000305175781,yfinance
2020-02-27,52.18000030517578,47.09000015258789,1.4891999959945679,39.15999984741211,2978.760009765625,98.44000244140625,1640.0,1.2990000247955322,1.3949999809265137,8.300000190734863,yfinance
2020-02-28,50.52000045776367,44.7599983215332,1.4905999898910522,40.11000061035156,2954.219970703125,98.12999725341797,1564.0999755859375,1.1269999742507935,1.2300000190734863,8.1899995803833,yfinance
2020-03-02,51.900001525878906,46.75,1.5286999940872192,33.41999816894531,3090.22998046875,97.36000061035156,1592.300048828125,1.0880000591278076,1.1349999904632568,7.909999847412109,yfinance
2020-03-03,51.86000061035156,47.18000030517578,1.5329999923706055,36.81999969482422,3003.3701171875,97.1500015258789,1642.0999755859375,1.0099999904632568,0.9179999828338623,8.100000381469727,yfinance
2020-03-04,51.130001068115234,46.779998779296875,1.5332000255584717,31.989999771118164,3130.1201171875,97.33999633789062,1641.0999755859375,0.9919999837875366,0.675000011920929,8.3100004196167,yfinance
2020-03-05,49.9900016784668,45.900001525878906,1.4884999990463257,39.619998931884766,3023.93994140625,96.81999969482422,1666.4000244140625,0.9259999990463257,0.5950000286102295,8.369999885559082,yfinance
2020-03-06,45.27000045776367,41.279998779296875,1.385200023651123,41.939998626708984,2972.3701171875,95.94999694824219,1670.800048828125,0.7059999704360962,0.41499999165534973,8.25,yfinance
2020-03-09,34.36000061035156,31.1299991607666,1.1628999710083008,54.459999084472656,2746.56005859375,94.9000015258789,1674.5,0.49900001287460327,0.33000001311302185,7.5,yfinance
2020-03-10,37.220001220703125,34.36000061035156,1.249899983406067,47.29999923706055,2882.22998046875,96.41000366210938,1659.0999755859375,0.7480000257492065,0.38999998569488525,7.809999942779541,yfinance
2020-03-11,35.790000915527344,32.97999954223633,1.2380000352859497,53.900001525878906,2741.3798828125,96.51000213623047,1641.4000244140625,0.8199999928474426,0.36800000071525574,7.5,yfinance
2020-03-12,33.220001220703125,31.5,1.1598000526428223,75.47000122070312,2480.639892578125,97.47000122070312,1589.300048828125,0.8489999771118164,0.27300000190734863,6.909999847412109,yfinance
2020-03-13,33.849998474121094,31.729999542236328,1.1374000310897827,57.83000183105469,2711.02001953125,98.75,1515.699951171875,0.9509999752044678,0.24300000071525574,6.840000152587891,yfinance
2020-03-16,30.049999237060547,28.700000762939453,1.0465999841690063,82.69000244140625,2386.1298828125,98.08999633789062,1485.9000244140625,0.7279999852180481,0.1850000023841858,6.099999904632568,yfinance
2020-03-17,28.729999542236328,26.950000762939453,1.0356999635696411,75.91000366210938,2529.18994140625,99.58000183105469,1524.9000244140625,0.996999979019165,0.16500000655651093,6.059999942779541,yfinance
2020-03-18,24.8799991607666,20.3700008392334,0.954200029373169,76.44999694824219,2398.10009765625,101.16000366210938,1477.300048828125,1.2660000324249268,0.003000000026077032,5.389999866485596,yfinance
2020-03-19,28.469999313354492,25.219999313354492,1.041700005531311,72.0,2409.389892578125,102.76000213623047,1478.5999755859375,1.11899995803833,-0.02800000086426735,5.559999942779541,yfinance
2020-03-20,26.979999542236328,22.43000030517578,1.0062999725341797,66.04000091552734,2304.919921875,102.81999969482422,1484.0,0.9380000233650208,-0.032999999821186066,5.820000171661377,yfinance
2020-03-23,27.030000686645508,23.360000610351562,1.0161000490188599,61.59000015258789,2237.39990234375,102.48999786376953,1567.0,0.7639999985694885,-0.03999999910593033,5.739999771118164,yfinance
2020-03-24,27.149999618530273,24.010000228881836,1.080299973487854,61.66999816894531,2447.330078125,101.73999786376953,1660.199951171875,0.8159999847412109,-0.032999999821186066,5.369999885559082,yfinance
2020-03-25,27.389999389648438,24.489999771118164,1.0978000164031982,63.95000076293945,2475.56005859375,101.05000305175781,1632.300048828125,0.8579999804496765,-0.07000000029802322,5.03000020980835,yfinance
2020-03-26,26.34000015258789,22.600000381469727,1.0503000020980835,61.0,2630.070068359375,99.41999816894531,1650.0999755859375,0.8109999895095825,-0.10499999672174454,5.389999866485596,yfinance
2020-03-27,24.93000030517578,21.510000228881836,1.06850004196167,65.54000091552734,2541.469970703125,98.37000274658203,1623.9000244140625,0.7490000128746033,-0.057999998331069946,5.400000095367432,yfinance
2020-03-30,22.760000228881836,20.09000015258789,1.0194000005722046,57.08000183105469,2626.64990234375,99.18000030517578,1622.0,0.6700000166893005,0.013000000268220901,5.804999828338623,yfinance
2020-03-31,22.739999771118164,20.479999542236328,1.0120999813079834,53.540000915527344,2584.590087890625,99.05000305175781,1583.4000244140625,0.6980000138282776,0.029999999329447746,6.389999866485596,yfinance
2020-04-01,24.739999771118164,20.309999465942383,0.9322999715805054,57.060001373291016,2470.5,99.66999816894531,1578.199951171875,0.6349999904632568,0.06300000101327896,6.289999961853027,yfinance
2020-04-02,29.940000534057617,25.31999969482422,0.9951000213623047,50.90999984741211,2526.89990234375,100.18000030517578,1625.699951171875,0.6269999742507935,0.06499999761581421,6.380000114440918,yfinance
2020-04-03,34.11000061035156,28.34000015258789,1.0706000328063965,46.79999923706055,2488.64990234375,100.58000183105469,1633.699951171875,0.5870000123977661,0.057999998331069946,6.239999771118164,yfinance
2020-04-06,33.04999923706055,26.079999923706055,1.045699954032898,45.2400016784668,2663.679931640625,100.69000244140625,1677.0,0.6759999990463257,0.05999999865889549,6.099999904632568,yfinance
2020-04-07,31.8700008392334,23.6299991607666,1.027500033378601,46.70000076293945,2659.409912109375,99.9800033569336,1664.800048828125,0.7360000014305115,0.12800000607967377,6.289999961853027,yfinance
2020-04-08,32.84000015258789,25.09000015258789,1.010699987411499,43.349998474121094,2749.97998046875,100.12000274658203,1665.4000244140625,0.7639999985694885,0.1850000023841858,6.869999885559082,yfinance
2020-04-09,31.479999542236328,22.760000228881836,0.972599983215332,41.66999816894531,2789.820068359375,99.5199966430664,1736.199951171875,0.7289999723434448,0.20999999344348907,7.349999904632568,yfinance
2020-04-13,31.739999771118164,22.40999984741211,0.9945999979972839,41.16999816894531,2761.6298828125,99.3499984741211,1744.800048828125,0.7490000128746033,0.20000000298023224,7.320000171661377,yfinance
2020-04-14,29.600000381469727,20.110000610351562,0.9441999793052673,37.7599983215332,2846.06005859375,98.88999938964844,1756.699951171875,0.7519999742507935,0.16500000655651093,7.230000019073486,yfinance
2020-04-15,27.690000534057617,19.8700008392334,0.9138000011444092,40.84000015258789,2783.360107421875,99.45999908447266,1727.199951171875,0.6380000114440918,0.11500000208616257,7.25,yfinance
2020-04-16,27.81999969482422,19.8700008392334,0.9463000297546387,40.11000061035156,2799.550048828125,100.02999877929688,1720.4000244140625,0.609000027179718,0.10999999940395355,7.230000019073486,yfinance
2020-04-17,28.079999923706055,18.270000457763672,0.9563000202178955,38.150001525878906,2874.56005859375,99.77999877929688,1689.199951171875,0.6539999842643738,0.10300000011920929,7.25,yfinance
2020-04-20,25.56999969482422,-37.630001068115234,0.8877999782562256,43.83000183105469,2823.159912109375,99.95999908447266,1701.5999755859375,0.6259999871253967,0.07000000029802322,6.809999942779541,yfinance
2020-04-21,19.329999923706055,10.010000228881836,0.7268999814987183,45.40999984741211,2736.56005859375,100.26000213623047,1678.199951171875,0.5709999799728394,0.09799999743700027,6.150000095367432,yfinance
2020-04-22,20.3700008392334,13.779999732971191,0.7311000227928162,41.97999954223633,2799.31005859375,100.38999938964844,1728.699951171875,0.6190000176429749,0.09300000220537186,6.150000095367432,yfinance
2020-04-23,21.329999923706055,16.5,0.734499990940094,41.380001068115234,2797.800048828125,100.43000030517578,1733.300048828125,0.6129999756813049,0.09300000220537186,6.110000133514404,yfinance
2020-04-24,21.440000534057617,16.940000534057617,0.6467000246047974,35.93000030517578,2836.739990234375,100.37999725341797,1723.5,0.5960000157356262,0.10000000149011612,6.019999980926514,yfinance
2020-04-27,19.989999771118164,12.779999732971191,0.6104000210762024,33.290000915527344,2878.47998046875,100.04000091552734,1711.9000244140625,0.656000018119812,0.09300000220537186,5.809999942779541,yfinance
2020-04-28,20.459999084472656,12.34000015258789,0.6308000087738037,33.56999969482422,2863.389892578125,99.87000274658203,1710.5,0.6100000143051147,0.08500000089406967,5.550000190734863,yfinance
2020-04-29,22.540000915527344,15.0600004196167,0.6945000290870667,31.229999542236328,2939.510009765625,99.56999969482422,1703.4000244140625,0.6269999742507935,0.09000000357627869,5.679999828338623,yfinance
2020-04-30,25.270000457763672,18.84000015258789,0.7318999767303467,34.150001525878906,2912.429931640625,99.0199966430664,1684.199951171875,0.621999979019165,0.09000000357627869,5.539999961853027,yfinance
2020-05-01,26.440000534057617,19.780000686645508,0.7961000204086304,37.189998626708984,2830.7099609375,98.80000305175781,1694.5,0.6420000195503235,0.09300000220537186,5.349999904632568,yfinance
2020-05-04,27.200000762939453,20.389999389648438,0.8030999898910522,35.970001220703125,2842.739990234375,99.4800033569336,1706.9000244140625,0.6370000243186951,0.09000000357627869,5.099999904632568,yfinance
2020-05-05,30.969999313354492,24.559999465942383,0.8960000276565552,33.61000061035156,2868.43994140625,99.70999908447266,1704.4000244140625,0.6570000052452087,0.10999999940395355,4.789999961853027,yfinance
2020-05-06,29.719999313354492,23.989999771118164,0.8240000009536743,34.119998931884766,2848.419921875,100.08999633789062,1684.199951171875,0.7110000252723694,0.1080000028014183,4.449999809265137,yfinance
2020-05-07,29.459999084472656,23.549999237060547,0.8371000289916992,31.440000534057617,2881.18994140625,99.88999938964844,1721.800048828125,0.6309999823570251,0.0949999988079071,4.579999923706055,yfinance
2020-05-08,30.969999313354492,24.739999771118164,0.8992999792098999,27.979999542236328,2929.800048828125,99.7300033569336,1709.9000244140625,0.6819999814033508,0.0949999988079071,4.599999904632568,yfinance
2020-05-11,29.6299991607666,24.139999389648438,0.8687000274658203,27.56999969482422,2930.18994140625,100.23999786376953,1695.300048828125,0.7260000109672546,0.10499999672174454,4.429999828338623,yfinance
2020-05-12,29.979999542236328,25.780000686645508,0.8384000062942505,33.040000915527344,2870.1201171875,99.93000030517578,1704.4000244140625,0.6779999732971191,0.12300000339746475,4.130000114440918,yfinance
2020-05-13,29.190000534057617,25.290000915527344,0.8313999772071838,35.279998779296875,2820.0,100.23999786376953,1713.9000244140625,0.6489999890327454,0.11500000208616257,3.9100000858306885,yfinance
2020-05-14,31.1299991607666,27.559999465942383,0.8948000073432922,32.61000061035156,2852.5,100.47000122070312,1738.0999755859375,0.6190000176429749,0.10499999672174454,4.013000011444092,yfinance
2020-05-15,32.5,29.43000030517578,0.9204000234603882,31.889999389648438,2863.699951171875,100.4000015258789,1753.4000244140625,0.6399999856948853,0.10300000011920929,4.170000076293945,yfinance
2020-05-18,34.810001373291016,31.81999969482422,1.0063999891281128,29.299999237060547,2953.909912109375,99.66999816894531,1731.800048828125,0.7440000176429749,0.10499999672174454,4.590000152587891,yfinance
2020-05-19,34.650001525878906,32.5,0.9735999703407288,30.530000686645508,2922.93994140625,99.37000274658203,1744.199951171875,0.7110000252723694,0.11800000071525574,4.619999885559082,yfinance
2020-05-20,35.75,33.4900016784668,0.9905999898910522,27.989999771118164,2971.610107421875,99.12000274658203,1750.5999755859375,0.6800000071525574,0.11800000071525574,4.909999847412109,yfinance
2020-05-21,36.060001373291016,33.91999816894531,0.9890000224113464,29.530000686645508,2948.510009765625,99.37000274658203,1720.5,0.6769999861717224,0.10999999940395355,4.940000057220459,yfinance
2020-05-22,35.130001068115234,33.25,0.9819999933242798,28.15999984741211,2955.449951171875,99.86000061035156,1734.5999755859375,0.6570000052452087,0.10999999940395355,4.880000114440918,yfinance
2020-05-26,36.16999816894531,34.349998474121094,0.9908000230789185,28.010000228881836,2991.77001953125,98.91000366210938,1704.800048828125,0.6980000138282776,0.11800000071525574,4.800000190734863,yfinance
2020-05-27,34.7400016784668,32.810001373291016,0.972100019454956,27.6200008392334,3036.1298828125,99.05999755859375,1710.300048828125,0.6800000071525574,0.13500000536441803,4.650000095367432,yfinance
2020-05-28,35.290000915527344,33.709999084472656,0.925599992275238,28.59000015258789,3029.72998046875,98.37999725341797,1713.300048828125,0.7049999833106995,0.1379999965429306,4.550000190734863,yfinance
2020-05-29,35.33000183105469,35.4900016784668,0.9646999835968018,27.510000228881836,3044.31005859375,98.33999633789062,1736.9000244140625,0.6480000019073486,0.12800000607967377,4.650000095367432,yfinance
2020-06-01,38.31999969482422,35.439998626708984,1.0290000438690186,28.229999542236328,3055.72998046875,97.83000183105469,1737.800048828125,0.6620000004768372,0.12800000607967377,4.639999866485596,yfinance
2020-06-02,39.56999969482422,36.810001373291016,1.0921000242233276,26.84000015258789,3080.820068359375,97.66999816894531,1725.199951171875,0.6800000071525574,0.14499999582767487,5.0,yfinance
2020-06-03,39.790000915527344,37.290000915527344,1.0645999908447266,25.65999984741211,3122.8701171875,97.27999877929688,1697.800048828125,0.7609999775886536,0.14800000190734863,5.03000020980835,yfinance
2020-06-04,39.9900016784668,37.40999984741211,1.0741000175476074,25.809999465942383,3112.35009765625,96.68000030517578,1718.9000244140625,0.8199999928474426,0.14000000059604645,5.050000190734863,yfinance
2020-06-05,42.29999923706055,39.54999923706055,1.1505999565124512,24.520000457763672,3193.929931640625,96.94000244140625,1676.199951171875,0.9039999842643738,0.14499999582767487,5.449999809265137,yfinance
2020-06-08,40.79999923706055,38.189998626708984,1.1212999820709229,25.809999465942383,3232.389892578125,96.62000274658203,1698.300048828125,0.8840000033378601,0.15299999713897705,5.510000228881836,yfinance
2020-06-09,41.18000030517578,38.939998626708984,1.1547000408172607,27.56999969482422,3207.179931640625,96.31999969482422,1714.699951171875,0.8289999961853027,0.16500000655651093,5.269999980926514,yfinance
2020-06-10,41.72999954223633,39.599998474121094,1.1729999780654907,27.56999969482422,3190.139892578125,95.95999908447266,1713.300048828125,0.7480000257492065,0.16500000655651093,5.78000020980835,yfinance
2020-06-11,38.54999923706055,36.34000015258789,1.0880000591278076,40.790000915527344,3002.10009765625,96.7300033569336,1732.0,0.652999997138977,0.15299999713897705,5.78000020980835,yfinance
2020-06-12,38.72999954223633,36.2599983215332,1.1014000177383423,36.09000015258789,3041.31005859375,97.31999969482422,1729.300048828125,0.6990000009536743,0.15000000596046448,6.360000133514404,yfinance
2020-06-15,39.720001220703125,37.119998931884766,1.1369999647140503,34.400001525878906,3066.590087890625,96.68000030517578,1720.300048828125,0.7020000219345093,0.1550000011920929,6.420000076293945,yfinance
2020-06-16,40.959999084472656,38.380001068115234,1.1821999549865723,33.66999816894531,3124.739990234375,96.95999908447266,1729.5999755859375,0.7559999823570251,0.1599999964237213,7.21999979019165,yfinance
2020-06-17,40.709999084472656,37.959999084472656,1.1820000410079956,33.470001220703125,3113.489990234375,97.16000366210938,1729.199951171875,0.7329999804496765,0.16500000655651093,7.820000171661377,yfinance
2020-06-18,41.5099983215332,38.84000015258789,1.1986000537872314,32.939998626708984,3115.340087890625,97.41999816894531,1724.800048828125,0.6940000057220459,0.14000000059604645,7.260000228881836,yfinance
2020-06-19,42.189998626708984,39.75,1.211400032043457,35.119998931884766,3097.739990234375,97.62000274658203,1745.9000244140625,0.6970000267028809,0.14300000667572021,7.275000095367432,yfinance
2020-06-22,43.08000183105469,40.459999084472656,1.2186000347137451,31.770000457763672,3117.860107421875,97.04000091552734,1756.699951171875,0.7039999961853027,0.14000000059604645,7.429999828338623,yfinance
2020-06-23,42.630001068115234,40.369998931884766,1.2029999494552612,31.3700008392334,3131.2900390625,96.69000244140625,1772.0999755859375,0.7089999914169312,0.14000000059604645,8.180000305175781,yfinance
2020-06-24,40.310001373291016,38.0099983215332,1.1507999897003174,33.84000015258789,3050.330078125,97.1500015258789,1765.800048828125,0.6840000152587891,0.13500000536441803,7.440000057220459,yfinance
2020-06-25,41.04999923706055,38.720001220703125,1.1555999517440796,32.220001220703125,3083.760009765625,97.43000030517578,1762.0999755859375,0.6740000247955322,0.12999999523162842,7.239999771118164,yfinance
2020-06-26,41.02000045776367,38.4900016784668,1.136299967765808,34.72999954223633,3009.050048828125,97.5,1772.5,0.6359999775886536,0.13300000131130219,7.610000133514404,yfinance
2020-06-29,41.709999084472656,39.70000076293945,1.1654000282287598,31.780000686645508,3053.239990234375,97.54000091552734,1774.800048828125,0.6359999775886536,0.125,7.559999942779541,yfinance
2020-06-30,41.150001525878906,39.27000045776367,1.1780999898910522,30.43000030517578,3100.2900390625,97.38999938964844,1793.0,0.652999997138977,0.13500000536441803,7.389999866485596,yfinance
2020-07-01,42.029998779296875,39.81999969482422,1.1995999813079834,28.6200008392334,3115.860107421875,97.19999694824219,1773.199951171875,0.6819999814033508,0.12999999523162842,7.199999809265137,yfinance
2020-07-02,43.13999938964844,40.650001525878906,1.2310999631881714,27.68000030517578,3130.010009765625,97.31999969482422,1784.0,0.6690000295639038,0.13300000131130219,8.050000190734863,yfinance
2020-07-06,43.099998474121094,40.630001068115234,1.2417000532150269,27.940000534057617,3179.719970703125,96.79000091552734,1788.5,0.6840000152587891,0.12800000607967377,9.420000076293945,yfinance
2020-07-07,43.08000183105469,40.619998931884766,1.243299961090088,29.43000030517578,3145.320068359375,96.87999725341797,1804.199951171875,0.6499999761581421,0.14000000059604645,8.930000305175781,yfinance
2020-07-08,43.290000915527344,40.900001525878906,1.2344000339508057,28.079999923706055,3169.93994140625,96.43000030517578,1815.5,0.652999997138977,0.13500000536441803,9.0,yfinance
2020-07-09,42.349998474121094,39.619998931884766,1.2238999605178833,29.260000228881836,3152.050048828125,96.69999694824219,1799.199951171875,0.6050000190734863,0.12300000339746475,8.75,yfinance
2020-07-10,43.2400016784668,40.54999923706055,1.2411999702453613,27.290000915527344,3185.0400390625,96.6500015258789,1798.199951171875,0.6330000162124634,0.11999999731779099,8.489999771118164,yfinance
2020-07-13,42.720001220703125,40.099998474121094,1.2235000133514404,32.189998626708984,3155.219970703125,96.45999908447266,1811.0,0.6399999856948853,0.125,8.100000381469727,yfinance
2020-07-14,42.900001525878906,40.290000915527344,1.2208000421524048,29.520000457763672,3197.52001953125,96.26000213623047,1810.5999755859375,0.6150000095367432,0.13300000131130219,7.820000171661377,yfinance
2020-07-15,43.790000915527344,41.20000076293945,1.2447999715805054,27.760000228881836,3226.56005859375,96.08000183105469,1811.4000244140625,0.6299999952316284,0.125,7.519999980926514,yfinance
2020-07-16,43.369998931884766,40.75,1.2279000282287598,28.0,3215.570068359375,96.3499984741211,1798.699951171875,0.6119999885559082,0.10300000011920929,7.980000019073486,yfinance
2020-07-17,43.13999938964844,40.59000015258789,1.219099998474121,25.68000030517578,3224.72998046875,95.94000244140625,1808.300048828125,0.628000020980835,0.10499999672174454,8.0,yfinance
2020-07-20,43.279998779296875,40.810001373291016,1.2354999780654907,24.459999084472656,3251.840087890625,95.83000183105469,1815.9000244140625,0.6200000047683716,0.10499999672174454,7.5,yfinance
2020-07-21,44.31999969482422,41.959999084472656,1.2799999713897705,24.84000015258789,3257.300048828125,95.12000274658203,1842.4000244140625,0.6069999933242798,0.10999999940395355,7.110000133514404,yfinance
2020-07-22,44.290000915527344,41.900001525878906,1.2706999778747559,24.31999969482422,3276.02001953125,94.97000122070312,1864.0999755859375,0.5950000286102295,0.10000000149011612,6.909999847412109,yfinance
2020-07-23,43.310001373291016,41.06999969482422,1.25409996509552,26.079999923706055,3235.659912109375,94.69000244140625,1889.0999755859375,0.5820000171661377,0.10300000011920929,7.150000095367432,yfinance
2020-07-24,43.34000015258789,41.290000915527344,1.2562999725341797,25.84000015258789,3215.6298828125,94.44000244140625,1897.300048828125,0.5889999866485596,0.09799999743700027,7.389999866485596,yfinance
2020-07-27,43.40999984741211,41.599998474121094,1.25409996509552,24.739999771118164,3239.409912109375,93.66999816894531,1931.0,0.609000027179718,0.09300000220537186,7.550000190734863,yfinance
2020-07-28,43.220001220703125,41.040000915527344,1.2421000003814697,25.440000534057617,3218.43994140625,93.76000213623047,1944.699951171875,0.5809999704360962,0.10300000011920929,7.900000095367432,yfinance
2020-07-29,43.75,41.27000045776367,1.2532999515533447,24.100000381469727,3258.43994140625,93.26000213623047,1953.5,0.5789999961853027,0.09000000357627869,8.510000228881836,yfinance
2020-07-30,42.939998626708984,39.91999816894531,1.211899995803833,24.760000228881836,3246.219970703125,93.0199966430664,1942.300048828125,0.5410000085830688,0.08500000089406967,8.1899995803833,yfinance
2020-07-31,43.29999923706055,40.27000045776367,1.2171000242233276,24.459999084472656,3271.1201171875,93.48999786376953,1962.800048828125,0.5360000133514404,0.08299999684095383,8.149999618530273,yfinance
2020-08-03,44.150001525878906,41.0099983215332,1.2409000396728516,24.280000686645508,3294.610107421875,93.5,1966.0,0.5630000233650208,0.07800000160932541,8.420000076293945,yfinance
2020-08-04,44.43000030517578,41.70000076293945,1.2583999633789062,23.760000228881836,3306.510009765625,93.37999725341797,2001.199951171875,0.5149999856948853,0.09000000357627869,8.6899995803833,yfinance
2020-08-05,45.16999816894531,42.189998626708984,1.263100028038025,22.989999771118164,3327.77001953125,92.83000183105469,2031.0999755859375,0.5429999828338623,0.0949999988079071,8.510000228881836,yfinance
2020-08-06,45.09000015258789,41.95000076293945,1.249899983406067,22.649999618530273,3349.159912109375,92.79000091552734,2051.5,0.5360000133514404,0.08799999952316284,8.800000190734863,yfinance
2020-08-07,44.400001525878906,41.220001220703125,1.2199000120162964,22.209999084472656,3351.280029296875,93.44000244140625,2010.0999755859375,0.5619999766349792,0.08799999952316284,8.5,yfinance
2020-08-10,44.9900016784668,41.939998626708984,1.236899971961975,22.1299991607666,3360.469970703125,93.58000183105469,2024.4000244140625,0.5740000009536743,0.08799999952316284,8.609999656677246,yfinance
2020-08-11,44.5,41.61000061035156,1.2383999824523926,24.030000686645508,3333.68994140625,93.62999725341797,1932.5999755859375,0.6579999923706055,0.10000000149011612,9.319999694824219,yfinance
2020-08-12,45.43000030517578,42.66999816894531,1.257200002670288,22.280000686645508,3380.35009765625,93.44000244140625,1934.9000244140625,0.6700000166893005,0.10000000149011612,9.15999984741211,yfinance
2020-08-13,44.959999084472656,42.2400016784668,1.2381000518798828,22.1299991607666,3373.429931640625,93.33999633789062,1956.699951171875,0.7160000205039978,0.09000000357627869,9.020000457763672,yfinance
2020-08-14,44.79999923706055,42.0099983215332,1.2367000579833984,22.049999237060547,3372.85009765625,93.0999984741211,1937.0,0.7089999914169312,0.08799999952316284,8.850000381469727,yfinance
2020-08-17,45.369998931884766,42.88999938964844,1.2390999794006348,21.350000381469727,3381.989990234375,92.8499984741211,1985.0,0.6830000281333923,0.08500000089406967,8.899999618530273,yfinance
2020-08-18,45.459999084472656,42.88999938964844,1.2604000568389893,21.510000228881836,3389.780029296875,92.2699966430664,1999.4000244140625,0.6690000295639038,0.10000000149011612,8.84000015258789,yfinance
2020-08-19,45.369998931884766,42.93000030517578,1.2510000467300415,22.540000915527344,3374.85009765625,92.88999938964844,1958.699951171875,0.675000011920929,0.0949999988079071,8.470000267028809,yfinance
2020-08-20,44.900001525878906,42.58000183105469,1.2467000484466553,22.719999313354492,3385.510009765625,92.79000091552734,1933.800048828125,0.6439999938011169,0.08799999952316284,8.050000190734863,yfinance
2020-08-21,44.349998474121094,42.34000015258789,1.2079999446868896,22.540000915527344,3397.159912109375,93.25,1934.5999755859375,0.6399999856948853,0.08799999952316284,8.109999656677246,yfinance
2020-08-24,45.130001068115234,42.619998931884766,1.2475999593734741,22.3700008392334,3431.280029296875,93.30000305175781,1927.699951171875,0.6460000276565552,0.08500000089406967,8.65999984741211,yfinance
2020-08-25,45.86000061035156,43.349998474121094,1.26010000705719,22.030000686645508,3443.6201171875,93.0199966430664,1911.800048828125,0.6819999814033508,0.0949999988079071,8.760000228881836,yfinance
2020-08-26,45.63999938964844,43.38999938964844,1.2446999549865723,23.270000457763672,3478.72998046875,93.01000213623047,1940.699951171875,0.6869999766349792,0.09300000220537186,8.789999961853027,yfinance
2020-08-27,45.09000015258789,43.040000915527344,1.2107000350952148,24.469999313354492,3484.550048828125,93.01000213623047,1921.5999755859375,0.7459999918937683,0.0949999988079071,8.770000457763672,yfinance
2020-08-28,45.04999923706055,42.970001220703125,1.2161999940872192,22.959999084472656,3508.010009765625,92.37000274658203,1964.5999755859375,0.7289999723434448,0.0949999988079071,8.770000457763672,yfinance
2020-08-31,45.279998779296875,42.61000061035156,1.1960999965667725,26.40999984741211,3500.31005859375,92.13999938964844,1967.5999755859375,0.6930000185966492,0.0949999988079071,8.520000457763672,yfinance
2020-09-01,45.58000183105469,42.7599983215332,1.2308000326156616,26.1200008392334,3526.64990234375,92.33999633789062,1968.199951171875,0.671999990940094,0.10000000149011612,8.130000114440918,yfinance
2020-09-02,44.43000030517578,41.5099983215332,1.1885000467300415,26.56999969482422,3580.840087890625,92.8499984741211,1934.4000244140625,0.6510000228881836,0.10000000149011612,7.820000171661377,yfinance
2020-09-03,44.06999969482422,41.369998931884766,1.1677000522613525,33.599998474121094,3455.06005859375,92.73999786376953,1927.5999755859375,0.621999979019165,0.10000000149011612,7.409999847412109,yfinance
2020-09-04,42.65999984741211,39.77000045776367,1.1514999866485596,30.75,3426.9599609375,92.72000122070312,1923.9000244140625,0.7210000157356262,0.10300000011920929,7.769999980926514,yfinance
2020-09-08,39.779998779296875,36.7599983215332,1.076799988746643,31.459999084472656,3331.840087890625,93.4800033569336,1933.0,0.6840000152587891,0.1080000028014183,7.40500020980835,yfinance
2020-09-09,40.790000915527344,38.04999923706055,1.1060999631881714,28.809999465942383,3398.9599609375,93.26000213623047,1944.699951171875,0.703000009059906,0.10499999672174454,7.139999866485596,yfinance
2020-09-10,40.060001373291016,37.29999923706055,1.0823999643325806,29.709999084472656,3339.18994140625,93.33999633789062,1954.199951171875,0.6850000023841858,0.10300000011920929,7.485000133514404,yfinance
2020-09-11,39.83000183105469,37.33000183105469,1.0895999670028687,26.8700008392334,3340.969970703125,93.33000183105469,1937.800048828125,0.6690000295639038,0.10300000011920929,7.690000057220459,yfinance
2020-09-14,39.61000061035156,37.2599983215332,1.093400001525879,25.850000381469727,3383.5400390625,93.06999969482422,1953.0999755859375,0.6710000038146973,0.10000000149011612,7.849999904632568,yfinance
2020-09-15,40.529998779296875,38.279998779296875,1.0993000268936157,25.59000015258789,3401.199951171875,93.05000305175781,1956.300048828125,0.6790000200271606,0.10000000149011612,7.550000190734863,yfinance
2020-09-16,42.220001220703125,40.15999984741211,1.1162999868392944,26.040000915527344,3385.489990234375,93.20999908447266,1960.199951171875,0.6869999766349792,0.10000000149011612,7.599999904632568,yfinance
2020-09-17,43.29999923706055,40.970001220703125,1.1598000526428223,26.459999084472656,3357.010009765625,92.97000122070312,1940.0,0.6840000152587891,0.08500000089406967,7.639999866485596,yfinance
2020-09-18,43.150001525878906,41.11000061035156,1.159000039100647,25.829999923706055,3319.469970703125,92.93000030517578,1952.0999755859375,0.6940000057220459,0.08299999684095383,7.570000171661377,yfinance
2020-09-21,41.439998626708984,39.310001373291016,1.107300043106079,27.780000686645508,3281.06005859375,93.54000091552734,1901.199951171875,0.6710000038146973,0.07999999821186066,7.625,yfinance
2020-09-22,41.720001220703125,39.599998474121094,1.0960999727249146,26.860000610351562,3315.570068359375,93.98999786376953,1898.5999755859375,0.6639999747276306,0.08799999952316284,7.679999828338623,yfinance
2020-09-23,41.77000045776367,39.93000030517578,1.1074999570846558,28.579999923706055,3236.919921875,94.38999938964844,1859.9000244140625,0.6759999990463257,0.08799999952316284,8.109999656677246,yfinance
2020-09-24,41.939998626708984,40.310001373291016,1.1167000532150269,28.510000228881836,3246.590087890625,94.3499984741211,1868.300048828125,0.6660000085830688,0.09300000220537186,8.430000305175781,yfinance
2020-09-25,41.91999816894531,40.25,1.1261999607086182,26.3799991607666,3298.4599609375,94.58000183105469,1857.699951171875,0.6589999794960022,0.09000000357627869,8.210000038146973,yfinance
2020-09-28,42.43000030517578,40.599998474121094,1.1395000219345093,26.190000534057617,3351.60009765625,94.26000213623047,1872.800048828125,0.6629999876022339,0.08799999952316284,8.09000015258789,yfinance
2020-09-29,41.029998779296875,39.290000915527344,1.1089999675750732,26.270000457763672,3335.469970703125,93.88999938964844,1894.300048828125,0.6449999809265137,0.08500000089406967,8.229999542236328,yfinance
2020-09-30,40.95000076293945,40.220001220703125,1.145400047302246,26.3700008392334,3363.0,93.88999938964844,1887.5,0.6769999861717224,0.08500000089406967,8.239999771118164,yfinance
2020-10-01,40.93000030517578,38.720001220703125,1.125,26.700000762939453,3380.800048828125,93.70999908447266,1908.4000244140625,0.6769999861717224,0.08299999684095383,8.359999656677246,yfinance
2020-10-02,39.27000045776367,37.04999923706055,1.0850000381469727,27.6299991607666,3348.419921875,93.83999633789062,1900.199951171875,0.6959999799728394,0.08500000089406967,8.649999618530273,yfinance
2020-10-05,41.290000915527344,39.220001220703125,1.1332999467849731,27.959999084472656,3408.60009765625,93.51000213623047,1912.5,0.7620000243186951,0.08500000089406967,8.729999542236328,yfinance
2020-10-06,42.650001525878906,40.66999816894531,1.188599944114685,29.479999542236328,3360.969970703125,93.83000183105469,1901.0999755859375,0.7419999837875366,0.08799999952316284,8.520000457763672,yfinance
2020-10-07,41.9900016784668,39.95000076293945,1.1607999801635742,28.059999465942383,3419.43994140625,93.62999725341797,1883.5999755859375,0.7850000262260437,0.08799999952316284,8.15999984741211,yfinance
2020-10-08,43.34000015258789,41.189998626708984,1.1922999620437622,26.360000610351562,3446.830078125,93.61000061035156,1888.5999755859375,0.7649999856948853,0.08799999952316284,8.130000114440918,yfinance
2020-10-09,42.849998474121094,40.599998474121094,1.1933000087738037,25.0,3477.139892578125,93.05999755859375,1919.5,0.7749999761581421,0.09300000220537186,7.880000114440918,yfinance
2020-10-12,41.720001220703125,39.43000030517578,1.157099962234497,25.06999969482422,3534.219970703125,93.06999969482422,1922.5,0.7770000100135803,0.09000000357627869,7.949999809265137,yfinance
2020-10-13,42.45000076293945,40.20000076293945,1.1690000295639038,26.06999969482422,3511.929931640625,93.52999877929688,1888.5,0.7269999980926514,0.09300000220537186,7.940000057220459,yfinance
2020-10-14,43.31999969482422,41.040000915527344,1.1924999952316284,26.399999618530273,3488.669921875,93.37999725341797,1901.300048828125,0.722000002861023,0.10000000149011612,7.489999771118164,yfinance
2020-10-15,43.15999984741211,40.959999084472656,1.1886999607086182,26.969999313354492,3483.340087890625,93.86000061035156,1903.199951171875,0.7310000061988831,0.0949999988079071,7.400000095367432,yfinance
2020-10-16,42.93000030517578,40.880001068115234,1.1791000366210938,27.40999984741211,3483.81005859375,93.68000030517578,1900.800048828125,0.7440000176429749,0.09000000357627869,7.0,yfinance
2020-10-19,42.619998931884766,40.83000183105469,1.1581000089645386,29.18000030517578,3426.919921875,93.43000030517578,1906.4000244140625,0.7609999775886536,0.09000000357627869,7.110000133514404,yfinance
2020-10-20,43.15999984741211,41.459999084472656,1.1734999418258667,29.350000381469727,3443.1201171875,93.06999969482422,1910.4000244140625,0.796999990940094,0.0949999988079071,7.389999866485596,yfinance
2020-10-21,41.72999954223633,40.029998779296875,1.1398999691009521,28.649999618530273,3435.56005859375,92.61000061035156,1924.5999755859375,0.8159999847412109,0.09000000357627869,7.670000076293945,yfinance
2020-10-22,42.459999084472656,40.63999938964844,1.1606999635696411,28.110000610351562,3453.489990234375,92.94999694824219,1901.0999755859375,0.8479999899864197,0.08500000089406967,7.510000228881836,yfinance
2020-10-23,41.77000045776367,39.849998474121094,1.1512999534606934,27.549999237060547,3465.389892578125,92.7699966430664,1902.0,0.8410000205039978,0.08299999684095383,7.389999866485596,yfinance
2020-10-26,40.459999084472656,38.560001373291016,1.1217999458312988,32.459999084472656,3400.969970703125,93.05000305175781,1902.699951171875,0.8009999990463257,0.07999999821186066,7.179999828338623,yfinance
2020-10-27,41.20000076293945,39.56999969482422,1.1576999425888062,33.349998474121094,3390.679931640625,92.94000244140625,1908.800048828125,0.777999997138977,0.09000000357627869,7.119999885559082,yfinance
2020-10-28,39.119998931884766,37.38999938964844,1.1141999959945679,40.279998779296875,3271.030029296875,93.41000366210938,1876.199951171875,0.781000018119812,0.09000000357627869,6.860000133514404,yfinance
2020-10-29,37.650001525878906,36.16999816894531,1.0884000062942505,37.59000015258789,3310.110107421875,93.95999908447266,1865.5999755859375,0.8349999785423279,0.08299999684095383,6.5,yfinance
2020-10-30,37.459999084472656,35.790000915527344,1.0813000202178955,38.02000045776367,3269.9599609375,94.04000091552734,1877.4000244140625,0.8600000143051147,0.08299999684095383,6.769999980926514,yfinance
2020-11-02,38.970001220703125,36.810001373291016,1.1123000383377075,37.130001068115234,3310.239990234375,94.05000305175781,1890.4000244140625,0.8489999771118164,0.08299999684095383,6.519999980926514,yfinance
2020-11-03,39.709999084472656,37.65999984741211,1.1270999908447266,35.54999923706055,3369.159912109375,93.55000305175781,1908.5,0.8820000290870667,0.09000000357627869,6.559999942779541,yfinance
2020-11-04,41.22999954223633,39.150001525878906,1.1734999418258667,29.56999969482422,3443.43994140625,93.41000366210938,1894.5999755859375,0.7680000066757202,0.08299999684095383,6.360000133514404,yfinance
2020-11-05,40.93000030517578,38.790000915527344,1.169600009918213,27.579999923706055,3510.449951171875,92.52999877929688,1945.300048828125,0.7760000228881836,0.08500000089406967,6.539999961853027,yfinance
2020-11-06,39.45000076293945,37.13999938964844,1.1426000595092773,24.860000610351562,3509.43994140625,92.2300033569336,1950.300048828125,0.8199999928474426,0.08299999684095383,6.800000190734863,yfinance
2020-11-09,42.400001525878906,40.290000915527344,1.2166999578475952,25.75,3550.5,92.7300033569336,1853.199951171875,0.9580000042915344,0.08799999952316284,7.010000228881836,yfinance
2020-11-10,43.61000061035156,41.36000061035156,1.252500057220459,24.799999237060547,3545.530029296875,92.75,1875.4000244140625,0.972000002861023,0.09000000357627869,6.670000076293945,yfinance
2020-11-11,43.79999923706055,41.45000076293945,1.2458000183105469,23.450000762939453,3572.659912109375,93.04000091552734,1860.699951171875,0.9580000042915344,0.09000000357627869,6.21999979019165,yfinance
2020-11-12,43.529998779296875,41.119998931884766,1.233299970626831,25.350000381469727,3537.010009765625,92.95999908447266,1872.5999755859375,0.8849999904632568,0.08500000089406967,6.409999847412109,yfinance
2020-11-13,42.779998779296875,40.130001068115234,1.204200029373169,23.100000381469727,3585.14990234375,92.76000213623047,1885.699951171875,0.8930000066757202,0.08299999684095383,6.309999942779541,yfinance
2020-11-16,43.81999969482422,41.34000015258789,1.2288999557495117,22.450000762939453,3626.909912109375,92.56999969482422,1887.300048828125,0.906000018119812,0.07500000298023224,6.28000020980835,yfinance
2020-11-17,43.75,41.43000030517578,1.2390999794006348,22.709999084472656,3609.530029296875,92.41999816894531,1884.5,0.871999979019165,0.07999999821186066,6.25,yfinance
2020-11-18,44.34000015258789,41.81999969482422,1.2640000581741333,23.84000015258789,3567.7900390625,92.31999969482422,1873.5,0.8820000290870667,0.07500000298023224,6.369999885559082,yfinance
2020-11-19,44.20000076293945,41.7400016784668,1.2706999778747559,23.110000610351562,3581.8701171875,92.29000091552734,1861.0999755859375,0.8539999723434448,0.05999999865889549,6.599999904632568,yfinance
2020-11-20,44.959999084472656,42.150001525878906,1.2862999439239502,23.700000762939453,3557.5400390625,92.38999938964844,1872.5999755859375,0.8289999961853027,0.057999998331069946,6.610000133514404,yfinance
2020-11-23,46.060001373291016,43.060001373291016,1.3105000257492065,22.65999984741211,3577.590087890625,92.51000213623047,1837.800048828125,0.8569999933242798,0.07000000029802322,6.610000133514404,yfinance
2020-11-24,47.86000061035156,44.90999984741211,1.3595000505447388,21.639999389648438,3635.409912109375,92.2300033569336,1804.800048828125,0.8820000290870667,0.07999999821186066,6.590000152587891,yfinance
2020-11-25,48.61000061035156,45.709999084472656,1.3866000175476074,21.25,3629.64990234375,91.98999786376953,1805.699951171875,0.878000020980835,0.07999999821186066,6.699999809265137,yfinance
2020-11-27,48.18000030517578,45.529998779296875,1.3804999589920044,20.84000015258789,3638.35009765625,91.79000091552734,1781.9000244140625,0.8420000076293945,0.0729999989271164,6.619999885559082,yfinance
2020-11-30,47.59000015258789,45.34000015258789,1.3559000492095947,20.56999969482422,3621.6298828125,91.87000274658203,1775.699951171875,0.843999981880188,0.07500000298023224,6.420000076293945,yfinance
2020-12-01,47.41999816894531,44.54999923706055,1.3473000526428223,20.770000457763672,3662.449951171875,91.30999755859375,1814.0999755859375,0.9340000152587891,0.07999999821186066,6.409999847412109,yfinance
2020-12-02,48.25,45.279998779296875,1.3661999702453613,21.170000076293945,3669.010009765625,91.12000274658203,1825.699951171875,0.9480000138282776,0.07500000298023224,6.170000076293945,yfinance
2020-12-03,48.709999084472656,45.63999938964844,1.3933000564575195,21.280000686645508,3666.719970703125,90.70999908447266,1836.800048828125,0.9200000166893005,0.07500000298023224,6.239999771118164,yfinance
2020-12-04,49.25,46.2599983215332,1.402999997138977,20.790000915527344,3699.1201171875,90.69999694824219,1835.9000244140625,0.968999981880188,0.07500000298023224,6.539999961853027,yfinance
2020-12-07,48.790000915527344,45.7599983215332,1.3991999626159668,21.299999237060547,3691.9599609375,90.79000091552734,1861.800048828125,0.9279999732971191,0.07000000029802322,6.400000095367432,yfinance
2020-12-08,48.84000015258789,45.599998474121094,1.4067000150680542,20.68000030517578,3702.25,90.97000122070312,1870.800048828125,0.9129999876022339,0.06800000369548798,6.460000038146973,yfinance
2020-12-09,48.86000061035156,45.52000045776367,1.398900032043457,22.270000457763672,3672.820068359375,91.08999633789062,1834.5999755859375,0.9409999847412109,0.07000000029802322,6.710000038146973,yfinance
2020-12-10,50.25,46.779998779296875,1.4357000589370728,22.520000457763672,3668.10009765625,90.79000091552734,1833.5999755859375,0.9079999923706055,0.07000000029802322,7.044000148773193,yfinance
2020-12-11,49.970001220703125,46.56999969482422,1.436900019645691,23.309999465942383,3663.4599609375,90.9800033569336,1839.800048828125,0.8930000066757202,0.06499999761581421,7.179999828338623,yfinance
2020-12-14,50.290000915527344,46.9900016784668,1.4543999433517456,24.719999313354492,3647.489990234375,90.70999908447266,1828.699951171875,0.8920000195503235,0.05999999865889549,7.300000190734863,yfinance
2020-12-15,50.7599983215332,47.619998931884766,1.464400053024292,22.889999389648438,3694.6201171875,90.47000122070312,1852.300048828125,0.9229999780654907,0.07000000029802322,7.300000190734863,yfinance
2020-12-16,51.08000183105469,47.81999969482422,1.4779000282287598,22.5,3701.169921875,90.44999694824219,1856.0999755859375,0.9200000166893005,0.07500000298023224,7.090000152587891,yfinance
2020-12-17,51.5,48.36000061035156,1.4952000379562378,21.93000030517578,3722.47998046875,89.81999969482422,1887.199951171875,0.9300000071525574,0.07999999821186066,7.409999847412109,yfinance
2020-12-18,52.2599983215332,49.099998474121094,1.5130000114440918,21.56999969482422,3709.409912109375,90.0199966430664,1885.699951171875,0.9480000138282776,0.07999999821186066,7.460000038146973,yfinance
2020-12-21,50.90999984741211,47.7400016784668,1.4773999452590942,25.15999984741211,3694.919921875,90.04000091552734,1879.199951171875,0.9409999847412109,0.07800000160932541,7.269999980926514,yfinance
2020-12-22,50.08000183105469,47.02000045776367,1.4615999460220337,24.229999542236328,3687.260009765625,90.6500015258789,1866.5999755859375,0.9179999828338623,0.07800000160932541,7.51200008392334,yfinance
2020-12-23,51.20000076293945,48.119998931884766,1.497499942779541,23.309999465942383,3690.010009765625,90.41000366210938,1874.699951171875,0.9549999833106995,0.07500000298023224,7.730000019073486,yfinance
2020-12-24,51.290000915527344,48.22999954223633,1.4900000095367432,21.530000686645508,3703.06005859375,90.33000183105469,1879.9000244140625,0.9279999732971191,0.07500000298023224,7.559999942779541,yfinance
2020-12-28,50.86000061035156,47.619998931884766,1.4789999723434448,21.700000762939453,3735.360107421875,90.33999633789062,1877.199951171875,0.9330000281333923,0.07999999821186066,7.635000228881836,yfinance
2020-12-29,51.09000015258789,48.0,1.486799955368042,23.079999923706055,3727.0400390625,90.01000213623047,1879.699951171875,0.9350000023841858,0.09000000357627869,7.199999809265137,yfinance
2020-12-30,51.34000015258789,48.400001525878906,1.489799976348877,22.770000457763672,3732.0400390625,89.62999725341797,1891.0,0.9259999990463257,0.07000000029802322,7.510000228881836,yfinance
2020-12-31,51.79999923706055,48.52000045776367,1.4763000011444092,22.75,3756.070068359375,89.94000244140625,1893.0999755859375,0.9169999957084656,0.06499999761581421,7.699999809265137,yfinance
2021-01-04,51.09000015258789,47.619998931884766,1.4620000123977661,26.969999313354492,3700.64990234375,89.87999725341797,1944.699951171875,0.9169999957084656,0.06800000369548798,8.470000267028809,yfinance
2021-01-05,53.599998474121094,49.93000030517578,1.5189000368118286,25.34000015258789,3726.860107421875,89.44000244140625,1952.699951171875,0.9549999833106995,0.07800000160932541,8.5600004196167,yfinance
2021-01-06,54.29999923706055,50.630001068115234,1.5286999940872192,25.06999969482422,3748.139892578125,89.52999877929688,1906.9000244140625,1.0420000553131104,0.07800000160932541,8.529999732971191,yfinance
2021-01-07,54.380001068115234,50.83000183105469,1.538100004196167,22.3700008392334,3803.7900390625,89.83000183105469,1912.300048828125,1.0709999799728394,0.07999999821186066,9.319999694824219,yfinance
2021-01-08,55.9900016784668,52.2400016784668,1.5794999599456787,21.559999465942383,3824.679931640625,90.0999984741211,1834.0999755859375,1.1050000190734863,0.07999999821186066,10.34000015258789,yfinance
2021-01-11,55.65999984741211,52.25,1.5735000371932983,24.079999923706055,3799.610107421875,90.54000091552734,1849.5999755859375,1.1319999694824219,0.07999999821186066,11.800000190734863,yfinance
2021-01-12,56.58000183105469,53.209999084472656,1.5966999530792236,23.329999923706055,3801.18994140625,90.05000305175781,1842.9000244140625,1.1380000114440918,0.07999999821186066,10.59000015258789,yfinance
2021-01-13,56.060001373291016,52.90999984741211,1.5988999605178833,22.209999084472656,3809.840087890625,90.31999969482422,1853.5999755859375,1.0880000591278076,0.07999999821186066,9.960000038146973,yfinance
2021-01-14,56.41999816894531,53.56999969482422,1.6194000244140625,23.25,3795.5400390625,90.23999786376953,1850.300048828125,1.128999948501587,0.07500000298023224,10.470000267028809,yfinance
2021-01-15,55.099998474121094,52.36000061035156,1.592900037765503,24.34000015258789,3768.25,90.77999877929688,1829.300048828125,1.097000002861023,0.07500000298023224,11.039999961853027,yfinance
2021-01-19,55.900001525878906,52.97999954223633,1.5987000465393066,23.239999771118164,3798.909912109375,90.5,1839.5,1.0920000076293945,0.0729999989271164,10.710000038146973,yfinance
2021-01-20,56.08000183105469,53.2400016784668,1.6003999710083008,21.579999923706055,3851.85009765625,90.47000122070312,1865.9000244140625,1.090000033378601,0.07500000298023224,10.800000190734863,yfinance
2021-01-21,56.099998474121094,53.130001068115234,1.600600004196167,21.31999969482422,3853.070068359375,90.12999725341797,1865.300048828125,1.1089999675750732,0.0729999989271164,11.329999923706055,yfinance
2021-01-22,55.40999984741211,52.27000045776367,1.5759999752044678,21.90999984741211,3841.469970703125,90.23999786376953,1855.699951171875,1.090999960899353,0.07000000029802322,11.0,yfinance
2021-01-25,55.880001068115234,52.77000045776367,1.5938999652862549,23.190000534057617,3855.360107421875,90.38999938964844,1854.9000244140625,1.0399999618530273,0.07000000029802322,10.699999809265137,yfinance
2021-01-26,55.90999984741211,52.61000061035156,1.5983999967575073,23.020000457763672,3849.6201171875,90.16999816894531,1850.699951171875,1.0399999618530273,0.06800000369548798,9.600000381469727,yfinance
2021-01-27,55.810001373291016,52.849998474121094,1.6088999509811401,37.209999084472656,3750.77001953125,90.6500015258789,1844.9000244140625,1.0140000581741333,0.05999999865889549,10.02299976348877,yfinance
2021-01-28,55.529998779296875,52.34000015258789,1.601699948310852,30.209999084472656,3787.3798828125,90.45999908447266,1837.9000244140625,1.0570000410079956,0.054999999701976776,9.760000228881836,yfinance
2021-01-29,55.880001068115234,52.20000076293945,1.6003999710083008,33.09000015258789,3714.239990234375,90.58000183105469,1847.300048828125,1.093000054359436,0.04800000041723251,10.34000015258789,yfinance
2021-02-01,56.349998474121094,53.54999923706055,1.6469000577926636,30.239999771118164,3773.860107421875,91.0199966430664,1860.800048828125,1.0770000219345093,0.04800000041723251,10.1899995803833,yfinance
2021-02-02,57.459999084472656,54.7599983215332,1.6746000051498413,25.559999465942383,3826.31005859375,91.19999694824219,1830.5,1.1050000190734863,0.05000000074505806,9.229999542236328,yfinance
2021-02-03,58.459999084472656,55.689998626708984,1.690500020980835,22.90999984741211,3830.169921875,91.12000274658203,1832.199951171875,1.13100004196167,0.03999999910593033,9.449999809265137,yfinance
2021-02-04,58.84000015258789,56.22999954223633,1.7005000114440918,21.770000457763672,3871.739990234375,91.52999877929688,1788.9000244140625,1.1390000581741333,0.029999999329447746,9.8100004196167,yfinance
2021-02-05,59.34000015258789,56.849998474121094,1.7137000560760498,20.8700008392334,3886.830078125,91.04000091552734,1810.9000244140625,1.1699999570846558,0.023000000044703484,10.239999771118164,yfinance
2021-02-08,60.560001373291016,57.970001220703125,1.7477999925613403,21.239999771118164,3915.590087890625,90.93000030517578,1831.9000244140625,1.159999966621399,0.019999999552965164,9.789999961853027,yfinance
2021-02-09,61.09000015258789,58.36000061035156,1.756700038909912,21.6299991607666,3911.22998046875,90.44000244140625,1835.300048828125,1.156999945640564,0.032999999821186066,10.100000381469727,yfinance
2021-02-10,61.470001220703125,58.68000030517578,1.7610000371932983,21.989999771118164,3909.8798828125,90.37000274658203,1840.5999755859375,1.1330000162124634,0.03500000014901161,10.75,yfinance
2021-02-11,61.13999938964844,58.2400016784668,1.7446000576019287,21.25,3916.3798828125,90.41999816894531,1824.9000244140625,1.1579999923706055,0.03500000014901161,11.550000190734863,yfinance
2021-02-12,62.43000030517578,59.470001220703125,1.771399974822998,19.969999313354492,3934.830078125,90.4800033569336,1821.5999755859375,1.2000000476837158,0.03500000014901161,12.430000305175781,yfinance
2021-02-16,63.349998474121094,60.04999923706055,1.8143999576568604,21.459999084472656,3932.590087890625,90.51000213623047,1797.199951171875,1.2990000247955322,0.03500000014901161,15.819999694824219,yfinance
2021-02-17,64.33999633789062,61.13999938964844,1.8377000093460083,21.5,3931.330078125,90.94999694824219,1771.0999755859375,1.3009999990463257,0.03500000014901161,16.65999984741211,yfinance
2021-02-18,63.93000030517578,60.52000045776367,1.836400032043457,22.489999771118164,3913.969970703125,90.58999633789062,1773.4000244140625,1.2869999408721924,0.023000000044703484,13.520000457763672,yfinance
2021-02-19,62.90999984741211,59.2400016784668,1.8229000568389893,22.049999237060547,3906.7099609375,90.36000061035156,1775.800048828125,1.3450000286102295,0.023000000044703484,14.5,yfinance
2021-02-22,65.23999786376953,61.4900016784668,1.8586000204086304,23.450000762939453,3876.5,90.01000213623047,1806.699951171875,1.3700000047683716,0.02500000037252903,13.739999771118164,yfinance
2021-02-23,65.37000274658203,61.66999816894531,1.8680000305175781,23.110000610351562,3881.3701171875,90.16999816894531,1804.4000244140625,1.3619999885559082,0.023000000044703484,13.34000015258789,yfinance
2021-02-24,67.04000091552734,63.220001220703125,1.9083000421524048,21.34000015258789,3925.429931640625,90.18000030517578,1796.4000244140625,1.3890000581741333,0.02800000086426735,13.170000076293945,yfinance
2021-02-25,66.87999725341797,63.529998779296875,1.906599998474121,28.889999389648438,3829.340087890625,90.12999725341797,1774.4000244140625,1.5180000066757202,0.032999999821186066,13.3100004196167,yfinance
2021-02-26,66.12999725341797,61.5,1.8565000295639038,27.950000762939453,3811.14990234375,90.93000030517578,1728.0999755859375,1.4600000381469727,0.03500000014901161,12.710000038146973,yfinance
2021-03-01,63.689998626708984,60.63999938964844,1.819200038909912,23.350000381469727,3901.820068359375,91.04000091552734,1722.5,1.4459999799728394,0.02800000086426735,13.020000457763672,yfinance
2021-03-02,62.70000076293945,59.75,1.8080999851226807,24.100000381469727,3870.2900390625,90.79000091552734,1733.0999755859375,1.4149999618530273,0.03500000014901161,14.890000343322754,yfinance
2021-03-03,64.06999969482422,61.279998779296875,1.8357000350952148,26.670000076293945,3819.719970703125,90.94999694824219,1715.300048828125,1.4700000286102295,0.03500000014901161,15.279999732971191,yfinance
2021-03-04,66.73999786376953,63.83000183105469,1.8960000276565552,28.56999969482422,3768.469970703125,91.62999725341797,1700.199951171875,1.5499999523162842,0.02800000086426735,15.260000228881836,yfinance
2021-03-05,69.36000061035156,66.08999633789062,1.944000005722046,24.65999984741211,3841.93994140625,91.9800033569336,1698.0,1.5540000200271606,0.02800000086426735,16.25,yfinance
2021-03-08,68.23999786376953,65.05000305175781,1.9084999561309814,25.469999313354492,3821.35009765625,92.30999755859375,1677.699951171875,1.5959999561309814,0.03500000014901161,16.5,yfinance
2021-03-09,67.5199966430664,64.01000213623047,1.9072999954223633,24.030000686645508,3875.43994140625,91.95999908447266,1716.5999755859375,1.5460000038146973,0.03500000014901161,16.329999923706055,yfinance
2021-03-10,67.9000015258789,64.44000244140625,1.9172999858856201,22.559999465942383,3898.81005859375,91.79000091552734,1721.5,1.5199999809265137,0.029999999329447746,15.319999694824219,yfinance
2021-03-11,69.62999725341797,66.0199966430664,1.9594000577926636,21.90999984741211,3939.340087890625,91.41999816894531,1722.300048828125,1.5269999504089355,0.02800000086426735,16.200000762939453,yfinance
2021-03-12,69.22000122070312,65.61000061035156,1.9674999713897705,20.690000534057617,3943.340087890625,91.68000030517578,1719.5,1.6349999904632568,0.02500000037252903,16.59000015258789,yfinance
2021-03-15,68.87999725341797,65.38999938964844,1.9488999843597412,20.030000686645508,3968.93994140625,91.83000183105469,1728.9000244140625,1.6069999933242798,0.014999999664723873,17.950000762939453,yfinance
2021-03-16,68.38999938964844,64.80000305175781,1.9327000379562378,19.790000915527344,3962.7099609375,91.87000274658203,1730.5999755859375,1.621000051498413,0.00800000037997961,18.0,yfinance
2021-03-17,68.0,64.5999984741211,1.9061000347137451,19.229999542236328,3974.1201171875,91.4000015258789,1726.800048828125,1.6410000324249268,0.00800000037997961,19.5,yfinance
2021-03-18,63.279998779296875,60.0,1.7841999530792236,21.579999923706055,3915.4599609375,91.8499984741211,1732.199951171875,1.7300000190734863,0.003000000026077032,20.329999923706055,yfinance
2021-03-19,64.52999877929688,61.41999816894531,1.8222999572753906,20.950000762939453,3913.10009765625,91.91999816894531,1741.4000244140625,1.7319999933242798,0.004999999888241291,19.56999969482422,yfinance
2021-03-22,64.62000274658203,61.54999923706055,1.829300045967102,18.8799991607666,3940.590087890625,91.80000305175781,1737.800048828125,1.684000015258789,0.004999999888241291,19.059999465942383,yfinance
2021-03-23,60.790000915527344,57.7599983215332,1.748900055885315,20.299999237060547,3910.52001953125,92.33999633789062,1724.699951171875,1.6380000114440918,0.009999999776482582,16.700000762939453,yfinance
2021-03-24,64.41000366210938,61.18000030517578,1.825600028038025,21.200000762939453,3889.139892578125,92.52999877929688,1732.9000244140625,1.6139999628067017,0.014999999664723873,17.239999771118164,yfinance
2021-03-25,61.95000076293945,58.560001373291016,1.7477999925613403,19.809999465942383,3909.52001953125,92.87999725341797,1724.9000244140625,1.6139999628067017,0.014999999664723873,19.299999237060547,yfinance
2021-03-26,64.56999969482422,60.970001220703125,1.809999942779541,18.860000610351562,3974.5400390625,92.7699966430664,1732.199951171875,1.659999966621399,0.014999999664723873,18.420000076293945,yfinance
2021-03-29,64.9800033569336,61.560001373291016,1.8098000288009644,20.739999771118164,3971.090087890625,92.94000244140625,1712.0999755859375,1.7209999561309814,0.00800000037997961,16.8700008392334,yfinance
2021-03-30,64.13999938964844,60.54999923706055,1.789199948310852,19.610000610351562,3958.550048828125,93.30000305175781,1683.9000244140625,1.7259999513626099,0.013000000268220901,16.5,yfinance
2021-03-31,63.540000915527344,59.15999984741211,1.771299958229065,19.399999618530273,3972.889892578125,93.2300033569336,1713.800048828125,1.746000051498413,0.013000000268220901,16.920000076293945,yfinance
2021-04-01,64.86000061035156,61.45000076293945,1.8315999507904053,17.329999923706055,4019.8701171875,92.93000030517578,1726.5,1.6790000200271606,0.00800000037997961,17.93000030517578,yfinance
2021-04-05,62.150001525878906,58.650001525878906,1.7724000215530396,17.90999984741211,4077.909912109375,92.5999984741211,1727.0,1.7200000286102295,0.014999999664723873,18.209999084472656,yfinance
2021-04-06,62.7400016784668,59.33000183105469,1.794100046157837,18.1200008392334,4073.93994140625,92.33999633789062,1741.5,1.656000018119812,0.014999999664723873,17.56999969482422,yfinance
2021-04-07,63.15999984741211,59.77000045776367,1.8078999519348145,17.15999984741211,4079.949951171875,92.45999908447266,1740.0999755859375,1.652999997138977,0.009999999776482582,16.969999313354492,yfinance
2021-04-08,63.20000076293945,59.599998474121094,1.8098000288009644,16.950000762939453,4097.169921875,92.05999755859375,1756.800048828125,1.6319999694824219,0.004999999888241291,16.530000686645508,yfinance
2021-04-09,62.95000076293945,59.31999969482422,1.8076000213623047,16.690000534057617,4128.7998046875,92.16000366210938,1743.300048828125,1.6660000085830688,0.003000000026077032,17.520000457763672,yfinance
2021-04-12,63.279998779296875,59.70000076293945,1.8079999685287476,16.90999984741211,4127.990234375,92.13999938964844,1731.199951171875,1.6749999523162842,0.009999999776482582,18.079999923706055,yfinance
2021-04-13,63.66999816894531,60.18000030517578,1.8144999742507935,16.649999618530273,4141.58984375,91.8499984741211,1746.199951171875,1.6230000257492065,0.014999999664723873,17.06999969482422,yfinance
2021-04-14,66.58000183105469,63.150001525878906,1.8899999856948853,16.989999771118164,4124.66015625,91.69000244140625,1734.9000244140625,1.6380000114440918,0.014999999664723873,18.790000915527344,yfinance
2021-04-15,66.94000244140625,63.459999084472656,1.898900032043457,16.56999969482422,4170.419921875,91.66999816894531,1765.4000244140625,1.5299999713897705,0.009999999776482582,20.299999237060547,yfinance
2021-04-16,66.7699966430664,63.130001068115234,1.8956999778747559,16.25,4185.47021484375,91.55999755859375,1779.0,1.5729999542236328,0.00800000037997961,19.790000915527344,yfinance
2021-04-19,67.05000305175781,63.380001068115234,1.8925000429153442,17.290000915527344,4163.259765625,91.06999969482422,1769.4000244140625,1.6009999513626099,0.014999999664723873,20.0,yfinance
2021-04-20,66.56999969482422,62.439998626708984,1.8801000118255615,18.68000030517578,4134.93994140625,91.23999786376953,1777.300048828125,1.562000036239624,0.014999999664723873,20.450000762939453,yfinance
2021-04-21,65.31999969482422,61.349998474121094,1.853700041770935,17.5,4173.419921875,91.16000366210938,1792.300048828125,1.5640000104904175,0.013000000268220901,21.8799991607666,yfinance
2021-04-22,65.4000015258789,61.43000030517578,1.86080002784729,18.709999084472656,4134.97998046875,91.33000183105469,1781.199951171875,1.5540000200271606,0.014999999664723873,20.469999313354492,yfinance
2021-04-23,66.11000061035156,62.13999938964844,1.8734999895095825,17.329999923706055,4180.169921875,90.86000061035156,1777.0,1.5670000314712524,0.014999999664723873,20.920000076293945,yfinance
2021-04-26,65.6500015258789,61.90999984741211,1.878499984741211,17.639999389648438,4187.6201171875,90.80999755859375,1779.199951171875,1.5700000524520874,0.00800000037997961,21.399999618530273,yfinance
2021-04-27,66.41999816894531,62.939998626708984,1.9056999683380127,17.559999465942383,4186.72021484375,90.91000366210938,1778.0,1.621999979019165,0.009999999776482582,22.979999542236328,yfinance
2021-04-28,67.2699966430664,63.86000061035156,1.938599944114685,17.280000686645508,4183.18017578125,90.61000061035156,1773.199951171875,1.6200000047683716,0.00800000037997961,23.520000457763672,yfinance
2021-04-29,68.55999755859375,65.01000213623047,1.961400032043457,17.610000610351562,4211.47021484375,90.61000061035156,1768.0999755859375,1.6399999856948853,0.00800000037997961,24.010000228881836,yfinance
2021-04-30,67.25,63.58000183105469,1.9211000204086304,18.610000610351562,4181.169921875,91.27999877929688,1767.300048828125,1.63100004196167,0.003000000026077032,24.700000762939453,yfinance
2021-05-03,67.55999755859375,64.48999786376953,1.9519000053405762,18.309999465942383,4192.66015625,90.94999694824219,1791.4000244140625,1.6069999933242798,0.004999999888241291,25.079999923706055,yfinance
2021-05-04,68.87999725341797,65.69000244140625,1.9988000392913818,19.479999542236328,4164.66015625,91.29000091552734,1775.800048828125,1.5920000076293945,0.009999999776482582,26.209999084472656,yfinance
2021-05-05,68.95999908447266,65.62999725341797,2.002500057220459,19.149999618530273,4167.58984375,91.30999755859375,1784.0999755859375,1.5839999914169312,0.00800000037997961,26.670000076293945,yfinance
2021-05-06,68.08999633789062,64.70999908447266,1.9895000457763672,18.389999389648438,4201.6201171875,90.94999694824219,1815.5,1.5609999895095825,0.00800000037997961,23.559999465942383,yfinance
2021-05-07,68.27999877929688,64.9000015258789,2.0106000900268555,16.690000534057617,4232.60009765625,90.2300033569336,1831.0999755859375,1.5770000219345093,0.00800000037997961,25.899999618530273,yfinance
2021-05-10,68.31999969482422,64.91999816894531,2.0165998935699463,19.65999984741211,4188.43017578125,90.20999908447266,1837.5,1.6019999980926514,0.004999999888241291,27.59000015258789,yfinance
2021-05-11,68.55000305175781,65.27999877929688,2.0416998863220215,21.84000015258789,4152.10009765625,90.13999938964844,1835.9000244140625,1.6239999532699585,0.009999999776482582,25.989999771118164,yfinance
2021-05-12,69.31999969482422,66.08000183105469,2.069499969482422,27.59000015258789,4063.0400390625,90.70999908447266,1822.5999755859375,1.6950000524520874,0.009999999776482582,24.200000762939453,yfinance
2021-05-13,67.05000305175781,63.81999969482422,2.0009000301361084,23.1299991607666,4112.5,90.75,1823.800048828125,1.6679999828338623,0.00800000037997961,23.959999084472656,yfinance
2021-05-14,68.70999908447266,65.37000274658203,2.0362000465393066,18.809999465942383,4173.85009765625,90.31999969482422,1837.9000244140625,1.6349999904632568,0.004999999888241291,22.950000762939453,yfinance
2021-05-17,69.45999908447266,66.2699966430664,2.0604000091552734,19.719999313354492,4163.2900390625,90.22000122070312,1867.5,1.6399999856948853,0.004999999888241291,21.93000030517578,yfinance
2021-05-18,68.70999908447266,65.48999786376953,2.0564000606536865,21.34000015258789,4127.830078125,89.75,1867.800048828125,1.6419999599456787,0.009999999776482582,24.079999923706055,yfinance
2021-05-19,66.66000366210938,63.36000061035156,2.0071001052856445,22.18000030517578,4115.68017578125,90.19000244140625,1881.300048828125,1.6829999685287476,0.004999999888241291,24.450000762939453,yfinance
2021-05-20,65.11000061035156,62.04999923706055,1.964400053024292,20.670000076293945,4159.1201171875,89.80999755859375,1881.800048828125,1.6339999437332153,0.003000000026077032,25.6200008392334,yfinance
2021-05-21,66.44000244140625,63.58000183105469,1.9881999492645264,20.149999618530273,4155.85986328125,90.0199966430664,1876.699951171875,1.6319999694824219,0.003000000026077032,26.860000610351562,yfinance
2021-05-24,68.45999908447266,66.05000305175781,2.0420000553131104,18.399999618530273,4197.0498046875,89.83000183105469,1884.5999755859375,1.6080000400543213,0.003000000026077032,25.239999771118164,yfinance
2021-05-25,68.6500015258789,66.06999969482422,2.035399913787842,18.84000015258789,4188.1298828125,89.63999938964844,1898.0999755859375,1.5640000104904175,0.009999999776482582,23.959999084472656,yfinance
2021-05-26,68.87000274658203,66.20999908447266,2.0452001094818115,17.360000610351562,4195.990234375,90.04000091552734,1901.300048828125,1.5740000009536743,0.004999999888241291,23.959999084472656,yfinance
2021-05-27,69.45999908447266,66.8499984741211,2.0564000606536865,16.739999771118164,4200.8798828125,89.97000122070312,1895.699951171875,1.6100000143051147,0.004999999888241291,23.920000076293945,yfinance
2021-05-28,69.62999725341797,66.31999969482422,2.0445001125335693,16.760000228881836,4204.10986328125,90.02999877929688,1902.5,1.5809999704360962,0.00800000037997961,23.0,yfinance
2021-06-01,70.25,67.72000122070312,2.071500062942505,17.899999618530273,4202.0400390625,89.83000183105469,1902.9000244140625,1.6150000095367432,0.009999999776482582,23.850000381469727,yfinance
2021-06-02,71.3499984741211,68.83000183105469,2.107100009918213,17.479999542236328,4208.1201171875,89.9000015258789,1907.5,1.590999960899353,0.014999999664723873,22.579999923706055,yfinance
2021-06-03,71.30999755859375,68.80999755859375,2.1017000675201416,18.040000915527344,4192.85009765625,90.5,1871.199951171875,1.625,0.014999999664723873,22.709999084472656,yfinance
2021-06-04,71.88999938964844,69.62000274658203,2.1198999881744385,16.420000076293945,4229.89013671875,90.13999938964844,1889.800048828125,1.559999942779541,0.014999999664723873,23.5,yfinance
2021-06-07,71.48999786376953,69.2300033569336,2.115600109100342,16.420000076293945,4226.52001953125,89.94999694824219,1896.800048828125,1.569000005722046,0.017999999225139618,22.65999984741211,yfinance
2021-06-08,72.22000122070312,70.05000305175781,2.134999990463257,17.06999969482422,4227.259765625,90.08000183105469,1892.199951171875,1.527999997138977,0.019999999552965164,23.110000610351562,yfinance
2021-06-09,72.22000122070312,69.95999908447266,2.129499912261963,17.889999389648438,4219.5498046875,90.12000274658203,1893.199951171875,1.4889999628067017,0.019999999552965164,24.989999771118164,yfinance
2021-06-10,72.5199966430664,70.29000091552734,2.143399953842163,16.100000381469727,4239.18017578125,90.08000183105469,1894.199951171875,1.4589999914169312,0.019999999552965164,27.049999237060547,yfinance
2021-06-11,72.69000244140625,70.91000366210938,2.120699882507324,15.649999618530273,4247.43994140625,90.55999755859375,1877.4000244140625,1.4620000123977661,0.017999999225139618,27.81999969482422,yfinance
2021-06-14,72.86000061035156,70.87999725341797,2.111599922180176,16.389999389648438,4255.14990234375,90.5199966430664,1864.0,1.5010000467300415,0.014999999664723873,27.0,yfinance
2021-06-15,73.98999786376953,72.12000274658203,2.112299919128418,17.020000457763672,4246.58984375,90.54000091552734,1854.5,1.4989999532699585,0.019999999552965164,28.989999771118164,yfinance
2021-06-16,74.38999938964844,72.1500015258789,2.1033999919891357,18.149999618530273,4223.7001953125,91.12999725341797,1859.5,1.569000005722046,0.02800000086426735,30.139999389648438,yfinance
2021-06-17,73.08000183105469,71.04000091552734,2.066800117492676,17.75,4221.85986328125,91.88999938964844,1773.800048828125,1.5110000371932983,0.02800000086426735,28.06999969482422,yfinance
2021-06-18,73.51000213623047,71.63999938964844,2.0931999683380127,20.700000762939453,4166.4501953125,92.2300033569336,1767.9000244140625,1.4500000476837158,0.02800000086426735,27.06999969482422,yfinance
2021-06-21,74.9000015258789,73.66000366210938,2.126800060272217,17.889999389648438,4224.7900390625,91.86000061035156,1781.800048828125,1.4839999675750732,0.029999999329447746,26.559999465942383,yfinance
2021-06-22,74.80999755859375,73.05999755859375,2.1510000228881836,16.65999984741211,4246.43994140625,91.7300033569336,1776.300048828125,1.472000002861023,0.03799999877810478,27.049999237060547,yfinance
2021-06-23,75.19000244140625,73.08000183105469,2.15939998626709,16.31999969482422,4241.83984375,91.80000305175781,1782.300048828125,1.4869999885559082,0.03999999910593033,27.8799991607666,yfinance
2021-06-24,75.55999755859375,73.30000305175781,2.1623001098632812,15.970000267028809,4266.490234375,91.81999969482422,1775.5999755859375,1.4869999885559082,0.0430000014603138,28.84000015258789,yfinance
2021-06-25,76.18000030517578,74.05000305175781,2.1493000984191895,15.619999885559082,4280.7001953125,91.80999755859375,1776.5999755859375,1.5360000133514404,0.0430000014603138,29.959999084472656,yfinance
2021-06-28,74.68000030517578,72.91000366210938,2.1182000637054443,15.760000228881836,4290.60986328125,91.87999725341797,1779.5999755859375,1.4780000448226929,0.03999999910593033,28.93000030517578,yfinance
2021-06-29,74.76000213623047,72.9800033569336,2.1219000816345215,16.020000457763672,4291.7998046875,92.05000305175781,1762.800048828125,1.4800000190734863,0.03999999910593033,28.81999969482422,yfinance
2021-06-30,75.12999725341797,73.47000122070312,2.128700017929077,15.829999923706055,4297.5,92.44000244140625,1770.800048828125,1.4429999589920044,0.03999999910593033,29.350000381469727,yfinance
2021-07-01,75.83999633789062,75.2300033569336,2.1561999320983887,15.479999542236328,4319.93994140625,92.5999984741211,1775.9000244140625,1.4800000190734863,0.03999999910593033,27.31999969482422,yfinance
2021-07-02,76.16999816894531,75.16000366210938,2.1791000366210938,15.069999694824219,4352.33984375,92.2300033569336,1782.5999755859375,1.430999994277954,0.03799999877810478,26.8700008392334,yfinance
2021-07-06,74.52999877929688,73.37000274658203,2.1048998832702637,16.440000534057617,4343.5400390625,92.55000305175781,1793.5,1.3700000047683716,0.03999999910593033,25.260000228881836,yfinance
2021-07-07,73.43000030517578,72.19999694824219,2.089099884033203,16.200000762939453,4358.1298828125,92.63999938964844,1801.5,1.3209999799728394,0.0430000014603138,26.920000076293945,yfinance
2021-07-08,74.12000274658203,72.94000244140625,2.1203999519348145,19.0,4320.81982421875,92.36000061035156,1799.5999755859375,1.2879999876022339,0.0430000014603138,26.34000015258789,yfinance
2021-07-09,75.55000305175781,74.55999755859375,2.1552000045776367,16.18000030517578,4369.5498046875,92.12999725341797,1810.0,1.3559999465942383,0.0430000014603138,26.790000915527344,yfinance
2021-07-12,75.16000366210938,74.0999984741211,2.1498000621795654,16.170000076293945,4384.6298828125,92.2300033569336,1805.5,1.3630000352859497,0.0430000014603138,25.34000015258789,yfinance
2021-07-13,76.48999786376953,75.25,2.1844000816345215,17.1200008392334,4369.2099609375,92.75,1809.4000244140625,1.4149999618530273,0.04500000178813934,24.489999771118164,yfinance
2021-07-14,74.76000213623047,73.12999725341797,2.1435000896453857,16.329999923706055,4374.2998046875,92.41000366210938,1824.300048828125,1.3559999465942383,0.04500000178813934,23.149999618530273,yfinance
2021-07-15,73.47000122070312,71.6500015258789,2.112600088119507,17.010000228881836,4360.02978515625,92.62000274658203,1828.4000244140625,1.2970000505447388,0.03799999877810478,24.450000762939453,yfinance
2021-07-16,73.58999633789062,71.80999755859375,2.113300085067749,18.450000762939453,4327.16015625,92.69000244140625,1814.5,1.2999999523162842,0.03799999877810478,24.510000228881836,yfinance
2021-07-19,68.62000274658203,66.41999816894531,1.985200047492981,22.5,4258.490234375,92.88999938964844,1808.699951171875,1.180999994277954,0.03999999910593033,25.329999923706055,yfinance
2021-07-20,69.3499984741211,67.41999816894531,2.012700080871582,19.729999542236328,4323.06005859375,92.97000122070312,1810.9000244140625,1.2089999914169312,0.04500000178813934,25.479999542236328,yfinance
2021-07-21,72.2300033569336,70.30000305175781,2.0869998931884766,17.90999984741211,4358.68994140625,92.75,1802.9000244140625,1.2799999713897705,0.04500000178813934,26.100000381469727,yfinance
2021-07-22,73.79000091552734,71.91000366210938,2.1326000690460205,17.690000534057617,4367.47998046875,92.81999969482422,1805.0,1.2649999856948853,0.0430000014603138,26.579999923706055,yfinance
2021-07-23,74.0999984741211,72.06999969482422,2.1338999271392822,17.200000762939453,4411.7900390625,92.91000366210938,1801.4000244140625,1.2860000133514404,0.04500000178813934,27.09000015258789,yfinance
2021-07-26,74.5,71.91000366210938,2.1510000228881836,17.579999923706055,4422.2998046875,92.6500015258789,1798.699951171875,1.2760000228881836,0.03999999910593033,25.6299991607666,yfinance
2021-07-27,74.4800033569336,71.6500015258789,2.143899917602539,19.360000610351562,4401.4599609375,92.43000030517578,1799.5,1.2339999675750732,0.04500000178813934,24.6299991607666,yfinance
2021-07-28,74.73999786376953,72.38999938964844,2.1559998989105225,18.309999465942383,4400.64013671875,92.31999969482422,1799.5,1.2610000371932983,0.04500000178813934,25.489999771118164,yfinance
2021-07-29,76.05000305175781,73.62000274658203,2.1893999576568604,17.700000762939453,4419.14990234375,91.86000061035156,1831.199951171875,1.2690000534057617,0.03999999910593033,26.649999618530273,yfinance
2021-07-30,76.33000183105469,73.94999694824219,2.199399948120117,18.239999771118164,4395.259765625,92.16999816894531,1812.5999755859375,1.2389999628067017,0.03999999910593033,25.799999237060547,yfinance
2021-08-02,72.88999938964844,71.26000213623047,2.1357998847961426,19.459999084472656,4387.16015625,92.05000305175781,1818.0999755859375,1.1740000247955322,0.03799999877810478,26.549999237060547,yfinance
2021-08-03,72.41000366210938,70.55999755859375,2.1263999938964844,18.040000915527344,4423.14990234375,92.08000183105469,1810.0999755859375,1.1759999990463257,0.04500000178813934,26.6299991607666,yfinance
2021-08-04,70.37999725341797,68.1500015258789,2.0741000175476074,17.969999313354492,4402.66015625,92.2699966430664,1810.5,1.184000015258789,0.04500000178813934,27.190000534057617,yfinance
2021-08-05,71.29000091552734,69.08999633789062,2.1059999465942383,17.280000686645508,4429.10009765625,92.23999786376953,1805.0999755859375,1.2170000076293945,0.0430000014603138,26.729999542236328,yfinance
2021-08-06,70.69999694824219,68.27999877929688,2.0845000743865967,16.149999618530273,4436.52001953125,92.80000305175781,1760.0,1.2899999618530273,0.0430000014603138,26.600000381469727,yfinance
2021-08-09,69.04000091552734,66.4800033569336,2.042099952697754,16.719999313354492,4432.35009765625,92.94999694824219,1723.4000244140625,1.3170000314712524,0.04500000178813934,26.420000076293945,yfinance
2021-08-10,70.62999725341797,68.29000091552734,2.080199956893921,16.790000915527344,4436.75,93.05999755859375,1728.800048828125,1.3420000076293945,0.05000000074505806,27.010000228881836,yfinance
2021-08-11,71.44000244140625,69.25,2.105799913406372,16.170000076293945,4442.41015625,92.91000366210938,1750.4000244140625,1.3289999961853027,0.04500000178813934,27.770000457763672,yfinance
2021-08-12,71.30999755859375,69.08999633789062,2.1038999557495117,15.59000015258789,4460.830078125,93.04000091552734,1749.0,1.3669999837875366,0.0430000014603138,28.25,yfinance
2021-08-13,70.58999633789062,68.44000244140625,2.077899932861328,15.449999809265137,4468.0,92.5199966430664,1775.199951171875,1.2970000505447388,0.04500000178813934,27.969999313354492,yfinance
2021-08-16,69.51000213623047,67.29000091552734,2.04830002784729,16.1200008392334,4479.7099609375,92.62999725341797,1786.9000244140625,1.2569999694824219,0.057999998331069946,28.780000686645508,yfinance
2021-08-17,69.02999877929688,66.58999633789062,2.036099910736084,17.90999984741211,4448.080078125,93.12999725341797,1785.0,1.2580000162124634,0.06300000101327896,29.209999084472656,yfinance
2021-08-18,68.2300033569336,65.45999908447266,2.021199941635132,21.56999969482422,4400.27001953125,93.13999938964844,1781.5999755859375,1.2730000019073486,0.054999999701976776,29.600000381469727,yfinance
2021-08-19,66.44999694824219,63.689998626708984,1.968999981880188,21.670000076293945,4405.7998046875,93.56999969482422,1780.199951171875,1.2419999837875366,0.0430000014603138,29.270000457763672,yfinance
2021-08-20,65.18000030517578,62.31999969482422,1.9082000255584717,18.559999465942383,4441.669921875,93.5,1781.0,1.2599999904632568,0.0430000014603138,29.979999542236328,yfinance
2021-08-23,68.75,65.63999938964844,2.0051000118255615,17.149999618530273,4479.52978515625,92.95999908447266,1803.199951171875,1.2549999952316284,0.03999999910593033,30.329999923706055,yfinance
2021-08-24,71.05000305175781,67.54000091552734,2.066800117492676,17.219999313354492,4486.22998046875,92.88999938964844,1805.5999755859375,1.2899999618530273,0.04800000041723251,30.3700008392334,yfinance
2021-08-25,72.25,68.36000061035156,2.1182000637054443,16.790000915527344,4496.18994140625,92.83000183105469,1788.199951171875,1.3420000076293945,0.04500000178813934,29.399999618530273,yfinance
2021-08-26,71.06999969482422,67.41999816894531,2.083199977874756,18.84000015258789,4470.0,93.05999755859375,1792.199951171875,1.3420000076293945,0.0430000014603138,30.739999771118164,yfinance
2021-08-27,72.69999694824219,68.73999786376953,2.1092000007629395,16.389999389648438,4509.3701171875,92.69000244140625,1816.5999755859375,1.312000036239624,0.0430000014603138,30.0,yfinance
2021-08-30,73.41000366210938,69.20999908447266,2.1403000354766846,16.190000534057617,4528.7900390625,92.6500015258789,1809.0,1.284999966621399,0.03799999877810478,29.940000534057617,yfinance
2021-08-31,72.98999786376953,68.5,2.13100004196167,16.479999542236328,4522.68017578125,92.62999725341797,1815.0,1.3040000200271606,0.03999999910593033,28.329999923706055,yfinance
2021-09-01,71.58999633789062,68.58999633789062,2.1289000511169434,16.110000610351562,4524.08984375,92.44999694824219,1813.0999755859375,1.3020000457763672,0.03999999910593033,27.729999542236328,yfinance
2021-09-02,73.02999877929688,69.98999786376953,2.1677000522613525,16.40999984741211,4536.9501953125,92.2300033569336,1808.699951171875,1.2940000295639038,0.03999999910593033,28.260000228881836,yfinance
2021-09-03,72.61000061035156,69.29000091552734,2.15939998626709,16.40999984741211,4535.43017578125,92.04000091552734,1830.9000244140625,1.3220000267028809,0.03999999910593033,27.360000610351562,yfinance
2021-09-07,71.69000244140625,68.3499984741211,2.1215999126434326,18.139999389648438,4520.02978515625,92.5199966430664,1795.9000244140625,1.3700000047683716,0.03500000014901161,26.899999618530273,yfinance
2021-09-08,72.5999984741211,69.30000305175781,2.136399984359741,17.959999084472656,4514.06982421875,92.6500015258789,1790.699951171875,1.3339999914169312,0.03999999910593033,27.670000076293945,yfinance
2021-09-09,71.44999694824219,68.13999938964844,2.1136999130249023,18.799999237060547,4493.27978515625,92.4800033569336,1797.4000244140625,1.2990000247955322,0.03799999877810478,29.350000381469727,yfinance
2021-09-10,72.91999816894531,69.72000122070312,2.1459999084472656,20.950000762939453,4458.580078125,92.58000183105469,1789.5999755859375,1.340999960899353,0.03799999877810478,30.1200008392334,yfinance
2021-09-13,73.51000213623047,70.44999694824219,2.1582999229431152,19.3700008392334,4468.72998046875,92.62000274658203,1792.0,1.3240000009536743,0.03799999877810478,30.829999923706055,yfinance
2021-09-14,73.5999984741211,70.45999908447266,2.16129994392395,19.459999084472656,4443.0498046875,92.6500015258789,1804.699951171875,1.2769999504089355,0.03500000014901161,29.8799991607666,yfinance
2021-09-15,75.45999908447266,72.61000061035156,2.2053000926971436,18.18000030517578,4480.7001953125,92.48999786376953,1792.4000244140625,1.3040000200271606,0.03500000014901161,30.200000762939453,yfinance
2021-09-16,75.66999816894531,72.61000061035156,2.2109999656677246,18.690000534057617,4473.75,92.86000061035156,1754.5999755859375,1.3309999704360962,0.029999999329447746,30.649999618530273,yfinance
2021-09-17,75.33999633789062,71.97000122070312,2.2091000080108643,20.809999465942383,4432.990234375,93.19999694824219,1749.4000244140625,1.3700000047683716,0.02800000086426735,30.729999542236328,yfinance
2021-09-20,73.91999816894531,70.29000091552734,2.1589999198913574,25.709999084472656,4357.72998046875,93.23999786376953,1761.800048828125,1.309000015258789,0.02500000037252903,28.899999618530273,yfinance
2021-09-21,74.36000061035156,70.55999755859375,2.173799991607666,24.360000610351562,4354.18994140625,93.19999694824219,1776.0,1.3240000009536743,0.019999999552965164,30.899999618530273,yfinance
2021-09-22,76.19000244140625,72.2300033569336,2.2116000652313232,20.8700008392334,4395.64013671875,93.45999908447266,1776.699951171875,1.3359999656677246,0.02500000037252903,30.739999771118164,yfinance
2021-09-23,77.25,73.30000305175781,2.2490999698638916,18.6299991607666,4448.97998046875,93.0999984741211,1747.699951171875,1.409999966621399,0.02500000037252903,31.860000610351562,yfinance
2021-09-24,78.08999633789062,73.9800033569336,2.2671000957489014,17.75,4455.47998046875,93.33000183105469,1749.699951171875,1.4600000381469727,0.02500000037252903,32.47999954223633,yfinance
2021-09-27,79.52999877929688,75.44999694824219,2.2960000038146973,18.760000228881836,4443.10986328125,93.37999725341797,1750.0,1.4839999675750732,0.02500000037252903,34.349998474121094,yfinance
2021-09-28,79.08999633789062,75.29000091552734,2.2890000343322754,23.25,4352.6298828125,93.7699966430664,1735.800048828125,1.534000039100647,0.029999999329447746,36.56999969482422,yfinance
2021-09-29,78.63999938964844,74.83000183105469,2.307499885559082,22.559999465942383,4359.4599609375,94.33999633789062,1721.5,1.5410000085830688,0.029999999329447746,35.68000030517578,yfinance
2021-09-30,78.5199966430664,75.02999877929688,2.3417000770568848,23.139999389648438,4307.5400390625,94.25,1755.300048828125,1.5290000438690186,0.02800000086426735,36.0099983215332,yfinance
2021-10-01,79.27999877929688,75.87999725341797,2.382699966430664,21.100000381469727,4357.0400390625,94.04000091552734,1757.0,1.4789999723434448,0.02800000086426735,36.900001525878906,yfinance
2021-10-04,81.26000213623047,77.62000274658203,2.4365999698638916,22.959999084472656,4300.4599609375,93.80999755859375,1766.199951171875,1.4809999465942383,0.02800000086426735,37.77000045776367,yfinance
2021-10-05,82.55999755859375,78.93000030517578,2.4935998916625977,21.299999237060547,4345.72021484375,93.9800033569336,1759.5999755859375,1.5290000438690186,0.03500000014901161,41.25,yfinance
2021-10-06,81.08000183105469,77.43000030517578,2.441999912261963,21.0,4363.5498046875,94.2699966430664,1760.5,1.5240000486373901,0.03999999910593033,41.5099983215332,yfinance
2021-10-07,81.94999694824219,78.30000305175781,2.4595999717712402,19.540000915527344,4399.759765625,94.22000122070312,1757.9000244140625,1.5709999799728394,0.03999999910593033,38.84000015258789,yfinance
2021-10-08,82.38999938964844,79.3499984741211,2.4737000465393066,18.770000457763672,4391.33984375,94.06999969482422,1756.300048828125,1.6050000190734863,0.03999999910593033,39.22999954223633,yfinance
2021-10-11,83.6500015258789,80.5199966430664,2.515000104904175,20.0,4361.18994140625,94.31999969482422,1754.5999755859375,1.6139999628067017,0.03999999910593033,40.959999084472656,yfinance
2021-10-12,83.41999816894531,80.63999938964844,2.509999990463257,19.850000381469727,4350.64990234375,94.5199966430664,1758.300048828125,1.5800000429153442,0.03999999910593033,37.630001068115234,yfinance
2021-10-13,83.18000030517578,80.44000244140625,2.5211000442504883,18.639999389648438,4363.7998046875,94.08000183105469,1793.699951171875,1.5490000247955322,0.04500000178813934,36.88999938964844,yfinance
2021-10-14,84.0,81.30999755859375,2.5613999366760254,16.860000610351562,4438.259765625,93.95999908447266,1796.699951171875,1.5190000534057617,0.03999999910593033,37.279998779296875,yfinance
2021-10-15,84.86000061035156,82.27999877929688,2.573699951171875,16.299999237060547,4471.3701171875,93.94000244140625,1767.199951171875,1.5759999752044678,0.03799999877810478,35.29999923706055,yfinance
2021-10-18,84.33000183105469,82.44000244140625,2.5492000579833984,16.309999465942383,4486.4599609375,93.94999694824219,1764.800048828125,1.5839999914169312,0.0430000014603138,37.290000915527344,yfinance
2021-10-19,85.08000183105469,82.95999908447266,2.560699939727783,15.699999809265137,4519.6298828125,93.79000091552734,1769.699951171875,1.6349999904632568,0.05000000074505806,38.47999954223633,yfinance
2021-10-20,85.81999969482422,83.87000274658203,2.5922999382019043,15.489999771118164,4536.18994140625,93.55999755859375,1784.0999755859375,1.6360000371932983,0.05000000074505806,37.310001373291016,yfinance
2021-10-21,84.61000061035156,82.5,2.549099922180176,15.010000228881836,4549.77978515625,93.7699966430664,1781.199951171875,1.6759999990463257,0.05000000074505806,34.56999969482422,yfinance
2021-10-22,85.52999877929688,83.76000213623047,2.5388998985290527,15.430000305175781,4544.89990234375,93.61000061035156,1795.5,1.6549999713897705,0.05000000074505806,32.20000076293945,yfinance
2021-10-25,85.98999786376953,83.76000213623047,2.56469988822937,15.239999771118164,4566.47998046875,93.80999755859375,1806.0,1.6349999904632568,0.05000000074505806,30.610000610351562,yfinance
2021-10-26,86.4000015258789,84.6500015258789,2.5773000717163086,15.979999542236328,4574.7900390625,93.94999694824219,1792.699951171875,1.61899995803833,0.05000000074505806,27.760000228881836,yfinance
2021-10-27,84.58000183105469,82.66000366210938,2.5148000717163086,16.979999542236328,4551.68017578125,93.86000061035156,1797.9000244140625,1.5290000438690186,0.05000000074505806,29.479999542236328,yfinance
2021-10-28,84.31999969482422,82.80999755859375,2.5164999961853027,16.530000686645508,4596.419921875,93.3499984741211,1801.5999755859375,1.5679999589920044,0.04800000041723251,30.3700008392334,yfinance
2021-10-29,84.37999725341797,83.56999969482422,2.4964001178741455,16.260000228881836,4605.3798828125,94.12000274658203,1783.0,1.5570000410079956,0.04800000041723251,30.040000915527344,yfinance
2021-11-01,84.70999908447266,84.05000305175781,2.5030999183654785,16.40999984741211,4613.669921875,93.87999725341797,1795.0999755859375,1.5750000476837158,0.03999999910593033,26.399999618530273,yfinance
2021-11-02,84.72000122070312,83.91000366210938,2.50819993019104,16.030000686645508,4630.64990234375,94.08999633789062,1788.699951171875,1.5490000247955322,0.04500000178813934,22.8799991607666,yfinance
2021-11-03,81.98999786376953,80.86000061035156,2.434499979019165,15.100000381469727,4660.56982421875,93.86000061035156,1763.5999755859375,1.5789999961853027,0.04500000178813934,20.81999969482422,yfinance
2021-11-04,80.54000091552734,78.80999755859375,2.406599998474121,15.4399995803833,4680.06005859375,94.3499984741211,1793.0,1.5240000486373901,0.03500000014901161,23.06999969482422,yfinance
2021-11-05,82.73999786376953,81.2699966430664,2.4556000232696533,16.479999542236328,4697.52978515625,94.31999969482422,1816.4000244140625,1.4529999494552612,0.03999999910593033,23.049999237060547,yfinance
2021-11-08,83.43000030517578,81.93000030517578,2.467099905014038,17.219999313354492,4701.7001953125,94.05000305175781,1827.4000244140625,1.496999979019165,0.03500000014901161,25.15999984741211,yfinance
2021-11-09,84.77999877929688,84.1500015258789,2.5081000328063965,17.780000686645508,4685.25,93.95999908447266,1830.199951171875,1.4320000410079956,0.03999999910593033,24.219999313354492,yfinance
2021-11-10,82.63999938964844,81.33999633789062,2.4521000385284424,18.729999542236328,4646.7099609375,94.8499984741211,1847.5999755859375,1.559999942779541,0.04500000178813934,22.700000762939453,yfinance
2021-11-11,82.87000274658203,81.58999633789062,2.4470999240875244,17.65999984741211,4649.27001953125,95.18000030517578,1863.199951171875,1.559999942779541,0.03999999910593033,21.940000534057617,yfinance
2021-11-12,82.16999816894531,80.79000091552734,2.403700113296509,16.290000915527344,4682.85009765625,95.12999725341797,1867.9000244140625,1.5820000171661377,0.0430000014603138,22.6299991607666,yfinance
2021-11-15,82.05000305175781,80.87999725341797,2.398099899291992,16.489999771118164,4682.7998046875,95.41000366210938,1866.0999755859375,1.6230000257492065,0.03799999877810478,21.670000076293945,yfinance
2021-11-16,82.43000030517578,80.76000213623047,2.4309000968933105,16.3700008392334,4700.89990234375,95.91999816894531,1853.5999755859375,1.6339999437332153,0.03999999910593033,19.649999618530273,yfinance
2021-11-17,80.27999877929688,78.36000061035156,2.3643999099731445,17.110000610351562,4688.669921875,95.83000183105469,1869.699951171875,1.6039999723434448,0.04500000178813934,20.450000762939453,yfinance
2021-11-18,81.23999786376953,79.01000213623047,2.384000062942505,17.59000015258789,4704.5400390625,95.54000091552734,1861.0,1.5889999866485596,0.04500000178813934,22.229999542236328,yfinance
2021-11-19,78.88999938964844,76.0999984741211,2.2934000492095947,17.90999984741211,4697.9599609375,96.06999969482422,1851.199951171875,1.5360000133514404,0.04500000178813934,24.790000915527344,yfinance
2021-11-22,79.69999694824219,76.75,2.3254001140594482,19.170000076293945,4682.93994140625,96.5,1806.0,1.625,0.03999999910593033,24.889999389648438,yfinance
2021-11-23,82.30999755859375,78.5,2.3842999935150146,19.3799991607666,4690.7001953125,96.48999786376953,1783.5,1.6670000553131104,0.04500000178813934,23.389999389648438,yfinance
2021-11-24,82.25,78.38999938964844,2.382999897003174,18.579999923706055,4701.4599609375,96.83999633789062,1784.0999755859375,1.6449999809265137,0.05000000074505806,25.200000762939453,yfinance
2021-11-26,72.72000122070312,68.1500015258789,2.0945000648498535,28.6200008392334,4594.6201171875,96.08999633789062,1785.300048828125,1.4819999933242798,0.0430000014603138,24.729999542236328,yfinance
2021-11-29,73.44000244140625,69.94999694824219,2.152100086212158,22.959999084472656,4655.27001953125,96.33999633789062,1782.300048828125,1.5299999713897705,0.03799999877810478,26.959999084472656,yfinance
2021-11-30,70.56999969482422,66.18000030517578,2.063800096511841,27.190000534057617,4567.0,95.98999786376953,1773.5999755859375,1.4429999589920044,0.04800000041723251,26.649999618530273,yfinance
2021-12-01,68.87000274658203,65.56999969482422,2.0771000385284424,31.1200008392334,4513.0400390625,96.05000305175781,1781.5999755859375,1.434000015258789,0.05000000074505806,27.790000915527344,yfinance
2021-12-02,69.66999816894531,66.5,2.1033999919891357,27.950000762939453,4577.10009765625,96.12999725341797,1760.699951171875,1.4479999542236328,0.0430000014603138,28.719999313354492,yfinance
2021-12-03,69.87999725341797,66.26000213623047,2.098400115966797,30.670000076293945,4538.43017578125,96.12000274658203,1782.0,1.343000054359436,0.0430000014603138,29.59000015258789,yfinance
2021-12-06,73.08000183105469,69.48999786376953,2.1712000370025635,27.18000030517578,4591.669921875,96.29000091552734,1777.5,1.434000015258789,0.0430000014603138,29.600000381469727,yfinance
2021-12-07,75.44000244140625,72.05000305175781,2.224600076675415,21.889999389648438,4686.75,96.37000274658203,1782.5999755859375,1.4800000190734863,0.057999998331069946,30.440000534057617,yfinance
2021-12-08,75.81999969482422,72.36000061035156,2.2613000869750977,19.899999618530273,4701.2099609375,95.88999938964844,1783.4000244140625,1.5089999437332153,0.05999999865889549,28.459999084472656,yfinance
2021-12-09,74.41999816894531,70.94000244140625,2.2502999305725098,21.579999923706055,4667.4501953125,96.2699966430664,1774.5999755859375,1.4869999885559082,0.05299999937415123,27.170000076293945,yfinance
2021-12-10,75.1500015258789,71.66999816894531,2.2516000270843506,18.690000534057617,4712.02001953125,96.05000305175781,1782.9000244140625,1.4889999628067017,0.05000000074505806,28.139999389648438,yfinance
2021-12-13,74.38999938964844,71.29000091552734,2.232800006866455,20.309999465942383,4668.97021484375,96.31999969482422,1786.300048828125,1.4240000247955322,0.0430000014603138,27.829999923706055,yfinance
2021-12-14,73.69999694824219,70.7300033569336,2.218400001525879,21.889999389648438,4634.08984375,96.56999969482422,1770.4000244140625,1.437999963760376,0.04800000041723251,23.610000610351562,yfinance
2021-12-15,73.87999725341797,70.87000274658203,2.220400094985962,19.290000915527344,4709.85009765625,96.51000213623047,1762.5999755859375,1.4630000591278076,0.04500000178813934,24.790000915527344,yfinance
2021-12-16,75.0199966430664,72.37999725341797,2.2662999629974365,20.56999969482422,4668.669921875,96.04000091552734,1796.5999755859375,1.4220000505447388,0.03500000014901161,24.280000686645508,yfinance
2021-12-17,73.5199966430664,70.86000061035156,2.219899892807007,21.56999969482422,4620.64013671875,96.56999969482422,1803.800048828125,1.4019999504089355,0.029999999329447746,23.950000762939453,yfinance
2021-12-20,71.5199966430664,68.2300033569336,2.1730000972747803,22.8700008392334,4568.02001953125,96.55000305175781,1793.699951171875,1.4190000295639038,0.03799999877810478,25.719999313354492,yfinance
2021-12-21,73.9800033569336,71.12000274658203,2.2578001022338867,21.010000228881836,4649.22998046875,96.48999786376953,1787.9000244140625,1.4869999885559082,0.06499999761581421,25.040000915527344,yfinance
2021-12-22,75.29000091552734,72.76000213623047,2.307800054550171,18.6299991607666,4696.56005859375,96.08000183105469,1801.5999755859375,1.4570000171661377,0.06499999761581421,26.270000457763672,yfinance
2021-12-23,76.8499984741211,73.79000091552734,2.331399917602539,17.959999084472656,4725.7900390625,96.0199966430664,1811.199951171875,1.4930000305175781,0.057999998331069946,26.770000457763672,yfinance
2021-12-27,78.5999984741211,75.56999969482422,2.3534998893737793,17.68000030517578,4791.18994140625,96.08999633789062,1808.0999755859375,1.4809999465942383,0.0430000014603138,26.700000762939453,yfinance
2021-12-28,78.94000244140625,75.9800033569336,2.3714001178741455,17.540000915527344,4786.35009765625,96.19999694824219,1810.199951171875,1.4809999465942383,0.05000000074505806,26.489999771118164,yfinance
2021-12-29,79.2300033569336,76.55999755859375,2.3777999877929688,16.950000762939453,4793.06005859375,95.93000030517578,1805.0999755859375,1.5429999828338623,0.04500000178813934,28.25,yfinance
2021-12-30,79.31999969482422,76.98999786376953,2.395900011062622,17.329999923706055,4778.72998046875,95.97000122070312,1812.699951171875,1.5149999856948853,0.02500000037252903,29.600000381469727,yfinance
2021-12-31,77.77999877929688,75.20999908447266,2.3301000595092773,17.219999313354492,4766.18017578125,95.66999816894531,1827.5,1.5119999647140503,0.032999999821186066,29.489999771118164,yfinance
2022-01-03,78.9800033569336,76.08000183105469,2.3573999404907227,16.600000381469727,4796.56005859375,96.23999786376953,1799.4000244140625,1.628000020980835,0.05299999937415123,29.219999313354492,yfinance
2022-01-04,80.0,76.98999786376953,2.4094998836517334,16.90999984741211,4793.5400390625,96.29000091552734,1814.0,1.6679999828338623,0.07999999821186066,26.84000015258789,yfinance
2022-01-05,80.80000305175781,77.8499984741211,2.4460999965667725,19.729999542236328,4700.580078125,96.19000244140625,1824.5999755859375,1.7050000429153442,0.08500000089406967,26.219999313354492,yfinance
2022-01-06,81.98999786376953,79.45999908447266,2.4776999950408936,19.610000610351562,4696.0498046875,96.25,1788.699951171875,1.7330000400543213,0.09000000357627869,26.479999542236328,yfinance
2022-01-07,81.75,78.9000015258789,2.481800079345703,18.760000228881836,4677.02978515625,95.73999786376953,1797.0,1.7710000276565552,0.08799999952316284,26.860000610351562,yfinance
2022-01-10,80.87000274658203,78.2300033569336,2.487600088119507,19.399999618530273,4670.2900390625,95.98999786376953,1798.4000244140625,1.7799999713897705,0.09000000357627869,24.079999923706055,yfinance
2022-01-11,83.72000122070312,81.22000122070312,2.5636000633239746,18.40999984741211,4713.06982421875,95.62000274658203,1818.5999755859375,1.746000051498413,0.11800000071525574,24.700000762939453,yfinance
2022-01-12,84.66999816894531,82.63999938964844,2.5941998958587646,17.6200008392334,4726.35009765625,95.0,1827.199951171875,1.725000023841858,0.11500000208616257,23.5,yfinance
2022-01-13,84.47000122070312,82.12000274658203,2.6085000038146973,20.309999465942383,4659.02978515625,94.79000091552734,1821.199951171875,1.7109999656677246,0.10999999940395355,22.360000610351562,yfinance
2022-01-14,86.05999755859375,83.81999969482422,2.6342999935150146,19.190000534057617,4662.85009765625,95.16999816894531,1816.5,1.7719999551773071,0.11800000071525574,23.190000534057617,yfinance
2022-01-18,87.51000213623047,85.43000030517578,2.6740000247955322,22.790000915527344,4577.10986328125,95.7300033569336,1812.300048828125,1.8650000095367432,0.12999999523162842,21.0,yfinance
2022-01-19,88.44000244140625,86.95999908447266,2.6923000812530518,23.850000381469727,4532.759765625,95.51000213623047,1843.0999755859375,1.8270000219345093,0.16500000655651093,19.90999984741211,yfinance
2022-01-20,88.37999725341797,86.9000015258789,2.671799898147583,25.59000015258789,4482.72998046875,95.73999786376953,1842.5,1.8329999446868896,0.1679999977350235,21.530000686645508,yfinance
2022-01-21,87.88999938964844,85.13999938964844,2.691200017929077,28.850000381469727,4397.93994140625,95.63999938964844,1831.800048828125,1.746999979019165,0.15800000727176666,20.110000610351562,yfinance
2022-01-24,86.2699966430664,83.30999755859375,2.6273999214172363,29.899999618530273,4410.1298828125,95.91999816894531,1841.699951171875,1.7350000143051147,0.1550000011920929,21.079999923706055,yfinance
2022-01-25,88.19999694824219,85.5999984741211,2.669100046157837,31.15999984741211,4356.4501953125,95.94999694824219,1852.699951171875,1.7829999923706055,0.1850000023841858,19.940000534057617,yfinance
2022-01-26,89.95999908447266,87.3499984741211,2.74399995803833,31.959999084472656,4349.93017578125,96.48999786376953,1829.9000244140625,1.8480000495910645,0.17800000309944153,19.639999389648438,yfinance
2022-01-27,89.33999633789062,86.61000061035156,2.7945001125335693,30.489999771118164,4326.509765625,97.26000213623047,1793.300048828125,1.8070000410079956,0.1850000023841858,20.5,yfinance
2022-01-28,90.02999877929688,86.81999969482422,2.7855000495910645,27.65999984741211,4431.85009765625,97.2699966430664,1784.9000244140625,1.781999945640564,0.17299999296665192,22.010000228881836,yfinance
2022-01-31,91.20999908447266,88.1500015258789,2.759200096130371,24.829999923706055,4515.5498046875,96.54000091552734,1795.0,1.781999945640564,0.17299999296665192,21.940000534057617,yfinance
2022-02-01,89.16000366210938,88.19999694824219,2.7411999702453613,21.959999084472656,4546.5400390625,96.38999938964844,1800.300048828125,1.7999999523162842,0.2029999941587448,21.5,yfinance
2022-02-02,89.47000122070312,88.26000213623047,2.768899917602539,22.09000015258789,4589.3798828125,95.94000244140625,1809.199951171875,1.7660000324249268,0.1850000023841858,22.290000915527344,yfinance
2022-02-03,91.11000061035156,90.2699966430664,2.8394999504089355,24.350000381469727,4477.43994140625,95.37999725341797,1803.0,1.8270000219345093,0.19300000369548798,21.829999923706055,yfinance
2022-02-04,93.2699966430664,92.30999755859375,2.8750998973846436,23.219999313354492,4500.52978515625,95.4800033569336,1806.5999755859375,1.9299999475479126,0.22300000488758087,21.700000762939453,yfinance
2022-02-07,92.69000244140625,91.31999969482422,2.8554000854492188,22.860000610351562,4483.8701171875,95.4000015258789,1820.5999755859375,1.9160000085830688,0.2029999941587448,21.780000686645508,yfinance
2022-02-08,90.77999877929688,89.36000061035156,2.79259991645813,21.440000534057617,4521.5400390625,95.63999938964844,1826.5999755859375,1.9539999961853027,0.2750000059604645,22.780000686645508,yfinance
2022-02-09,91.55000305175781,89.66000366210938,2.824899911880493,19.959999084472656,4587.18017578125,95.48999786376953,1835.199951171875,1.9290000200271606,0.27000001072883606,24.850000381469727,yfinance
2022-02-10,91.41000366210938,89.87999725341797,2.827199935913086,23.90999984741211,4504.080078125,95.55000305175781,1836.199951171875,2.0309998989105225,0.3700000047683716,25.43000030517578,yfinance
2022-02-11,94.44000244140625,93.0999984741211,2.910900115966797,27.360000610351562,4418.64013671875,96.08000183105469,1840.800048828125,1.9550000429153442,0.33799999952316284,24.729999542236328,yfinance
2022-02-14,96.4800033569336,95.45999908447266,2.9618000984191895,28.329999923706055,4401.669921875,96.37000274658203,1868.0,1.996000051498413,0.36000001430511475,22.780000686645508,yfinance
2022-02-15,93.27999877929688,92.06999969482422,2.859499931335449,25.700000762939453,4471.06982421875,95.98999786376953,1854.800048828125,2.0450000762939453,0.4000000059604645,22.65999984741211,yfinance
2022-02-16,94.80999755859375,93.66000366210938,2.8575000762939453,24.290000915527344,4475.009765625,95.69999694824219,1870.199951171875,2.046999931335449,0.37299999594688416,22.170000076293945,yfinance
2022-02-17,92.97000122070312,91.76000213623047,2.7862000465393066,28.110000610351562,4380.259765625,95.80000305175781,1900.699951171875,1.972000002861023,0.3449999988079071,23.530000686645508,yfinance
2022-02-18,93.54000091552734,91.06999969482422,2.7815001010894775,27.75,4348.8701171875,96.04000091552734,1898.5999755859375,1.9320000410079956,0.3179999887943268,23.56999969482422,yfinance
2022-02-22,96.83999633789062,92.3499984741211,2.8187999725341797,28.809999465942383,4304.759765625,96.02999877929688,1906.0999755859375,1.9479999542236328,0.33000001311302185,23.860000610351562,yfinance
2022-02-23,96.83999633789062,92.0999984741211,2.829200029373169,31.020000457763672,4225.5,96.19000244140625,1909.199951171875,1.9769999980926514,0.3400000035762787,24.940000534057617,yfinance
2022-02-24,99.08000183105469,92.80999755859375,2.896899938583374,30.31999969482422,4288.7001953125,97.13999938964844,1925.0999755859375,1.968999981880188,0.28299999237060547,22.6200008392334,yfinance
2022-02-25,97.93000030517578,91.58999633789062,2.8494999408721924,27.59000015258789,4384.64990234375,96.62000274658203,1886.5,1.9859999418258667,0.2980000078678131,22.610000610351562,yfinance
2022-02-28,100.98999786376953,95.72000122070312,3.013400077819824,30.149999618530273,4373.93994140625,96.70999908447266,1899.4000244140625,1.8389999866485596,0.2879999876022339,21.43000030517578,yfinance
2022-03-01,104.97000122070312,103.41000366210938,3.151099920272827,33.31999969482422,4306.259765625,97.41000366210938,1942.4000244140625,1.7070000171661377,0.31299999356269836,23.8799991607666,yfinance
2022-03-02,112.93000030517578,110.5999984741211,3.4946999549865723,30.739999771118164,4386.5400390625,97.38999938964844,1920.9000244140625,1.8650000095367432,0.32499998807907104,23.670000076293945,yfinance
2022-03-03,110.45999908447266,107.66999816894531,3.5034000873565674,30.479999542236328,4363.490234375,97.79000091552734,1934.4000244140625,1.843999981880188,0.33500000834465027,23.579999923706055,yfinance
2022-03-04,118.11000061035156,115.68000030517578,3.7762999534606934,31.979999542236328,4328.8701171875,98.6500015258789,1965.0999755859375,1.7239999771118164,0.3050000071525574,24.899999618530273,yfinance
2022-03-07,123.20999908447266,119.4000015258789,3.9214999675750732,36.45000076293945,4201.08984375,99.29000091552734,1993.9000244140625,1.7510000467300415,0.3050000071525574,26.280000686645508,yfinance
2022-03-08,127.9800033569336,123.69999694824219,4.437300205230713,35.130001068115234,4170.7001953125,99.05999755859375,2040.0999755859375,1.871999979019165,0.36000001430511475,26.829999923706055,yfinance
2022-03-09,111.13999938964844,108.69999694824219,3.4642999172210693,32.45000076293945,4277.8798828125,97.97000122070312,1985.9000244140625,1.9479999542236328,0.3700000047683716,27.84000015258789,yfinance
2022-03-10,109.33000183105469,106.0199966430664,3.2962000370025635,30.229999542236328,4259.52001953125,98.51000213623047,1998.0999755859375,2.010999917984009,0.36000001430511475,27.56999969482422,yfinance
2022-03-11,112.66999816894531,109.33000183105469,3.41759991645813,30.75,4204.31005859375,99.12000274658203,1982.699951171875,2.003999948501587,0.36500000953674316,27.049999237060547,yfinance
2022-03-14,106.9000015258789,103.01000213623047,3.2762999534606934,31.770000457763672,4173.10986328125,99.05999755859375,1959.5999755859375,2.140000104904175,0.3779999911785126,24.700000762939453,yfinance
2022-03-15,99.91000366210938,96.44000244140625,3.0297000408172607,29.829999923706055,4262.4501953125,99.06999969482422,1928.5,2.1600000858306885,0.4480000138282776,23.729999542236328,yfinance
2022-03-16,98.0199966430664,95.04000091552734,3.100100040435791,26.670000076293945,4357.85986328125,98.37999725341797,1908.0,2.187999963760376,0.43299999833106995,25.540000915527344,yfinance
2022-03-17,106.63999938964844,102.9800033569336,3.4874000549316406,25.670000076293945,4411.669921875,98.01000213623047,1942.0999755859375,2.191999912261963,0.36000001430511475,26.040000915527344,yfinance
2022-03-18,107.93000030517578,104.69999694824219,3.598099946975708,23.8700008392334,4463.1201171875,98.2300033569336,1928.199951171875,2.1480000019073486,0.382999986410141,26.350000381469727,yfinance
2022-03-21,115.62000274658203,112.12000274658203,3.8008999824523926,23.530000686645508,4461.18017578125,98.5,1928.5999755859375,2.315000057220459,0.45500001311302185,25.760000228881836,yfinance
2022-03-22,115.4800033569336,111.76000213623047,3.8642001152038574,22.940000534057617,4511.60986328125,98.48999786376953,1920.699951171875,2.372999906539917,0.5199999809265137,25.049999237060547,yfinance
2022-03-23,121.5999984741211,114.93000030517578,4.114799976348877,23.56999969482422,4456.240234375,98.62000274658203,1936.5999755859375,2.321000099182129,0.47999998927116394,25.950000762939453,yfinance
2022-03-24,119.02999877929688,112.33999633789062,4.15339994430542,21.670000076293945,4520.16015625,98.79000091552734,1961.5999755859375,2.3410000801086426,0.4830000102519989,24.8799991607666,yfinance
2022-03-25,120.6500015258789,113.9000015258789,4.11460018157959,20.809999465942383,4543.06005859375,98.80999755859375,1953.800048828125,2.492000102996826,0.5199999809265137,24.389999389648438,yfinance
2022-03-28,112.4800033569336,105.95999908447266,3.783400058746338,19.6299991607666,4575.52001953125,99.08999633789062,1939.5999755859375,2.4769999980926514,0.5080000162124634,23.770000457763672,yfinance
2022-03-29,110.2300033569336,104.23999786376953,3.716099977493286,18.899999618530273,4631.60009765625,98.4000015258789,1912.0,2.4000000953674316,0.5550000071525574,24.260000228881836,yfinance
2022-03-30,113.44999694824219,107.81999969482422,3.808500051498413,19.329999923706055,4602.4501953125,97.79000091552734,1933.5,2.3580000400543213,0.5249999761581421,25.010000228881836,yfinance
2022-03-31,107.91000366210938,100.27999877929688,3.691200017929077,20.559999465942383,4530.41015625,98.30999755859375,1949.199951171875,2.3269999027252197,0.49300000071525574,24.18000030517578,yfinance
2022-04-01,104.38999938964844,99.2699966430664,3.4240000247955322,19.6299991607666,4545.85986328125,98.62999725341797,1919.0999755859375,2.377000093460083,0.5,23.959999084472656,yfinance
2022-04-04,107.52999877929688,103.27999877929688,3.546099901199341,18.56999969482422,4582.64013671875,98.98999786376953,1929.199951171875,2.4119999408721924,0.5379999876022339,22.399999618530273,yfinance
2022-04-05,106.63999938964844,101.95999908447266,3.4681999683380127,21.030000686645508,4525.1201171875,99.47000122070312,1922.9000244140625,2.555999994277954,0.6679999828338623,21.770000457763672,yfinance
2022-04-06,101.06999969482422,96.2300033569336,3.3452000617980957,22.100000381469727,4481.14990234375,99.5999984741211,1918.4000244140625,2.6089999675750732,0.6629999876022339,20.6200008392334,yfinance
2022-04-07,100.58000183105469,96.02999877929688,3.2678000926971436,21.549999237060547,4500.2099609375,99.75,1933.800048828125,2.6519999504089355,0.6600000262260437,21.65999984741211,yfinance
2022-04-08,102.77999877929688,98.26000213623047,3.3176000118255615,21.15999984741211,4488.27978515625,99.80000305175781,1941.5999755859375,2.7130000591278076,0.6679999828338623,22.450000762939453,yfinance
2022-04-11,98.4800033569336,94.29000091552734,3.267699956893921,24.3700008392334,4412.52978515625,99.93000030517578,1944.300048828125,2.7799999713897705,0.6800000071525574,21.0,yfinance
2022-04-12,104.63999938964844,100.5999984741211,3.464400053024292,24.260000228881836,4397.4501953125,100.29000091552734,1972.0999755859375,2.7249999046325684,0.7379999756813049,21.280000686645508,yfinance
2022-04-13,108.77999877929688,104.25,3.718400001525879,21.81999969482422,4446.58984375,99.87999725341797,1981.0,2.687000036239624,0.7400000095367432,21.239999771118164,yfinance
2022-04-14,111.69999694824219,106.94999694824219,3.85479998588562,22.700000762939453,4392.58984375,100.31999969482422,1970.9000244140625,2.828000068664551,0.7480000257492065,22.15999984741211,yfinance
2022-04-18,113.16000366210938,108.20999908447266,3.8907999992370605,22.170000076293945,4391.68994140625,100.77999877929688,1982.9000244140625,2.861999988555908,0.7549999952316284,22.219999313354492,yfinance
2022-04-19,107.25,102.55999755859375,3.8619000911712646,21.3700008392334,4462.2099609375,100.95999908447266,1955.699951171875,2.9130001068115234,0.8330000042915344,21.229999542236328,yfinance
2022-04-20,106.80000305175781,102.75,3.973099946975708,20.31999969482422,4459.4501953125,100.38999938964844,1952.300048828125,2.8399999141693115,0.7950000166893005,20.290000915527344,yfinance
2022-04-21,108.33000183105469,103.79000091552734,3.9007999897003174,22.68000030517578,4393.66015625,100.58000183105469,1944.9000244140625,2.9170000553131104,0.800000011920929,21.739999771118164,yfinance
2022-04-22,106.6500015258789,102.06999969482422,3.9386000633239746,28.209999084472656,4271.77978515625,101.22000122070312,1931.0,2.9059998989105225,0.7799999713897705,22.309999465942383,yfinance
2022-04-25,102.31999969482422,98.54000091552734,4.09089994430542,27.020000457763672,4296.1201171875,101.75,1893.199951171875,2.8259999752044678,0.7979999780654907,20.920000076293945,yfinance
2022-04-26,104.98999786376953,101.69999694824219,4.467899799346924,33.52000045776367,4175.2001953125,102.30000305175781,1901.4000244140625,2.7720000743865967,0.8330000042915344,20.739999771118164,yfinance
2022-04-27,105.31999969482422,102.0199966430664,4.674300193786621,31.600000381469727,4183.9599609375,102.94999694824219,1885.9000244140625,2.818000078201294,0.8080000281333923,21.549999237060547,yfinance
2022-04-28,107.58999633789062,105.36000061035156,5.13539981842041,29.989999771118164,4287.5,103.62000274658203,1888.699951171875,2.86299991607666,0.7850000262260437,21.010000228881836,yfinance
2022-04-29,109.33999633789062,104.69000244140625,4.781700134277344,33.400001525878906,4131.93017578125,102.95999908447266,1909.300048828125,2.88700008392334,0.8080000281333923,21.479999542236328,yfinance
2022-05-02,107.58000183105469,105.16999816894531,4.204899787902832,32.34000015258789,4155.3798828125,103.73999786376953,1861.800048828125,2.996000051498413,0.7649999856948853,21.489999771118164,yfinance
2022-05-03,104.97000122070312,102.41000366210938,4.082699775695801,29.25,4175.47998046875,103.47000122070312,1868.800048828125,2.9600000381469727,0.8949999809265137,22.1200008392334,yfinance
2022-05-04,110.13999938964844,107.80999755859375,4.197000026702881,25.420000076293945,4300.169921875,102.58999633789062,1867.0,2.9170000553131104,0.8330000042915344,23.290000915527344,yfinance
2022-05-05,110.9000015258789,108.26000213623047,4.041299819946289,31.200000762939453,4146.8701171875,103.75,1874.0,3.065999984741211,0.8029999732971191,23.690000534057617,yfinance
2022-05-06,112.38999938964844,109.7699966430664,3.9542999267578125,30.190000534057617,4123.33984375,103.66000366210938,1881.199951171875,3.122999906539917,0.8149999976158142,23.75,yfinance
2022-05-09,105.94000244140625,103.08999633789062,3.83489990234375,34.75,3991.239990234375,103.6500015258789,1857.0999755859375,3.0789999961853027,0.800000011920929,23.8799991607666,yfinance
2022-05-10,102.45999908447266,99.76000213623047,3.9321999549865723,32.9900016784668,4001.050048828125,103.91999816894531,1839.9000244140625,2.993000030517578,0.878000020980835,23.389999389648438,yfinance
2022-05-11,107.51000213623047,105.70999908447266,3.951200008392334,32.560001373291016,3935.179931640625,103.8499984741211,1852.5999755859375,2.9210000038146973,0.8830000162124634,23.899999618530273,yfinance
2022-05-12,107.44999694824219,106.12999725341797,3.916100025177002,31.770000457763672,3930.080078125,104.8499984741211,1823.800048828125,2.816999912261963,0.9049999713897705,23.190000534057617,yfinance
2022-05-13,111.55000305175781,110.48999786376953,3.9212000370025635,28.8700008392334,4023.889892578125,104.55999755859375,1807.4000244140625,2.934999942779541,0.9430000185966492,23.1200008392334,yfinance
2022-05-16,114.23999786376953,114.19999694824219,3.9075000286102295,27.469999313354492,4008.010009765625,104.19000244140625,1813.5,2.877000093460083,0.9800000190734863,23.34000015258789,yfinance
2022-05-17,111.93000030517578,112.4000015258789,3.799299955368042,26.100000381469727,4088.85009765625,103.36000061035156,1818.199951171875,2.9679999351501465,1.0379999876022339,24.6299991607666,yfinance
2022-05-18,109.11000061035156,109.58999633789062,3.668100118637085,30.959999084472656,3923.679931640625,103.80999755859375,1815.9000244140625,2.885999917984009,1.003000020980835,25.780000686645508,yfinance
2022-05-19,112.04000091552734,112.20999908447266,3.7920000553131104,29.350000381469727,3900.7900390625,102.72000122070312,1841.199951171875,2.8550000190734863,1.0,24.969999313354492,yfinance
2022-05-20,112.55000305175781,113.2300033569336,3.7390999794006348,29.43000030517578,3901.360107421875,103.1500015258789,1841.800048828125,2.7869999408721924,0.9779999852180481,25.420000076293945,yfinance
2022-05-23,113.41999816894531,110.29000091552734,3.7688000202178955,28.479999542236328,3973.75,102.08000183105469,1847.800048828125,2.8589999675750732,0.9929999709129333,24.600000381469727,yfinance
2022-05-24,113.55999755859375,109.7699966430664,3.7818000316619873,29.450000762939453,3941.47998046875,101.86000061035156,1865.0999755859375,2.759999990463257,1.0429999828338623,23.389999389648438,yfinance
2022-05-25,114.02999877929688,110.33000183105469,3.8664000034332275,28.3700008392334,3978.72998046875,102.05999755859375,1846.199951171875,2.749000072479248,1.0449999570846558,22.969999313354492,yfinance
2022-05-26,117.4000015258789,114.08999633789062,3.9679999351501465,27.5,4057.840087890625,101.83000183105469,1847.4000244140625,2.75600004196167,1.027999997138977,22.549999237060547,yfinance
2022-05-27,119.43000030517578,115.06999969482422,4.002900123596191,25.719999313354492,4158.240234375,101.66999816894531,1851.300048828125,2.743000030517578,1.024999976158142,21.479999542236328,yfinance
2022-05-31,122.83999633789062,114.66999816894531,4.09089994430542,26.190000534057617,4132.14990234375,101.75,1842.699951171875,2.8440001010894775,1.0299999713897705,22.190000534057617,yfinance
2022-06-01,116.29000091552734,115.26000213623047,4.1433000564575195,25.690000534057617,4101.22998046875,102.55000305175781,1843.300048828125,2.930999994277954,1.1030000448226929,21.889999389648438,yfinance
2022-06-02,117.61000061035156,116.87000274658203,4.208399772644043,24.719999313354492,4176.81982421875,101.7699966430664,1866.5,2.9130001068115234,1.1130000352859497,22.0,yfinance
2022-06-03,119.72000122070312,118.87000274658203,4.280300140380859,24.790000915527344,4108.5400390625,102.13999938964844,1845.4000244140625,2.9570000171661377,1.1349999904632568,22.010000228881836,yfinance
2022-06-06,119.51000213623047,118.5,4.360099792480469,25.06999969482422,4121.43017578125,102.44000244140625,1839.199951171875,3.0380001068115234,1.159999966621399,21.459999084472656,yfinance
2022-06-07,120.56999969482422,119.41000366210938,4.3206000328063965,24.020000457763672,4160.68017578125,102.31999969482422,1847.5,2.9719998836517334,1.225000023841858,20.350000381469727,yfinance
2022-06-08,123.58000183105469,122.11000061035156,4.314300060272217,23.959999084472656,4115.77001953125,102.54000091552734,1851.9000244140625,3.0290000438690186,1.2330000400543213,19.239999771118164,yfinance
2022-06-09,123.06999969482422,121.51000213623047,4.40369987487793,26.09000015258789,4017.820068359375,103.22000122070312,1848.800048828125,3.0439999103546143,1.2380000352859497,19.360000610351562,yfinance
2022-06-10,122.01000213623047,120.66999816894531,4.366700172424316,27.75,3900.860107421875,104.1500015258789,1871.5,3.1559998989105225,1.2879999876022339,19.850000381469727,yfinance
2022-06-13,122.2699966430664,120.93000030517578,4.283400058746338,34.02000045776367,3749.6298828125,105.08000183105469,1828.0,3.365999937057495,1.4980000257492065,19.139999389648438,yfinance
2022-06-14,121.16999816894531,118.93000030517578,4.394000053405762,32.689998626708984,3735.47998046875,105.5199966430664,1809.5,3.4830000400543213,1.7430000305175781,19.8799991607666,yfinance
2022-06-15,118.51000213623047,115.30999755859375,4.546999931335449,29.6200008392334,3789.989990234375,105.16000366210938,1815.300048828125,3.3949999809265137,1.6950000524520874,19.549999237060547,yfinance
2022-06-16,119.80999755859375,117.58999633789062,4.571300029754639,32.95000076293945,3666.77001953125,103.62999725341797,1845.699951171875,3.306999921798706,1.4830000400543213,19.690000534057617,yfinance
2022-06-17,113.12000274658203,109.55999755859375,4.339799880981445,31.1299991607666,3674.840087890625,104.69999694824219,1835.5999755859375,3.239000082015991,1.5099999904632568,20.15999984741211,yfinance
2022-06-21,114.6500015258789,110.6500015258789,4.358399868011475,30.190000534057617,3764.7900390625,104.44000244140625,1834.5999755859375,3.306999921798706,1.4880000352859497,18.290000915527344,yfinance
2022-06-22,111.73999786376953,106.19000244140625,4.404600143432617,28.950000762939453,3759.889892578125,104.19999694824219,1834.300048828125,3.1559998989105225,1.5449999570846558,16.790000915527344,yfinance
2022-06-23,110.05000305175781,104.2699966430664,4.337900161743164,29.049999237060547,3795.72998046875,104.43000030517578,1825.699951171875,3.068000078201294,1.559999942779541,17.579999923706055,yfinance
2022-06-24,113.12000274658203,107.62000274658203,4.3628997802734375,27.229999542236328,3911.739990234375,104.19000244140625,1826.5,3.125,1.5980000495910645,16.899999618530273,yfinance
2022-06-27,115.08999633789062,109.56999969482422,4.230199813842773,26.950000762939453,3900.110107421875,103.94000244140625,1820.9000244140625,3.194000005722046,1.6330000162124634,16.3700008392334,yfinance
2022-06-28,117.9800033569336,111.76000213623047,4.199399948120117,28.360000610351562,3821.550048828125,104.51000213623047,1817.5,3.2060000896453857,1.7380000352859497,16.030000686645508,yfinance
2022-06-29,116.26000213623047,109.77999877929688,4.0366997718811035,28.15999984741211,3818.830078125,105.11000061035156,1813.699951171875,3.0929999351501465,1.7050000429153442,16.729999542236328,yfinance
2022-06-30,114.80999755859375,105.76000213623047,3.898200035095215,28.709999084472656,3785.3798828125,104.69000244140625,1804.0999755859375,2.9719998836517334,1.600000023841858,17.170000076293945,yfinance
2022-07-01,111.62999725341797,108.43000030517578,3.9388999938964844,26.700000762939453,3825.330078125,105.13999938964844,1798.9000244140625,2.8889999389648438,1.6030000448226929,17.110000610351562,yfinance
2022-07-05,102.7699966430664,99.5,3.601599931716919,27.540000915527344,3831.389892578125,106.5,1761.800048828125,2.809000015258789,1.6299999952316284,15.899999618530273,yfinance
2022-07-06,100.69000244140625,98.52999877929688,3.410599946975708,26.729999542236328,3845.080078125,107.0999984741211,1734.9000244140625,2.9130001068115234,1.840000033378601,14.949999809265137,yfinance
2022-07-07,104.6500015258789,102.7300033569336,3.6738998889923096,26.079999923706055,3902.6201171875,107.12999725341797,1737.9000244140625,3.007999897003174,1.8530000448226929,15.90999984741211,yfinance
2022-07-08,107.0199966430664,104.79000091552734,3.6728999614715576,24.639999389648438,3899.3798828125,107.01000213623047,1740.5999755859375,3.1010000705718994,1.843000054359436,15.289999961853027,yfinance
2022-07-11,107.0999984741211,104.08999633789062,3.7681000232696533,26.170000076293945,3854.429931640625,108.0199966430664,1730.0,2.990999937057495,1.9529999494552612,15.020000457763672,yfinance
2022-07-12,99.48999786376953,95.83999633789062,3.662600040435791,27.290000915527344,3818.800048828125,108.06999969482422,1723.300048828125,2.9579999446868896,2.11299991607666,13.859999656677246,yfinance
2022-07-13,99.56999969482422,96.30000305175781,3.6658999919891357,26.81999969482422,3801.780029296875,107.95999908447266,1734.199951171875,2.9040000438690186,2.322999954223633,14.479999542236328,yfinance
2022-07-14,99.0999984741211,95.77999877929688,3.649399995803833,26.399999618530273,3790.3798828125,108.54000091552734,1704.5,2.9600000381469727,2.2730000019073486,15.180000305175781,yfinance
2022-07-15,101.16000366210938,97.58999633789062,3.6989998817443848,24.229999542236328,3863.159912109375,108.05999755859375,1702.4000244140625,2.930000066757202,2.240000009536743,15.989999771118164,yfinance
2022-07-18,106.2699966430664,102.5999984741211,3.6554999351501465,25.299999237060547,3830.85009765625,107.37000274658203,1709.199951171875,2.9600000381469727,2.259999990463257,15.279999732971191,yfinance
2022-07-19,107.3499984741211,104.22000122070312,3.626800060272217,24.5,3936.68994140625,106.68000030517578,1710.0,3.0190000534057617,2.450000047683716,14.8100004196167,yfinance
2022-07-20,106.91999816894531,102.26000213623047,3.604300022125244,23.8799991607666,3959.89990234375,107.08000183105469,1699.5,3.0360000133514404,2.378000020980835,14.539999961853027,yfinance
2022-07-21,103.86000061035156,96.3499984741211,3.5903000831604004,23.110000610351562,3998.949951171875,106.91000366210938,1712.699951171875,2.9100000858306885,2.359999895095825,14.649999618530273,yfinance
2022-07-22,103.19999694824219,94.69999694824219,3.4556000232696533,23.030000686645508,3961.6298828125,106.7300033569336,1727.0999755859375,2.7829999923706055,2.3550000190734863,14.600000381469727,yfinance
2022-07-25,105.1500015258789,96.69999694824219,3.5165998935699463,23.360000610351562,3966.840087890625,106.4800033569336,1719.0,2.819999933242798,2.3929998874664307,13.279999732971191,yfinance
2022-07-26,104.4000015258789,94.9800033569336,3.583899974822998,24.690000534057617,3921.050048828125,107.19000244140625,1717.699951171875,2.7869999408721924,2.4749999046325684,13.470000267028809,yfinance
2022-07-27,106.62000274658203,97.26000213623047,3.7172999382019043,23.239999771118164,4023.610107421875,106.44999694824219,1719.0999755859375,2.7339999675750732,2.382999897003174,13.3100004196167,yfinance
2022-07-28,107.13999938964844,96.41999816894531,3.686300039291382,22.329999923706055,4072.429931640625,106.3499984741211,1750.300048828125,2.680999994277954,2.308000087738037,12.789999961853027,yfinance
2022-07-29,110.01000213623047,98.62000274658203,3.6247000694274902,21.329999923706055,4130.2900390625,105.9000015258789,1762.9000244140625,2.6419999599456787,2.2980000972747803,12.420000076293945,yfinance
2022-08-01,100.02999877929688,93.88999938964844,3.440000057220459,22.84000015258789,4118.6298828125,105.44999694824219,1769.0,2.6059999465942383,2.265000104904175,12.649999618530273,yfinance
2022-08-02,100.54000091552734,94.41999816894531,3.3803999423980713,23.93000030517578,4091.18994140625,106.23999786376953,1771.0999755859375,2.740999937057495,2.4630000591278076,11.779999732971191,yfinance
2022-08-03,96.77999877929688,90.66000366210938,3.414799928665161,21.950000762939453,4155.169921875,106.51000213623047,1758.0,2.747999906539917,2.427999973297119,10.829999923706055,yfinance
2022-08-04,94.12000274658203,88.54000091552734,3.3371999263763428,21.440000534057617,4151.93994140625,105.69000244140625,1788.5,2.6760001182556152,2.378000020980835,10.819999694824219,yfinance
2022-08-05,94.91999816894531,89.01000213623047,3.21589994430542,21.149999618530273,4145.18994140625,106.62000274658203,1772.9000244140625,2.8399999141693115,2.4100000858306885,11.100000381469727,yfinance
2022-08-08,96.6500015258789,90.76000213623047,3.1791000366210938,21.290000915527344,4140.06005859375,106.44000244140625,1786.800048828125,2.765000104904175,2.4600000381469727,11.229999542236328,yfinance
2022-08-09,96.30999755859375,90.5,3.3338000774383545,21.770000457763672,4122.47021484375,106.37000274658203,1794.0,2.796999931335449,2.569999933242798,11.5600004196167,yfinance
2022-08-10,97.4000015258789,91.93000030517578,3.4103000164031982,19.739999771118164,4210.240234375,105.19999694824219,1795.5999755859375,2.7860000133514404,2.5350000858306885,11.579999923706055,yfinance
2022-08-11,99.5999984741211,94.33999633789062,3.4839999675750732,20.200000762939453,4207.27001953125,105.08999633789062,1789.699951171875,2.888000011444092,2.490000009536743,10.890000343322754,yfinance
2022-08-12,98.1500015258789,92.08999633789062,3.5178000926971436,19.530000686645508,4280.14990234375,105.62999725341797,1798.5999755859375,2.8489999771118164,2.5,10.539999961853027,yfinance
2022-08-15,95.0999984741211,89.41000366210938,3.4402999877929688,19.950000762939453,4297.14013671875,106.55000305175781,1781.4000244140625,2.7909998893737793,2.513000011444092,9.890000343322754,yfinance
2022-08-16,92.33999633789062,86.52999877929688,3.4802000522613525,19.690000534057617,4305.2001953125,106.5,1773.199951171875,2.8239998817443848,2.5980000495910645,9.989999771118164,yfinance
2022-08-17,93.6500015258789,88.11000061035156,3.6173999309539795,19.899999618530273,4274.0400390625,106.56999969482422,1760.300048828125,2.8929998874664307,2.568000078201294,9.770000457763672,yfinance
2022-08-18,96.58999633789062,90.5,3.6496999263763428,19.559999465942383,4283.740234375,107.4800033569336,1755.300048828125,2.880000114440918,2.565000057220459,9.420000076293945,yfinance
2022-08-19,96.72000122070312,90.7699966430664,3.700500011444092,20.600000381469727,4228.47998046875,108.16999816894531,1747.5999755859375,2.989000082015991,2.5799999237060547,9.3100004196167,yfinance
2022-08-22,96.4800033569336,90.2300033569336,3.77620005607605,23.799999237060547,4137.990234375,109.05000305175781,1734.0,3.0369999408721924,2.6480000019073486,9.210000038146973,yfinance
2022-08-23,100.22000122070312,93.73999786376953,3.841900110244751,24.110000610351562,4128.72998046875,108.62000274658203,1746.800048828125,3.053999900817871,2.703000068664551,8.699999809265137,yfinance
2022-08-24,101.22000122070312,94.88999938964844,4.013199806213379,22.81999969482422,4140.77001953125,108.68000030517578,1747.800048828125,3.1059999465942383,2.7130000591278076,8.550000190734863,yfinance
2022-08-25,99.33999633789062,92.5199966430664,3.9491000175476074,21.780000686645508,4199.1201171875,108.47000122070312,1757.699951171875,3.0260000228881836,2.7300000190734863,7.96999979019165,yfinance
2022-08-26,100.98999786376953,93.05999755859375,4.007599830627441,25.559999465942383,4057.659912109375,108.80000305175781,1736.0999755859375,3.0350000858306885,2.755000114440918,7.920000076293945,yfinance
2022-08-29,105.08999633789062,97.01000213623047,3.909899950027466,26.209999084472656,4030.610107421875,108.83999633789062,1736.5999755859375,3.109999895095825,2.7980000972747803,7.860000133514404,yfinance
2022-08-30,99.30999755859375,91.63999938964844,3.8171000480651855,26.209999084472656,3986.159912109375,108.7699966430664,1723.199951171875,3.109999895095825,2.872999906539917,7.199999809265137,yfinance
2022-08-31,96.48999786376953,89.55000305175781,3.715399980545044,25.8700008392334,3955.0,108.69999694824219,1712.800048828125,3.132999897003174,2.859999895095825,7.840000152587891,yfinance
2022-09-01,92.36000061035156,86.61000061035156,3.561199903488159,25.559999465942383,3966.85009765625,109.69000244140625,1696.5999755859375,3.265000104904175,2.86299991607666,8.729999542236328,yfinance
2022-09-02,93.0199966430664,86.87000274658203,3.578000068664551,25.469999313354492,3924.260009765625,109.52999877929688,1709.800048828125,3.193000078201294,2.819999933242798,8.779999732971191,yfinance
2022-09-06,92.83000183105469,86.87999725341797,3.5738000869750977,26.90999984741211,3908.18994140625,110.20999908447266,1700.4000244140625,3.3399999141693115,2.8450000286102295,7.989999771118164,yfinance
2022-09-07,88.0,81.94000244140625,3.5859999656677246,24.639999389648438,3979.8701171875,109.83999633789062,1715.300048828125,3.265000104904175,2.933000087738037,8.25,yfinance
2022-09-08,89.1500015258789,83.54000091552734,3.54010009765625,23.610000610351562,4006.179931640625,109.70999908447266,1708.0,3.2920000553131104,2.950000047683716,8.779999732971191,yfinance
2022-09-09,92.83999633789062,86.79000091552734,3.578700065612793,22.790000915527344,4067.360107421875,109.0,1716.199951171875,3.321000099182129,2.9679999351501465,8.630000114440918,yfinance
2022-09-12,94.0,87.77999877929688,3.603100061416626,23.8700008392334,4110.41015625,108.33000183105469,1728.0999755859375,3.361999988555908,2.994999885559082,9.550000190734863,yfinance
2022-09-13,93.16999816894531,87.30999755859375,3.541300058364868,27.270000457763672,3932.68994140625,109.81999969482422,1705.0,3.421999931335449,3.1530001163482666,9.75,yfinance
2022-09-14,94.0999984741211,88.4800033569336,3.3789000511169434,26.15999984741211,3946.010009765625,109.66000366210938,1696.5,3.4119999408721924,3.128000020980835,9.390000343322754,yfinance
2022-09-15,90.83999633789062,85.0999984741211,3.205199956893921,26.270000457763672,3901.35009765625,109.73999786376953,1665.4000244140625,3.4590001106262207,3.0950000286102295,9.140000343322754,yfinance
2022-09-16,91.3499984741211,85.11000061035156,3.172499895095825,26.299999237060547,3873.330078125,109.76000213623047,1671.699951171875,3.447999954223633,3.069999933242798,9.069999694824219,yfinance
2022-09-19,92.0,85.7300033569336,3.310800075531006,25.760000228881836,3899.889892578125,109.73999786376953,1666.199951171875,3.490000009536743,3.0350000858306885,9.180000305175781,yfinance
2022-09-20,90.62000274658203,84.44999694824219,3.3722000122070312,27.15999984741211,3855.929931640625,110.22000122070312,1659.699951171875,3.571000099182129,3.243000030517578,10.25,yfinance
2022-09-21,89.83000183105469,82.94000244140625,3.3338000774383545,27.989999771118164,3789.929931640625,110.63999938964844,1664.5999755859375,3.509999990463257,3.190000057220459,10.050000190734863,yfinance
2022-09-22,90.45999908447266,83.48999786376953,3.4114999771118164,27.350000381469727,3757.989990234375,111.3499984741211,1670.800048828125,3.7079999446868896,3.130000114440918,9.9399995803833,yfinance
2022-09-23,86.1500015258789,78.73999786376953,3.2370998859405518,29.920000076293945,3693.22998046875,113.19000244140625,1645.300048828125,3.697000026702881,3.1080000400543213,10.270000457763672,yfinance
2022-09-26,84.05999755859375,76.70999908447266,3.1291000843048096,32.2599983215332,3655.0400390625,114.0999984741211,1623.300048828125,3.878000020980835,3.1649999618530273,10.050000190734863,yfinance
2022-09-27,86.2699966430664,78.5,3.2599000930786133,32.599998474121094,3647.2900390625,114.11000061035156,1626.699951171875,3.9639999866485596,3.25,10.390000343322754,yfinance
2022-09-28,89.31999969482422,82.1500015258789,3.449399948120117,30.18000030517578,3719.0400390625,112.5999984741211,1660.4000244140625,3.7049999237060547,3.2300000190734863,9.579999923706055,yfinance
2022-09-29,88.48999786376953,81.2300033569336,3.414599895477295,31.84000015258789,3640.469970703125,112.25,1658.5,3.746999979019165,3.2179999351501465,8.960000038146973,yfinance
2022-09-30,87.95999908447266,79.48999786376953,3.36899995803833,31.6200008392334,3585.6201171875,112.12000274658203,1662.4000244140625,3.803999900817871,3.180000066757202,9.039999961853027,yfinance
2022-10-03,88.86000061035156,83.62999725341797,3.3691000938415527,30.100000381469727,3678.429931640625,111.75,1692.9000244140625,3.6510000228881836,3.1500000953674316,9.140000343322754,yfinance
2022-10-04,91.80000305175781,86.5199966430664,3.535799980163574,29.06999969482422,3790.929931640625,110.06999969482422,1721.0999755859375,3.617000102996826,3.315000057220459,10.350000381469727,yfinance
2022-10-05,93.37000274658203,87.76000213623047,3.6868999004364014,28.549999237060547,3783.280029296875,111.06999969482422,1711.4000244140625,3.759000062942505,3.2929999828338623,10.100000381469727,yfinance
2022-10-06,94.41999816894531,88.44999694824219,3.8649001121520996,30.520000457763672,3744.52001953125,112.26000213623047,1711.699951171875,3.8259999752044678,3.2880001068115234,9.6899995803833,yfinance
2022-10-07,97.91999816894531,92.63999938964844,4.018700122833252,31.360000610351562,3639.659912109375,112.80000305175781,1700.5,3.882999897003174,3.2929999828338623,9.699999809265137,yfinance
2022-10-10,96.19000244140625,91.12999725341797,3.9147000312805176,32.45000076293945,3612.389892578125,113.13999938964844,1667.300048828125,3.888000011444092,3.2850000858306885,9.199999809265137,yfinance
2022-10-11,94.29000091552734,89.3499984741211,3.930799961090088,33.630001068115234,3588.840087890625,113.22000122070312,1678.699951171875,3.938999891281128,3.3399999141693115,9.34000015258789,yfinance
2022-10-12,92.44999694824219,87.2699966430664,3.932800054550171,33.56999969482422,3577.030029296875,113.31999969482422,1670.300048828125,3.9019999504089355,3.5329999923706055,9.09000015258789,yfinance
2022-10-13,94.56999969482422,89.11000061035156,4.094799995422363,31.940000534057617,3669.909912109375,112.36000061035156,1670.0,3.9519999027252197,3.5829999446868896,8.6899995803833,yfinance
2022-10-14,91.62999725341797,85.61000061035156,3.9802000522613525,32.02000045776367,3583.070068359375,113.30999755859375,1641.699951171875,4.010000228881836,3.628000020980835,9.210000038146973,yfinance
2022-10-17,91.62000274658203,85.45999908447266,4.08519983291626,31.3700008392334,3677.949951171875,112.04000091552734,1657.0,4.014999866485596,3.687999963760376,8.829999923706055,yfinance
2022-10-18,90.02999877929688,82.81999969482422,3.993499994277954,30.5,3719.97998046875,112.12999725341797,1649.0,3.997999906539917,3.8329999446868896,9.1899995803833,yfinance
2022-10-19,92.41000366210938,85.55000305175781,3.9042999744415283,30.760000228881836,3695.159912109375,112.9800033569336,1627.5,4.126999855041504,3.8929998874664307,8.949999809265137,yfinance
2022-10-20,92.37999725341797,85.9800033569336,3.7567999362945557,29.979999542236328,3665.780029296875,112.87999725341797,1630.800048828125,4.22599983215332,3.890000104904175,8.710000038146973,yfinance
2022-10-21,93.5,85.05000305175781,3.8322999477386475,29.690000534057617,3752.75,112.01000213623047,1651.0,4.2129998207092285,3.884999990463257,8.8100004196167,yfinance
2022-10-24,93.26000213623047,84.58000183105469,3.920099973678589,29.850000381469727,3797.340087890625,111.98999786376953,1648.699951171875,4.234000205993652,3.9130001068115234,8.479999542236328,yfinance
2022-10-25,93.5199966430664,85.31999969482422,3.9672000408172607,28.459999084472656,3859.110107421875,110.94999694824219,1652.800048828125,4.107999801635742,3.9649999141693115,8.350000381469727,yfinance
2022-10-26,95.69000244140625,87.91000366210938,4.120100021362305,27.280000686645508,3830.60009765625,109.69999694824219,1664.0,4.014999866485596,3.930000066757202,8.09000015258789,yfinance
2022-10-27,96.95999908447266,89.08000183105469,4.333899974822998,27.389999389648438,3807.300048828125,110.58999633789062,1660.699951171875,3.937000036239624,3.930000066757202,7.75,yfinance
2022-10-28,95.7699966430664,87.9000015258789,4.549799919128418,25.75,3901.06005859375,110.66999816894531,1639.5999755859375,4.010000228881836,3.9700000286102295,7.710000038146973,yfinance
2022-10-31,94.83000183105469,86.52999877929688,4.190899848937988,25.8799991607666,3871.97998046875,111.52999877929688,1635.9000244140625,4.077000141143799,3.9749999046325684,7.099999904632568,yfinance
2022-11-01,94.6500015258789,88.37000274658203,3.6210999488830566,25.809999465942383,3856.10009765625,111.4800033569336,1645.0,4.052000045776367,4.050000190734863,7.409999847412109,yfinance
2022-11-02,96.16000366210938,90.0,3.6774001121520996,25.860000610351562,3759.68994140625,111.3499984741211,1645.699951171875,4.059000015258789,4.025000095367432,7.670000076293945,yfinance
2022-11-03,94.66999816894531,88.16999816894531,3.865299940109253,25.299999237060547,3719.889892578125,112.93000030517578,1627.300048828125,4.124000072479248,4.025000095367432,7.369999885559082,yfinance
2022-11-04,98.56999969482422,92.61000061035156,3.914799928665161,24.549999237060547,3770.550048828125,110.87999725341797,1672.5,4.156000137329102,4.013000011444092,7.71999979019165,yfinance
2022-11-07,97.91999816894531,91.79000091552734,3.781100034713745,24.350000381469727,3806.800048828125,110.12000274658203,1676.5,4.214000225067139,3.9830000400543213,7.570000171661377,yfinance
2022-11-08,95.36000061035156,88.91000366210938,3.770699977874756,25.540000915527344,3828.110107421875,109.62000274658203,1712.0999755859375,4.125999927520752,4.090000152587891,7.699999809265137,yfinance
2022-11-09,92.6500015258789,85.83000183105469,3.6563000679016113,26.09000015258789,3748.570068359375,110.55000305175781,1710.0999755859375,4.151000022888184,4.0929999351501465,7.900000095367432,yfinance
2022-11-10,93.66999816894531,86.47000122070312,3.5694000720977783,23.530000686645508,3956.3701171875,108.20999908447266,1750.300048828125,3.8289999961853027,4.054999828338623,7.889999866485596,yfinance
2022-11-11,95.98999786376953,88.95999908447266,3.555299997329712,22.520000457763672,3992.929931640625,106.29000091552734,1766.0,3.812999963760376,4.063000202178955,8.199999809265137,yfinance
2022-11-14,93.13999938964844,85.87000274658203,3.5439999103546143,23.729999542236328,3957.25,106.66000366210938,1773.5999755859375,3.865000009536743,4.067999839782715,8.199999809265137,yfinance
2022-11-15,93.86000061035156,86.91999816894531,3.6412999629974365,24.540000915527344,3991.72998046875,106.4000015258789,1773.800048828125,3.7990000247955322,4.130000114440918,7.710000038146973,yfinance
2022-11-16,92.86000061035156,85.58999633789062,3.613600015640259,24.110000610351562,3958.7900390625,106.27999877929688,1773.0,3.691999912261963,4.125,7.349999904632568,yfinance
2022-11-17,89.77999877929688,81.63999938964844,3.5248000621795654,23.93000030517578,3946.56005859375,106.69000244140625,1760.800048828125,3.7750000953674316,4.11299991607666,7.190000057220459,yfinance
2022-11-18,87.62000274658203,80.08000183105469,3.5181000232696533,23.1200008392334,3965.340087890625,106.93000030517578,1751.9000244140625,3.818000078201294,4.135000228881836,7.090000152587891,yfinance
2022-11-21,87.44999694824219,79.7300033569336,3.497299909591675,22.360000610351562,3949.93994140625,107.83999633789062,1737.4000244140625,3.825000047683716,4.0980000495910645,7.369999885559082,yfinance
2022-11-22,88.36000061035156,80.94999694824219,3.471299886703491,21.290000915527344,4003.580078125,107.22000122070312,1738.300048828125,3.757999897003174,4.197999954223633,7.070000171661377,yfinance
2022-11-23,85.41000366210938,77.94000244140625,3.359299898147583,20.350000381469727,4027.260009765625,106.08000183105469,1744.9000244140625,3.7060000896453857,4.199999809265137,7.380000114440918,yfinance
2022-11-25,83.62999725341797,76.27999877929688,3.2390999794006348,20.5,4026.1201171875,105.95999908447266,1753.300048828125,3.690999984741211,4.175000190734863,7.820000171661377,yfinance
2022-11-28,83.19000244140625,77.23999786376953,3.215399980545044,22.209999084472656,3963.93994140625,106.68000030517578,1740.0999755859375,3.703000068664551,4.183000087738037,7.659999847412109,yfinance
2022-11-29,83.02999877929688,78.19999694824219,3.2959001064300537,21.889999389648438,3957.6298828125,106.81999969482422,1748.4000244140625,3.747999906539917,4.252999782562256,7.539999961853027,yfinance
2022-11-30,85.43000030517578,80.55000305175781,3.3629000186920166,20.579999923706055,4080.110107421875,105.94999694824219,1746.0,3.703000068664551,4.252999782562256,7.860000133514404,yfinance
2022-12-01,86.87999725341797,81.22000122070312,3.262399911880493,19.84000015258789,4076.570068359375,104.7300033569336,1801.0999755859375,3.5290000438690186,4.192999839782715,7.710000038146973,yfinance
2022-12-02,85.56999969482422,79.9800033569336,3.1684999465942383,19.059999465942383,4071.699951171875,104.55000305175781,1795.9000244140625,3.50600004196167,4.208000183105469,7.699999809265137,yfinance
2022-12-05,82.68000030517578,76.93000030517578,2.999799966812134,20.75,3998.840087890625,105.29000091552734,1767.4000244140625,3.5989999771118164,4.1579999923706055,7.96999979019165,yfinance
2022-12-06,79.3499984741211,74.25,2.9154999256134033,22.170000076293945,3941.260009765625,105.58000183105469,1769.300048828125,3.513000011444092,4.21999979019165,8.4399995803833,yfinance
2022-12-07,77.16999816894531,72.01000213623047,2.7804999351501465,22.68000030517578,3933.919921875,105.0999984741211,1785.5,3.4079999923706055,4.183000087738037,8.399999618530273,yfinance
2022-12-08,76.1500015258789,71.45999908447266,2.8798000812530518,22.290000915527344,3963.510009765625,104.7699966430664,1788.699951171875,3.490999937057495,4.150000095367432,9.010000228881836,yfinance
2022-12-09,76.0999984741211,71.0199966430664,2.7936999797821045,22.829999923706055,3934.3798828125,104.80999755859375,1798.0999755859375,3.566999912261963,4.172999858856201,9.1899995803833,yfinance
2022-12-12,77.98999786376953,73.16999816894531,2.9684998989105225,25.0,3990.56005859375,105.12999725341797,1780.5,3.6110000610351562,4.168000221252441,8.739999771118164,yfinance
2022-12-13,80.68000030517578,75.38999938964844,3.0922000408172607,22.549999237060547,4019.64990234375,103.9800033569336,1813.9000244140625,3.500999927520752,4.248000144958496,9.289999961853027,yfinance
2022-12-14,82.69999694824219,77.27999877929688,3.2767999172210693,21.139999389648438,3995.320068359375,103.7699966430664,1807.5,3.503000020980835,4.21999979019165,9.819999694824219,yfinance
2022-12-15,81.20999908447266,76.11000061035156,3.283400058746338,22.829999923706055,3895.75,104.55999755859375,1777.199951171875,3.450000047683716,4.2129998207092285,9.760000228881836,yfinance
2022-12-16,79.04000091552734,74.29000091552734,3.1198999881744385,22.6200008392334,3852.360107421875,104.69999694824219,1790.0,3.4820001125335693,4.163000106811523,9.029999732971191,yfinance
2022-12-19,79.80000305175781,75.19000244140625,3.053499937057495,22.420000076293945,3817.659912109375,104.72000122070312,1787.699951171875,3.5810000896453857,4.163000106811523,8.850000381469727,yfinance
2022-12-20,79.98999786376953,76.08999633789062,3.0589001178741455,21.479999542236328,3821.6201171875,103.97000122070312,1815.9000244140625,3.684000015258789,4.230000019073486,9.979999542236328,yfinance
2022-12-21,82.19999694824219,78.29000091552734,3.1394999027252197,20.06999969482422,3878.43994140625,104.16000366210938,1815.9000244140625,3.684000015258789,4.204999923706055,9.979999542236328,yfinance
2022-12-22,80.9800033569336,77.48999786376953,3.1314001083374023,21.969999313354492,3822.389892578125,104.43000030517578,1787.0,3.6689999103546143,4.208000183105469,9.739999771118164,yfinance
2022-12-23,83.91999816894531,79.55999755859375,3.2660999298095703,20.8700008392334,3844.820068359375,104.30999755859375,1795.9000244140625,3.750999927520752,4.192999839782715,9.460000038146973,yfinance
2022-12-27,84.33000183105469,79.52999877929688,3.3536999225616455,21.649999618530273,3829.25,104.18000030517578,1814.800048828125,3.859999895095825,4.195000171661377,9.5,yfinance
2022-12-28,83.26000213623047,78.95999908447266,3.3777999877929688,22.139999389648438,3783.219970703125,104.45999908447266,1807.9000244140625,3.88700008392334,4.3379998207092285,9.449999809265137,yfinance
2022-12-29,82.26000213623047,78.4000015258789,3.312999963760376,21.440000534057617,3849.280029296875,103.83999633789062,1819.5,3.8350000381469727,4.295000076293945,9.399999618530273,yfinance
2022-12-30,85.91000366210938,80.26000213623047,3.3622000217437744,21.670000076293945,3839.5,103.5199966430664,1819.699951171875,3.878999948501587,4.260000228881836,9.1899995803833,yfinance
2023-01-03,82.0999984741211,76.93000030517578,3.0864999294281006,22.899999618530273,3824.139892578125,104.5199966430664,1839.699951171875,3.7929999828338623,4.255000114440918,8.819999694824219,yfinance
2023-01-04,77.83999633789062,72.83999633789062,2.97189998626709,22.010000228881836,3852.969970703125,104.25,1852.800048828125,3.7090001106262207,4.400000095367432,9.25,yfinance
2023-01-05,78.69000244140625,73.66999816894531,2.9723000526428223,22.459999084472656,3808.10009765625,105.04000091552734,1834.800048828125,3.7200000286102295,4.498000144958496,9.510000228881836,yfinance
2023-01-06,78.56999969482422,73.7699966430664,3.004499912261963,21.1299991607666,3895.080078125,103.87999725341797,1864.199951171875,3.569000005722046,4.493000030517578,10.039999961853027,yfinance
2023-01-09,79.6500015258789,74.62999725341797,3.0360000133514404,21.969999313354492,3892.090087890625,103.0,1872.699951171875,3.5169999599456787,4.482999801635742,9.739999771118164,yfinance
2023-01-10,80.0999984741211,75.12000274658203,3.135699987411499,20.579999923706055,3919.25,103.23999786376953,1871.5999755859375,3.621000051498413,4.565000057220459,9.119999885559082,yfinance
2023-01-11,82.66999816894531,77.41000366210938,3.217900037765503,21.09000015258789,3969.610107421875,103.19000244140625,1874.5999755859375,3.553999900817871,4.554999828338623,8.979999542236328,yfinance
2023-01-12,84.02999877929688,78.38999938964844,3.2190001010894775,18.829999923706055,3983.169921875,102.25,1895.5,3.4489998817443848,4.474999904632568,9.09000015258789,yfinance
2023-01-13,85.27999877929688,79.86000061035156,3.2558999061584473,18.350000381469727,3999.090087890625,102.19999694824219,1918.4000244140625,3.510999917984009,4.48799991607666,9.359999656677246,yfinance
2023-01-17,85.91999816894531,80.18000030517578,3.250999927520752,19.360000610351562,3990.969970703125,102.38999938964844,1907.199951171875,3.5350000858306885,4.493000030517578,9.40999984741211,yfinance
2023-01-18,84.9800033569336,79.4800033569336,3.263000011444092,20.34000015258789,3928.860107421875,102.36000061035156,1904.4000244140625,3.375,4.53000020980835,8.9399995803833,yfinance
2023-01-19,86.16000366210938,80.33000183105469,3.3759000301361084,20.520000457763672,3898.85009765625,102.05999755859375,1922.0999755859375,3.3970000743865967,4.525000095367432,8.774999618530273,yfinance
2023-01-20,87.62999725341797,81.30999755859375,3.4667999744415283,19.850000381469727,3972.610107421875,102.01000213623047,1926.4000244140625,3.4839999675750732,4.538000106811523,8.949999809265137,yfinance
2023-01-23,88.19000244140625,81.62000274658203,3.5508999824523926,19.809999465942383,4019.81005859375,102.13999938964844,1927.0999755859375,3.5250000953674316,4.534999847412109,8.640000343322754,yfinance
2023-01-24,86.12999725341797,80.12999725341797,3.4272000789642334,19.200000762939453,4016.949951171875,101.91999816894531,1933.9000244140625,3.4690001010894775,4.572999954223633,8.4399995803833,yfinance
2023-01-25,86.12000274658203,80.1500015258789,3.361299991607666,19.079999923706055,4016.219970703125,101.63999938964844,1941.199951171875,3.4619998931884766,4.545000076293945,8.449999809265137,yfinance
2023-01-26,87.47000122070312,81.01000213623047,3.3965001106262207,18.729999542236328,4060.429931640625,101.83999633789062,1929.0999755859375,3.493000030517578,4.543000221252441,8.119999885559082,yfinance
2023-01-27,86.66000366210938,79.68000030517578,3.265500068664551,18.510000228881836,4070.56005859375,101.93000030517578,1928.5999755859375,3.5179998874664307,4.547999858856201,8.270000457763672,yfinance
2023-01-30,84.9000015258789,77.9000015258789,3.11080002784729,19.940000534057617,4017.77001953125,102.27999877929688,1922.9000244140625,3.5510001182556152,4.534999847412109,8.0,yfinance
2023-01-31,84.48999786376953,78.87000274658203,3.182300090789795,19.399999618530273,4076.60009765625,102.0999984741211,1929.5,3.5290000438690186,4.570000171661377,7.800000190734863,yfinance
2023-02-01,82.83999633789062,76.41000366210938,2.9511001110076904,17.8700008392334,4119.2099609375,101.22000122070312,1927.800048828125,3.3970000743865967,4.519999980926514,7.53000020980835,yfinance
2023-02-02,82.16999816894531,75.87999725341797,2.896699905395508,18.729999542236328,4179.759765625,101.75,1916.300048828125,3.3959999084472656,4.510000228881836,7.309999942779541,yfinance
2023-02-03,79.94000244140625,73.38999938964844,2.7753000259399414,18.329999923706055,4136.47998046875,102.91999816894531,1862.9000244140625,3.5320000648498535,4.5229997634887695,7.110000133514404,yfinance
2023-02-06,80.98999786376953,74.11000061035156,2.768699884414673,19.43000030517578,4111.080078125,103.62000274658203,1866.199951171875,3.634000062942505,4.5329999923706055,6.800000190734863,yfinance
2023-02-07,83.69000244140625,77.13999938964844,2.904400110244751,18.65999984741211,4164.0,103.43000030517578,1871.699951171875,3.6740000247955322,4.570000171661377,7.159999847412109,yfinance
2023-02-08,85.08999633789062,78.47000122070312,2.8933000564575195,19.6299991607666,4117.85986328125,103.41000366210938,1877.4000244140625,3.6530001163482666,4.585000038146973,7.619999885559082,yfinance
2023-02-09,84.5,78.05999755859375,2.8153998851776123,20.709999084472656,4081.5,103.22000122070312,1866.199951171875,3.683000087738037,4.61299991607666,7.119999885559082,yfinance
2023-02-10,86.38999938964844,79.72000122070312,2.8645999431610107,20.530000686645508,4090.4599609375,103.62999725341797,1862.800048828125,3.74399995803833,4.635000228881836,7.230000019073486,yfinance
2023-02-13,86.61000061035156,80.13999938964844,2.9056999683380127,20.34000015258789,4137.2900390625,103.3499984741211,1851.9000244140625,3.7170000076293945,4.644999980926514,7.0,yfinance
2023-02-14,85.58000183105469,79.05999755859375,2.9400999546051025,18.90999984741211,4136.1298828125,103.2300033569336,1854.0,3.760999917984009,4.659999847412109,6.730000019073486,yfinance
2023-02-15,85.37999725341797,78.58999633789062,2.844399929046631,18.229999542236328,4147.60009765625,103.91999816894531,1834.199951171875,3.809000015258789,4.64300012588501,6.53000020980835,yfinance
2023-02-16,85.13999938964844,78.48999786376953,2.810800075531006,20.170000076293945,4090.409912109375,103.86000061035156,1842.0,3.8429999351501465,4.664999961853027,6.75,yfinance
2023-02-17,83.0,76.33999633789062,2.712100028991699,20.020000457763672,4079.090087890625,103.86000061035156,1840.4000244140625,3.828000068664551,4.679999828338623,6.599999904632568,yfinance
2023-02-21,83.05000305175781,76.16000366210938,2.7918999195098877,22.8700008392334,3997.340087890625,104.18000030517578,1833.0,3.9549999237060547,4.688000202178955,7.059999942779541,yfinance
2023-02-22,80.5999984741211,73.94999694824219,2.7147998809814453,22.290000915527344,3991.050048828125,104.58999633789062,1832.0,3.9230000972747803,4.695000171661377,7.289999961853027,yfinance
2023-02-23,82.20999908447266,75.38999938964844,2.7081000804901123,21.139999389648438,4012.320068359375,104.5999984741211,1818.0,3.878999948501587,4.690000057220459,7.960000038146973,yfinance
2023-02-24,83.16000366210938,76.31999969482422,2.7962000370025635,21.670000076293945,3970.0400390625,105.20999908447266,1808.800048828125,3.9489998817443848,4.703000068664551,7.949999809265137,yfinance
2023-02-27,82.44999694824219,75.68000030517578,2.8197999000549316,20.950000762939453,3982.239990234375,104.66999816894531,1817.0,3.921999931335449,4.664999961853027,8.149999618530273,yfinance
2023-02-28,83.88999938964844,77.05000305175781,2.8208999633789062,20.700000762939453,3970.14990234375,104.87000274658203,1828.9000244140625,3.9159998893737793,4.710000038146973,9.050000190734863,yfinance
2023-03-01,84.30999755859375,77.69000244140625,2.873800039291382,20.579999923706055,3951.389892578125,104.4800033569336,1837.699951171875,3.99399995803833,4.724999904632568,8.819999694824219,yfinance
2023-03-02,84.75,78.16000366210938,2.8661999702453613,19.59000015258789,3981.35009765625,105.02999877929688,1833.5,4.072999954223633,4.7230000495910645,8.979999542236328,yfinance
2023-03-03,85.83000183105469,79.68000030517578,2.913100004196167,18.489999771118164,4045.639892578125,104.5199966430664,1847.699951171875,3.9639999866485596,4.7179999351501465,9.390000343322754,yfinance
2023-03-06,86.18000030517578,80.45999908447266,2.8866000175476074,18.610000610351562,4048.419921875,104.3499984741211,1847.9000244140625,3.9830000400543213,4.728000164031982,9.149999618530273,yfinance
2023-03-07,83.29000091552734,77.58000183105469,2.797499895095825,19.59000015258789,3986.3701171875,105.62000274658203,1813.9000244140625,3.9749999046325684,4.84499979019165,9.180000305175781,yfinance
2023-03-08,82.66000366210938,76.66000366210938,2.7418999671936035,19.110000610351562,3992.010009765625,105.66000366210938,1812.699951171875,3.9760000705718994,4.882999897003174,9.600000381469727,yfinance
2023-03-09,81.58999633789062,75.72000122070312,2.6689000129699707,22.610000610351562,3918.320068359375,105.30999755859375,1829.300048828125,3.924999952316284,4.8480000495910645,9.920000076293945,yfinance
2023-03-10,82.77999877929688,76.68000030517578,2.772900104522705,24.799999237060547,3861.590087890625,104.58000183105469,1862.0,3.694999933242798,4.802999973297119,10.1899995803833,yfinance
2023-03-13,80.7699966430664,74.80000305175781,2.7614998817443848,26.520000457763672,3855.760009765625,103.5999984741211,1911.699951171875,3.515000104904175,4.6579999923706055,10.260000228881836,yfinance
2023-03-14,77.44999694824219,71.33000183105469,2.714400053024292,23.729999542236328,3919.2900390625,103.5999984741211,1906.199951171875,3.638000011444092,4.679999828338623,10.569999694824219,yfinance
2023-03-15,73.69000244140625,67.61000061035156,2.6048998832702637,26.139999389648438,3891.929931640625,104.6500015258789,1926.5999755859375,3.492000102996826,4.558000087738037,9.6899995803833,yfinance
2023-03-16,74.69999694824219,68.3499984741211,2.6435000896453857,22.989999771118164,3960.280029296875,104.41999816894531,1919.0,3.5850000381469727,4.53000020980835,9.979999542236328,yfinance
2023-03-17,72.97000122070312,66.73999786376953,2.6786999702453613,25.510000228881836,3916.639892578125,103.70999908447266,1969.800048828125,3.3949999809265137,4.293000221252441,9.970000267028809,yfinance
2023-03-20,73.79000091552734,67.63999938964844,2.6870999336242676,24.149999618530273,3951.570068359375,103.27999877929688,1979.199951171875,3.4809999465942383,4.465000152587891,9.5,yfinance
2023-03-21,75.31999969482422,69.33000183105469,2.690200090408325,21.3799991607666,4002.8701171875,103.26000213623047,1938.0,3.6059999465942383,4.605000019073486,9.3100004196167,yfinance
2023-03-22,76.69000244140625,70.9000015258789,2.740299940109253,22.260000228881836,3936.969970703125,102.3499984741211,1946.800048828125,3.5,4.563000202178955,9.489999771118164,yfinance
2023-03-23,75.91000366210938,69.95999908447266,2.6847000122070312,22.610000610351562,3948.719970703125,102.52999877929688,1993.800048828125,3.4059998989105225,4.502999782562256,10.1899995803833,yfinance
2023-03-24,74.98999786376953,69.26000213623047,2.695199966430664,21.739999771118164,3970.989990234375,103.12000274658203,1982.0999755859375,3.380000114440918,4.502999782562256,9.760000228881836,yfinance
2023-03-27,78.12000274658203,72.80999755859375,2.770400047302246,20.600000381469727,3977.530029296875,102.86000061035156,1952.4000244140625,3.5280001163482666,4.583000183105469,9.449999809265137,yfinance
2023-03-28,78.6500015258789,73.19999694824219,2.7695999145507812,19.969999313354492,3971.27001953125,102.43000030517578,1972.4000244140625,3.563999891281128,4.627999782562256,9.460000038146973,yfinance
2023-03-29,78.27999877929688,72.97000122070312,2.658099889755249,19.1200008392334,4027.81005859375,102.63999938964844,1966.0999755859375,3.565999984741211,4.630000114440918,10.020000457763672,yfinance
2023-03-30,79.2699966430664,74.37000274658203,2.623699903488159,19.020000457763672,4050.830078125,102.13999938964844,1980.300048828125,3.5510001182556152,4.664999961853027,9.649999618530273,yfinance
2023-03-31,79.7699966430664,75.66999816894531,2.676300048828125,18.700000762939453,4109.31005859375,102.51000213623047,1969.0,3.49399995803833,4.585000038146973,10.100000381469727,yfinance
2023-04-03,84.93000030517578,80.41999816894531,2.662600040435791,18.549999237060547,4124.509765625,102.08999633789062,1983.9000244140625,3.430000066757202,4.570000171661377,10.010000228881836,yfinance
2023-04-04,84.94000244140625,80.70999908447266,2.6666998863220215,19.0,4100.60009765625,101.58999633789062,2022.199951171875,3.3369998931884766,4.728000164031982,10.3100004196167,yfinance
2023-04-05,84.98999786376953,80.61000061035156,2.7309999465942383,19.079999923706055,4090.3798828125,101.8499984741211,2020.9000244140625,3.2869999408721924,4.704999923706055,10.020000457763672,yfinance
2023-04-06,85.12000274658203,80.69999694824219,2.6605000495910645,18.399999618530273,4105.02001953125,101.81999969482422,2011.9000244140625,3.2880001068115234,4.710000038146973,9.8100004196167,yfinance
2023-04-10,84.18000030517578,79.73999786376953,2.6814000606536865,18.969999313354492,4109.10986328125,102.58000183105469,1989.0999755859375,3.4149999618530273,4.8379998207092285,9.90999984741211,yfinance
2023-04-11,85.61000061035156,81.52999877929688,2.6682000160217285,19.100000381469727,4108.93994140625,102.19999694824219,2004.800048828125,3.434000015258789,4.880000114440918,9.279999732971191,yfinance
2023-04-12,87.33000183105469,83.26000213623047,2.7030999660491943,19.09000015258789,4091.949951171875,101.5,2010.9000244140625,3.4210000038146973,4.860000133514404,9.40999984741211,yfinance
2023-04-13,86.08999633789062,82.16000366210938,2.672800064086914,17.799999237060547,4146.22021484375,101.01000213623047,2041.300048828125,3.4519999027252197,4.855000019073486,9.369999885559082,yfinance
2023-04-14,86.30999755859375,82.5199966430664,2.63919997215271,17.06999969482422,4137.64013671875,101.55000305175781,2002.199951171875,3.5220000743865967,4.9029998779296875,9.1899995803833,yfinance
2023-04-17,84.76000213623047,80.83000183105469,2.6147000789642334,16.950000762939453,4151.31982421875,102.0999984741211,1994.199951171875,3.5910000801086426,4.922999858856201,8.960000038146973,yfinance
2023-04-18,84.7699966430664,80.86000061035156,2.599900007247925,16.829999923706055,4154.8701171875,101.75,2007.4000244140625,3.572000026702881,5.03000020980835,8.619999885559082,yfinance
2023-04-19,83.12000274658203,79.16000366210938,2.5576999187469482,16.459999084472656,4154.52001953125,101.97000122070312,1995.199951171875,3.6019999980926514,4.994999885559082,9.15999984741211,yfinance
2023-04-20,81.0999984741211,77.29000091552734,2.4948999881744385,17.170000076293945,4129.7900390625,101.83999633789062,2007.5999755859375,3.5450000762939453,4.945000171661377,9.25,yfinance
2023-04-21,81.66000366210938,77.87000274658203,2.488600015640259,16.770000457763672,4133.52001953125,101.81999969482422,1979.5,3.569999933242798,4.949999809265137,9.15999984741211,yfinance
2023-04-24,82.7300033569336,78.76000213623047,2.5309998989105225,16.889999389648438,4137.0400390625,101.3499984741211,1989.0999755859375,3.515000104904175,4.873000144958496,8.779999732971191,yfinance
2023-04-25,80.7699966430664,77.06999969482422,2.4511001110076904,18.760000228881836,4071.6298828125,101.86000061035156,1994.0,3.3959999084472656,4.953000068664551,8.760000228881836,yfinance
2023-04-26,77.69000244140625,74.30000305175781,2.372999906539917,18.84000015258789,4055.989990234375,101.47000122070312,1985.699951171875,3.431999921798706,4.985000133514404,8.819999694824219,yfinance
2023-04-27,78.37000274658203,74.76000213623047,2.3541998863220215,17.030000686645508,4135.35009765625,101.5,1989.9000244140625,3.5280001163482666,5.0,8.850000381469727,yfinance
2023-04-28,79.54000091552734,76.77999877929688,2.378700017929077,15.779999732971191,4169.47998046875,101.66999816894531,1990.0999755859375,3.4519999027252197,4.922999858856201,8.760000228881836,yfinance
2023-05-01,79.30999755859375,75.66000366210938,2.3822999000549316,16.079999923706055,4167.8701171875,102.1500015258789,1983.4000244140625,3.5739998817443848,4.864999771118164,8.779999732971191,yfinance
2023-05-02,75.31999969482422,71.66000366210938,2.2892000675201416,17.780000686645508,4119.580078125,101.95999908447266,2014.300048828125,3.438999891281128,5.039999961853027,8.279999732971191,yfinance
2023-05-03,72.33000183105469,68.5999984741211,2.232300043106079,18.34000015258789,4090.75,101.33999633789062,2028.5999755859375,3.4030001163482666,5.09499979019165,8.449999809265137,yfinance
2023-05-04,72.5,68.55999755859375,2.2386999130249023,20.09000015258789,4061.219970703125,101.4000015258789,2048.0,3.3510000705718994,5.054999828338623,7.929999828338623,yfinance
2023-05-05,75.30000305175781,71.33999633789062,2.31469988822937,17.190000534057617,4136.25,101.20999908447266,2017.4000244140625,3.446000099182129,5.079999923706055,8.300000190734863,yfinance
2023-05-08,77.01000213623047,73.16000366210938,2.377700090408325,16.979999542236328,4138.1201171875,101.37000274658203,2026.300048828125,3.5209999084472656,5.083000183105469,8.350000381469727,yfinance
2023-05-09,77.44000244140625,73.70999908447266,2.390199899673462,17.709999084472656,4119.169921875,101.63999938964844,2036.199951171875,3.5209999084472656,5.123000144958496,8.989999771118164,yfinance
2023-05-10,76.41000366210938,72.55999755859375,2.393399953842163,16.940000534057617,4137.64013671875,101.4800033569336,2030.5,3.438999891281128,5.065000057220459,8.600000381469727,yfinance
2023-05-11,74.9800033569336,70.87000274658203,2.3494999408721924,16.93000030517578,4130.6201171875,102.05999755859375,2014.699951171875,3.3970000743865967,5.014999866485596,8.09000015258789,yfinance
2023-05-12,74.16999816894531,70.04000091552734,2.305500030517578,17.030000686645508,4124.080078125,102.68000030517578,2014.5,3.4630000591278076,5.0279998779296875,7.71999979019165,yfinance
2023-05-15,75.2300033569336,71.11000061035156,2.378000020980835,17.1200008392334,4136.27978515625,102.43000030517578,2018.0,3.507999897003174,5.0,7.289999961853027,yfinance
2023-05-16,74.91000366210938,70.86000061035156,2.3638999462127686,17.989999771118164,4109.89990234375,102.55999755859375,1988.4000244140625,3.5490000247955322,5.058000087738037,7.21999979019165,yfinance
2023-05-17,76.95999908447266,72.83000183105469,2.422600030899048,16.8700008392334,4158.77001953125,102.87999725341797,1980.699951171875,3.5810000896453857,5.0879998207092285,7.21999979019165,yfinance
2023-05-18,75.86000061035156,71.86000061035156,2.402600049972534,16.049999237060547,4198.0498046875,103.58000183105469,1956.5,3.6480000019073486,5.125,7.489999771118164,yfinance
2023-05-19,75.58000183105469,71.55000305175781,2.3622000217437744,16.809999465942383,4191.97998046875,103.19999694824219,1978.699951171875,3.691999912261963,5.085000038146973,7.409999847412109,yfinance
2023-05-22,75.98999786376953,71.98999786376953,2.3664000034332275,17.209999084472656,4192.6298828125,103.19999694824219,1974.800048828125,3.7190001010894775,5.09499979019165,7.389999866485596,yfinance
2023-05-23,76.83999633789062,72.91000366210938,2.3617000579833984,18.530000686645508,4145.580078125,103.48999786376953,1972.4000244140625,3.697999954223633,5.1529998779296875,7.090000152587891,yfinance
2023-05-24,78.36000061035156,74.33999633789062,2.4137001037597656,20.030000686645508,4115.240234375,103.88999938964844,1962.800048828125,3.7190001010894775,5.184999942779541,6.559999942779541,yfinance
2023-05-25,76.26000213623047,71.83000183105469,2.3461999893188477,19.139999389648438,4151.27978515625,104.20999908447266,1943.0999755859375,3.813999891281128,5.163000106811523,6.440000057220459,yfinance
2023-05-26,76.94999694824219,72.66999816894531,2.36929988861084,17.950000762939453,4205.4501953125,104.20999908447266,1944.0999755859375,3.809999942779541,5.114999771118164,6.570000171661377,yfinance
2023-05-30,73.54000091552734,69.45999908447266,2.2808001041412354,17.459999084472656,4205.52001953125,104.16999816894531,1958.0,3.700000047683716,5.14300012588501,6.079999923706055,yfinance
2023-05-31,72.66000366210938,68.08999633789062,2.2595999240875244,17.940000534057617,4179.830078125,104.31999969482422,1963.9000244140625,3.63700008392334,5.248000144958496,5.78000020980835,yfinance
2023-06-01,74.27999877929688,70.0999984741211,2.31469988822937,15.649999618530273,4221.02001953125,103.55999755859375,1978.0,3.6080000400543213,5.203000068664551,5.840000152587891,yfinance
2023-06-02,76.12999725341797,71.73999786376953,2.3568999767303467,14.600000381469727,4282.3701171875,104.0199966430664,1952.4000244140625,3.690999984741211,5.215000152587891,6.139999866485596,yfinance
2023-06-05,76.70999908447266,72.1500015258789,2.377500057220459,14.729999542236328,4273.7900390625,104.0,1958.0,3.693000078201294,5.14300012588501,6.550000190734863,yfinance
2023-06-06,76.29000091552734,71.73999786376953,2.367799997329712,13.960000038146973,4283.85009765625,104.12999725341797,1965.5,3.6989998817443848,5.1579999923706055,6.550000190734863,yfinance
2023-06-07,76.94999694824219,72.52999877929688,2.4017999172210693,13.9399995803833,4267.52001953125,104.0999984741211,1942.699951171875,3.7839999198913574,5.1529998779296875,6.139999866485596,yfinance
2023-06-08,75.95999908447266,71.29000091552734,2.3898000717163086,13.649999618530273,4293.93017578125,103.33999633789062,1963.5999755859375,3.7139999866485596,5.099999904632568,6.369999885559082,yfinance
2023-06-09,74.79000091552734,70.16999816894531,2.3610000610351562,13.829999923706055,4298.85986328125,103.55999755859375,1962.199951171875,3.744999885559082,5.09499979019165,6.329999923706055,yfinance
2023-06-12,71.83999633789062,67.12000274658203,2.3090999126434326,15.010000228881836,4338.93017578125,103.62999725341797,1955.300048828125,3.765000104904175,5.09499979019165,6.190000057220459,yfinance
2023-06-13,74.29000091552734,69.41999816894531,2.3954999446868896,14.609999656677246,4369.009765625,103.33999633789062,1944.5999755859375,3.8389999866485596,5.099999904632568,6.300000190734863,yfinance
2023-06-14,73.19999694824219,68.2699966430664,2.3577001094818115,13.880000114440918,4372.58984375,103.01000213623047,1955.300048828125,3.7960000038146973,5.079999923706055,6.400000095367432,yfinance
2023-06-15,75.66999816894531,70.62000274658203,2.479599952697754,14.5,4425.83984375,102.12000274658203,1957.800048828125,3.7279999256134033,5.054999828338623,6.340000152587891,yfinance
2023-06-16,76.61000061035156,71.77999877929688,2.5513999462127686,13.539999961853027,4409.58984375,102.30000305175781,1958.4000244140625,3.7690000534057617,5.065000057220459,6.139999866485596,yfinance
2023-06-20,75.9000015258789,70.5,2.475399971008301,13.880000114440918,4388.7099609375,102.54000091552734,1935.5,3.7290000915527344,5.074999809265137,6.159999847412109,yfinance
2023-06-21,77.12000274658203,72.52999877929688,2.564199924468994,13.199999809265137,4365.68994140625,102.06999969482422,1933.300048828125,3.7230000495910645,5.135000228881836,6.119999885559082,yfinance
2023-06-22,74.13999938964844,69.51000213623047,2.4655001163482666,12.90999984741211,4381.89013671875,102.38999938964844,1912.699951171875,3.7990000247955322,5.135000228881836,6.170000076293945,yfinance
2023-06-23,73.8499984741211,69.16000366210938,2.407099962234497,13.4399995803833,4348.330078125,102.9000015258789,1919.0999755859375,3.739000082015991,5.138000011444092,6.159999847412109,yfinance
2023-06-26,74.18000030517578,69.37000274658203,2.438800096511841,14.25,4328.81982421875,102.69000244140625,1923.699951171875,3.7190001010894775,5.15500020980835,5.920000076293945,yfinance
2023-06-27,72.26000213623047,67.69999694824219,2.3989999294281006,13.739999771118164,4378.41015625,102.48999786376953,1914.0,3.7679998874664307,5.179999828338623,5.659999847412109,yfinance
2023-06-28,74.02999877929688,69.55999755859375,2.4066998958587646,13.430000305175781,4376.85986328125,102.91000366210938,1912.300048828125,3.7100000381469727,5.170000076293945,5.570000171661377,yfinance
2023-06-29,74.33999633789062,69.86000061035156,2.415600061416626,13.539999961853027,4396.43994140625,103.33999633789062,1909.199951171875,3.8540000915527344,5.175000190734863,5.610000133514404,yfinance
2023-06-30,74.9000015258789,70.63999938964844,2.448199987411499,13.59000015258789,4450.3798828125,102.91000366210938,1921.0999755859375,3.819000005722046,5.1529998779296875,5.550000190734863,yfinance
2023-07-03,74.6500015258789,69.79000091552734,2.3773000240325928,13.569999694824219,4455.58984375,102.98999786376953,1921.699951171875,3.8580000400543213,5.144999980926514,5.170000076293945,yfinance
2023-07-05,76.6500015258789,71.79000091552734,2.493299961090088,14.180000305175781,4446.81982421875,103.37000274658203,1919.5999755859375,3.944999933242798,5.192999839782715,5.050000190734863,yfinance
2023-07-06,76.5199966430664,71.80000305175781,2.4793999195098877,15.4399995803833,4411.58984375,103.16999816894531,1908.699951171875,4.040999889373779,5.2129998207092285,5.199999809265137,yfinance
2023-07-07,78.47000122070312,73.86000061035156,2.5590999126434326,14.829999923706055,4398.9501953125,102.2699966430664,1926.199951171875,4.050000190734863,5.2129998207092285,5.010000228881836,yfinance
2023-07-10,77.69000244140625,72.98999786376953,2.5532000064849854,15.069999694824219,4409.52978515625,101.97000122070312,1925.0,4.00600004196167,5.224999904632568,5.039999961853027,yfinance
2023-07-11,79.4000015258789,74.83000183105469,2.583699941635132,14.84000015258789,4439.259765625,101.7300033569336,1931.300048828125,3.9800000190734863,5.243000030517578,5.21999979019165,yfinance
2023-07-12,80.11000061035156,75.75,2.599600076675415,13.539999961853027,4472.16015625,100.5199966430664,1956.199951171875,3.8610000610351562,5.230000019073486,5.369999885559082,yfinance
2023-07-13,81.36000061035156,76.88999938964844,2.6103999614715576,13.609999656677246,4510.0400390625,99.7699966430664,1959.199951171875,3.760999917984009,5.2230000495910645,5.170000076293945,yfinance
2023-07-14,79.87000274658203,75.41999816894531,2.597899913787842,13.34000015258789,4505.419921875,99.91000366210938,1960.0999755859375,3.819000005722046,5.215000152587891,5.079999923706055,yfinance
2023-07-17,78.5,74.1500015258789,2.564199924468994,13.479999542236328,4522.7900390625,99.83999633789062,1952.4000244140625,3.796999931335449,5.232999801635742,4.840000152587891,yfinance
2023-07-18,79.62999725341797,75.75,2.599400043487549,13.300000190734863,4554.97998046875,99.94000244140625,1977.199951171875,3.7890000343322754,5.248000144958496,4.610000133514404,yfinance
2023-07-19,79.45999908447266,75.3499984741211,2.6417999267578125,13.760000228881836,4565.72021484375,100.27999877929688,1977.5,3.742000102996826,5.244999885559082,4.5,yfinance
2023-07-20,79.63999938964844,75.62999725341797,2.664400100708008,13.989999771118164,4534.8701171875,100.87999725341797,1968.300048828125,3.8540000915527344,5.243000030517578,4.730000019073486,yfinance
2023-07-21,81.06999969482422,77.06999969482422,2.745699882507324,13.600000381469727,4536.33984375,101.06999969482422,1964.300048828125,3.8369998931884766,5.248000144958496,4.730000019073486,yfinance
2023-07-24,82.73999786376953,78.73999786376953,2.7704999446868896,13.90999984741211,4554.64013671875,101.3499984741211,1960.300048828125,3.8570001125335693,5.25,4.559999942779541,yfinance
2023-07-25,83.63999938964844,79.62999725341797,2.777600049972534,13.859999656677246,4567.4599609375,101.3499984741211,1962.0999755859375,3.9119999408721924,5.264999866485596,4.789999961853027,yfinance
2023-07-26,82.91999816894531,78.77999877929688,2.842900037765503,13.1899995803833,4566.75,100.88999938964844,1968.9000244140625,3.8510000705718994,5.26800012588501,4.869999885559082,yfinance
2023-07-27,84.23999786376953,80.08999633789062,2.9168999195098877,14.40999984741211,4537.41015625,101.7699966430664,1945.4000244140625,4.01200008392334,5.26800012588501,4.800000190734863,yfinance
2023-07-28,84.98999786376953,80.58000183105469,2.9586000442504883,13.329999923706055,4582.22998046875,101.62000274658203,1960.4000244140625,3.9690001010894775,5.255000114440918,4.760000228881836,yfinance
2023-07-31,85.55999755859375,81.80000305175781,2.9909000396728516,13.630000114440918,4588.9599609375,101.86000061035156,1970.5,3.9590001106262207,5.248000144958496,4.949999809265137,yfinance
2023-08-01,84.91000366210938,81.37000274658203,3.023400068283081,13.930000305175781,4576.72998046875,102.30000305175781,1940.699951171875,4.051000118255615,5.260000228881836,4.949999809265137,yfinance
2023-08-02,83.19999694824219,79.48999786376953,3.004300117492676,16.09000015258789,4513.39013671875,102.58999633789062,1937.4000244140625,4.078000068664551,5.260000228881836,4.820000171661377,yfinance
2023-08-03,85.13999938964844,81.55000305175781,3.074899911880493,15.920000076293945,4501.89013671875,102.54000091552734,1932.0,4.189000129699707,5.257999897003174,4.889999866485596,yfinance
2023-08-04,86.23999786376953,82.81999969482422,3.0622000694274902,17.100000381469727,4478.02978515625,102.0199966430664,1939.5999755859375,4.059999942779541,5.252999782562256,4.889999866485596,yfinance
2023-08-07,85.33999633789062,81.94000244140625,3.015500068664551,15.770000457763672,4518.43994140625,102.05000305175781,1933.5,4.078000068664551,5.260000228881836,5.210000038146973,yfinance
2023-08-08,86.16999816894531,82.91999816894531,3.085599899291992,15.989999771118164,4499.3798828125,102.52999877929688,1924.0999755859375,4.026000022888184,5.275000095367432,5.070000171661377,yfinance
2023-08-09,87.55000305175781,84.4000015258789,3.2070000171661377,15.960000038146973,4467.7099609375,102.48999786376953,1915.4000244140625,4.01200008392334,5.28000020980835,5.059999942779541,yfinance
2023-08-10,86.4000015258789,82.81999969482422,3.1533000469207764,15.850000381469727,4468.830078125,102.5199966430664,1914.4000244140625,4.079999923706055,5.26800012588501,5.21999979019165,yfinance
2023-08-11,86.80999755859375,83.19000244140625,3.121500015258789,14.84000015258789,4464.0498046875,102.83999633789062,1912.9000244140625,4.168000221252441,5.264999866485596,5.329999923706055,yfinance
2023-08-14,86.20999908447266,82.51000213623047,3.0882999897003174,14.819999694824219,4489.72021484375,103.19000244140625,1910.5999755859375,4.184000015258789,5.269999980926514,5.340000152587891,yfinance
2023-08-15,84.88999938964844,80.98999786376953,3.0280001163482666,16.459999084472656,4437.85986328125,103.20999908447266,1902.5,4.2210001945495605,5.28000020980835,5.590000152587891,yfinance
2023-08-16,83.44999694824219,79.37999725341797,3.020900011062622,16.780000686645508,4404.330078125,103.41999816894531,1896.0999755859375,4.257999897003174,5.284999847412109,5.659999847412109,yfinance
2023-08-17,84.12000274658203,80.38999938964844,3.0938000679016113,17.889999389648438,4370.35986328125,103.44000244140625,1884.0999755859375,4.308000087738037,5.2779998779296875,5.449999809265137,yfinance
2023-08-18,84.80000305175781,81.25,3.1596999168395996,17.299999237060547,4369.7099609375,103.37999725341797,1886.0999755859375,4.250999927520752,5.2779998779296875,5.329999923706055,yfinance
2023-08-21,84.45999908447266,80.72000122070312,3.1161999702453613,17.1299991607666,4399.77001953125,103.33000183105469,1893.300048828125,4.3420000076293945,5.28000020980835,5.090000152587891,yfinance
2023-08-22,84.02999877929688,80.3499984741211,3.1387999057769775,16.969999313354492,4387.5498046875,103.55999755859375,1896.4000244140625,4.328000068664551,5.295000076293945,4.940000057220459,yfinance
2023-08-23,83.20999908447266,78.88999938964844,3.1291000843048096,15.979999542236328,4436.009765625,103.36000061035156,1918.5,4.197999954223633,5.295000076293945,4.829999923706055,yfinance
2023-08-24,83.36000061035156,79.05000305175781,3.156399965286255,17.200000762939453,4376.31005859375,103.9800033569336,1918.199951171875,4.235000133514404,5.302999973297119,5.059999942779541,yfinance
2023-08-25,84.4800033569336,79.83000183105469,3.307499885559082,15.680000305175781,4405.7099609375,104.08000183105469,1911.0999755859375,4.238999843597412,5.315000057220459,4.940000057220459,yfinance
2023-08-28,84.41999816894531,80.0999984741211,3.203700065612793,15.079999923706055,4433.31005859375,104.05999755859375,1917.9000244140625,4.211999893188477,5.322999954223633,4.96999979019165,yfinance
2023-08-29,85.48999786376953,81.16000366210938,3.2095000743865967,14.449999809265137,4497.6298828125,103.55000305175781,1936.5,4.122000217437744,5.320000171661377,5.050000190734863,yfinance
2023-08-30,85.86000061035156,81.62999725341797,3.0961999893188477,13.880000114440918,4514.8701171875,103.16000366210938,1944.300048828125,4.118000030517578,5.315000057220459,4.880000114440918,yfinance
2023-08-31,86.86000061035156,83.62999725341797,3.1426000595092773,13.569999694824219,4507.66015625,103.62000274658203,1938.199951171875,4.0929999351501465,5.297999858856201,4.889999866485596,yfinance
2023-09-01,88.55000305175781,85.55000305175781,3.1050000190734863,13.09000015258789,4515.77001953125,104.23999786376953,1939.800048828125,4.172999858856201,5.26800012588501,4.860000133514404,yfinance
2023-09-05,90.04000091552734,86.69000244140625,3.219599962234497,14.010000228881836,4496.830078125,104.80999755859375,1926.199951171875,4.26800012588501,5.2779998779296875,4.900000095367432,yfinance
2023-09-06,90.5999984741211,87.54000091552734,3.192699909210205,14.449999809265137,4465.47998046875,104.86000061035156,1918.0999755859375,4.289999961853027,5.300000190734863,5.070000171661377,yfinance
2023-09-07,89.91999816894531,86.87000274658203,3.2123000621795654,14.399999618530273,4451.14013671875,105.05999755859375,1917.5,4.260000228881836,5.2829999923706055,5.239999771118164,yfinance
2023-09-08,90.6500015258789,87.51000213623047,3.299099922180176,13.84000015258789,4457.490234375,105.08999633789062,1918.4000244140625,4.257999897003174,5.293000221252441,5.300000190734863,yfinance
2023-09-11,90.63999938964844,87.29000091552734,3.3622000217437744,13.800000190734863,4487.4599609375,104.56999969482422,1923.300048828125,4.288000106811523,5.293000221252441,5.099999904632568,yfinance
2023-09-12,92.05999755859375,88.83999633789062,3.3282999992370605,14.229999542236328,4461.89990234375,104.70999908447266,1911.300048828125,4.263999938964844,5.304999828338623,5.269999980926514,yfinance
2023-09-13,91.87999725341797,88.5199966430664,3.4354000091552734,13.479999542236328,4467.43994140625,104.7699966430664,1909.0999755859375,4.249000072479248,5.304999828338623,5.300000190734863,yfinance
2023-09-14,93.69999694824219,90.16000366210938,3.4814999103546143,12.819999694824219,4505.10009765625,105.41000366210938,1910.0,4.288000106811523,5.295000076293945,5.460000038146973,yfinance
2023-09-15,93.93000030517578,90.7699966430664,3.3833999633789062,13.789999961853027,4450.31982421875,105.31999969482422,1923.699951171875,4.322000026702881,5.297999858856201,5.480000019073486,yfinance
2023-09-18,94.43000030517578,91.4800033569336,3.288300037384033,14.0,4453.52978515625,105.19999694824219,1931.5,4.318999767303467,5.300000190734863,5.670000076293945,yfinance
2023-09-19,94.33999633789062,91.19999694824219,3.3738999366760254,14.109999656677246,4443.9501953125,105.19999694824219,1932.0,4.364999771118164,5.309999942779541,5.699999809265137,yfinance
2023-09-20,93.52999877929688,90.27999877929688,3.3268001079559326,15.140000343322754,4402.2001953125,105.16000366210938,1945.5999755859375,4.348999977111816,5.315000057220459,5.460000038146973,yfinance
2023-09-21,93.30000305175781,89.62999725341797,3.368000030517578,17.540000915527344,4330.0,105.36000061035156,1919.199951171875,4.480000019073486,5.304999828338623,5.369999885559082,yfinance
2023-09-22,93.2699966430664,90.02999877929688,3.3062000274658203,17.200000762939453,4320.06005859375,105.58000183105469,1925.4000244140625,4.438000202178955,5.304999828338623,5.53000020980835,yfinance
2023-09-25,93.29000091552734,89.68000030517578,3.262200117111206,16.899999618530273,4337.43994140625,106.0,1916.5999755859375,4.541999816894531,5.313000202178955,5.590000152587891,yfinance
2023-09-26,93.95999908447266,90.38999938964844,3.22379994392395,18.940000534057617,4273.52978515625,106.2300033569336,1900.4000244140625,4.558000087738037,5.324999809265137,5.539999961853027,yfinance
2023-09-27,96.55000305175781,93.68000030517578,3.31469988822937,18.219999313354492,4274.509765625,106.66999816894531,1871.5999755859375,4.625999927520752,5.329999923706055,5.53000020980835,yfinance
2023-09-28,95.37999725341797,91.70999908447266,3.318000078201294,17.34000015258789,4299.7001953125,106.22000122070312,1860.4000244140625,4.5970001220703125,5.308000087738037,5.369999885559082,yfinance
2023-09-29,95.30999755859375,90.79000091552734,3.3622000217437744,17.520000457763672,4288.0498046875,106.16999816894531,1848.0999755859375,4.572999954223633,5.300000190734863,5.489999771118164,yfinance
2023-10-02,90.70999908447266,88.81999969482422,3.2225000858306885,17.610000610351562,4288.39013671875,106.9000015258789,1830.0,4.683000087738037,5.315000057220459,5.630000114440918,yfinance
2023-10-03,90.91999816894531,89.2300033569336,3.1953999996185303,19.780000686645508,4229.4501953125,107.0,1824.5999755859375,4.802000045776367,5.340000152587891,5.590000152587891,yfinance
2023-10-04,85.80999755859375,84.22000122070312,3.0178000926971436,18.579999923706055,4263.75,106.80000305175781,1818.5,4.735000133514404,5.335000038146973,5.550000190734863,yfinance
2023-10-05,84.06999969482422,82.30999755859375,2.8687000274658203,18.489999771118164,4258.18994140625,106.33000183105469,1816.5999755859375,4.7170000076293945,5.324999809265137,5.75,yfinance
2023-10-06,84.58000183105469,82.79000091552734,2.9007999897003174,17.450000762939453,4308.5,106.04000091552734,1830.199951171875,4.783999919891357,5.3480000495910645,5.909999847412109,yfinance
2023-10-09,88.1500015258789,86.37999725341797,2.966599941253662,17.700000762939453,4335.66015625,106.08000183105469,1849.5,4.796999931335449,5.3480000495910645,5.96999979019165,yfinance
2023-10-10,87.6500015258789,85.97000122070312,3.0201001167297363,17.030000686645508,4358.240234375,105.83000183105469,1861.0,4.65500020980835,5.322999954223633,5.670000076293945,yfinance
2023-10-11,85.81999969482422,83.48999786376953,2.998500108718872,16.09000015258789,4376.9501953125,105.81999969482422,1872.800048828125,4.59499979019165,5.335000038146973,5.78000020980835,yfinance
2023-10-12,86.0,82.91000366210938,3.0448999404907227,16.690000534057617,4349.60986328125,106.56999969482422,1869.300048828125,4.711999893188477,5.335000038146973,5.599999904632568,yfinance
2023-10-13,90.88999938964844,87.69000244140625,3.211699962615967,19.31999969482422,4327.77978515625,106.6500015258789,1927.4000244140625,4.629000186920166,5.328000068664551,5.869999885559082,yfinance
2023-10-16,89.6500015258789,86.66000366210938,3.149199962615967,17.209999084472656,4373.6298828125,106.23999786376953,1921.0999755859375,4.711999893188477,5.328000068664551,5.809999942779541,yfinance
2023-10-17,89.9000015258789,86.66000366210938,3.1767001152038574,17.8799991607666,4373.2001953125,106.25,1922.699951171875,4.8470001220703125,5.340000152587891,6.090000152587891,yfinance
2023-10-18,91.5,88.31999969482422,3.1393001079559326,19.219999313354492,4314.60009765625,106.56999969482422,1955.300048828125,4.9039998054504395,5.329999923706055,5.829999923706055,yfinance
2023-10-19,92.37999725341797,89.37000274658203,3.1730000972747803,21.399999618530273,4278.0,106.25,1968.4000244140625,4.98799991607666,5.309999942779541,5.670000076293945,yfinance
2023-10-20,92.16000366210938,88.75,3.156599998474121,21.709999084472656,4224.16015625,106.16000366210938,1982.5,4.923999786376953,5.300000190734863,5.760000228881836,yfinance
2023-10-23,89.83000183105469,85.48999786376953,3.0954999923706055,20.3700008392334,4217.0400390625,105.54000091552734,1976.300048828125,4.8379998207092285,5.293000221252441,5.539999961853027,yfinance
2023-10-24,88.06999969482422,83.73999786376953,3.0448999404907227,18.969999313354492,4247.68017578125,106.2699966430664,1975.0,4.840000152587891,5.308000087738037,5.409999847412109,yfinance
2023-10-25,90.12999725341797,85.38999938964844,3.0304999351501465,20.190000534057617,4186.77001953125,106.52999877929688,1984.0999755859375,4.953000068664551,5.315000057220459,5.289999961853027,yfinance
2023-10-26,87.93000030517578,83.20999908447266,3.0439000129699707,20.68000030517578,4137.22998046875,106.5999984741211,1987.199951171875,4.84499979019165,5.300000190734863,5.179999828338623,yfinance
2023-10-27,90.4800033569336,85.54000091552734,3.0518999099731445,21.270000457763672,4117.3701171875,106.55999755859375,1988.5999755859375,4.84499979019165,5.304999828338623,5.059999942779541,yfinance
2023-10-30,87.44999694824219,82.30999755859375,2.9663000106811523,19.75,4166.81982421875,106.12000274658203,1996.199951171875,4.875,5.313000202178955,4.940000057220459,yfinance
2023-10-31,87.41000366210938,81.0199966430664,2.990999937057495,18.139999389648438,4193.7998046875,106.66000366210938,1985.199951171875,4.875,5.320000171661377,5.010000228881836,yfinance
2023-11-01,84.62999725341797,80.44000244140625,2.9614999294281006,16.8700008392334,4237.85986328125,106.87999725341797,1978.800048828125,4.789000034332275,5.300000190734863,4.800000190734863,yfinance
2023-11-02,86.8499984741211,82.45999908447266,3.0255000591278076,15.65999984741211,4317.77978515625,106.12000274658203,1985.5999755859375,4.669000148773193,5.269999980926514,5.010000228881836,yfinance
2023-11-03,84.88999938964844,80.51000213623047,2.923799991607666,14.90999984741211,4358.33984375,105.0199966430664,1991.5,4.558000087738037,5.252999782562256,5.150000095367432,yfinance
2023-11-06,85.18000030517578,80.81999969482422,2.952399969100952,14.890000343322754,4365.97998046875,105.22000122070312,1981.5999755859375,4.6620001792907715,5.260000228881836,5.269999980926514,yfinance
2023-11-07,81.61000061035156,77.37000274658203,2.838399887084961,14.8100004196167,4378.3798828125,105.54000091552734,1966.800048828125,4.571000099182129,5.2729997634887695,5.199999809265137,yfinance
2023-11-08,79.54000091552734,75.33000183105469,2.7492001056671143,14.449999809265137,4382.77978515625,105.58999633789062,1951.5,4.5229997634887695,5.26800012588501,5.400000095367432,yfinance
2023-11-09,80.01000213623047,75.73999786376953,2.719099998474121,15.289999961853027,4347.35009765625,105.91000366210938,1964.199951171875,4.630000114440918,5.263000011444092,5.800000190734863,yfinance
2023-11-10,81.43000030517578,77.16999816894531,2.7430999279022217,14.170000076293945,4415.240234375,105.86000061035156,1932.5999755859375,4.627999782562256,5.25,5.699999809265137,yfinance
2023-11-13,82.5199966430664,78.26000213623047,2.8392999172210693,14.760000228881836,4411.5498046875,105.66000366210938,1945.5,4.631999969482422,5.260000228881836,5.949999809265137,yfinance
2023-11-14,82.47000122070312,78.26000213623047,2.837100028991699,14.15999984741211,4495.7001953125,104.11000061035156,1961.800048828125,4.440999984741211,5.252999782562256,5.929999828338623,yfinance
2023-11-15,81.18000030517578,76.66000366210938,2.8687000274658203,14.180000305175781,4502.8798828125,104.38999938964844,1960.0999755859375,4.534999847412109,5.255000114440918,6.150000095367432,yfinance
2023-11-16,77.41999816894531,72.9000015258789,2.750200033187866,14.319999694824219,4508.240234375,104.37000274658203,1983.9000244140625,4.445000171661377,5.243000030517578,6.440000057220459,yfinance
2023-11-17,80.61000061035156,75.88999938964844,2.7725000381469727,13.800000190734863,4514.02001953125,103.81999969482422,1981.5999755859375,4.440999984741211,5.232999801635742,6.420000076293945,yfinance
2023-11-20,82.31999969482422,77.5999984741211,2.8494999408721924,13.40999984741211,4547.3798828125,103.47000122070312,1977.699951171875,4.421999931335449,5.23799991607666,6.420000076293945,yfinance
2023-11-21,82.44999694824219,77.7699966430664,2.9249000549316406,13.350000381469727,4538.18994140625,103.58999633789062,1999.300048828125,4.418000221252441,5.255000114440918,6.550000190734863,yfinance
2023-11-22,81.95999908447266,77.0999984741211,2.8891000747680664,12.850000381469727,4556.6201171875,103.91999816894531,1991.4000244140625,4.415999889373779,5.264999866485596,6.619999885559082,yfinance
2023-11-23,81.37000274658203,,2.8712000846862793,,,,,,,,yfinance
2023-11-24,80.58000183105469,75.54000091552734,2.835700035095215,12.460000038146973,4559.33984375,103.4000015258789,2002.199951171875,4.4720001220703125,5.252999782562256,7.519999980926514,yfinance
2023-11-27,79.9800033569336,74.86000061035156,2.837899923324585,12.6899995803833,4550.43017578125,103.19999694824219,2011.800048828125,4.388999938964844,5.257999897003174,7.769999980926514,yfinance
2023-11-28,81.68000030517578,76.41000366210938,2.9070000648498535,12.6899995803833,4554.89013671875,102.75,2039.699951171875,4.335999965667725,5.260000228881836,7.800000190734863,yfinance
2023-11-29,83.0999984741211,77.86000061035156,2.8884999752044678,12.979999542236328,4550.580078125,102.7699966430664,2047.0999755859375,4.270999908447266,5.239999771118164,8.710000038146973,yfinance
2023-11-30,82.83000183105469,75.95999908447266,2.8304998874664307,12.920000076293945,4567.7998046875,103.5,2038.0999755859375,4.3520002365112305,5.23799991607666,9.329999923706055,yfinance
2023-12-01,78.87999725341797,74.06999969482422,2.6614999771118164,12.630000114440918,4594.6298828125,103.2699966430664,2071.0,4.22599983215332,5.215000152587891,10.039999961853027,yfinance
2023-12-04,78.02999877929688,73.04000091552734,2.6596999168395996,13.079999923706055,4569.77978515625,103.63999938964844,2024.0999755859375,4.288000106811523,5.2230000495910645,9.34000015258789,yfinance
2023-12-05,77.19999694824219,72.31999969482422,2.6410999298095703,12.850000381469727,4567.18017578125,104.05000305175781,2018.5,4.171000003814697,5.243000030517578,8.300000190734863,yfinance
2023-12-06,74.30000305175781,69.37999725341797,2.576200008392334,12.970000267028809,4549.33984375,104.1500015258789,2030.5,4.120999813079834,5.243000030517578,8.229999542236328,yfinance
2023-12-07,74.05000305175781,69.33999633789062,2.5492000579833984,13.0600004196167,4585.58984375,103.54000091552734,2029.9000244140625,4.129000186920166,5.232999801635742,8.34000015258789,yfinance
2023-12-08,75.83999633789062,71.2300033569336,2.5810000896453857,12.350000381469727,4604.3701171875,104.01000213623047,1998.300048828125,4.244999885559082,5.232999801635742,8.699999809265137,yfinance
2023-12-11,76.02999877929688,71.31999969482422,2.6087000370025635,12.630000114440918,4622.43994140625,104.0999984741211,1978.0,4.238999843597412,5.232999801635742,8.600000381469727,yfinance
2023-12-12,73.23999786376953,68.61000061035156,2.5074000358581543,12.069999694824219,4643.7001953125,103.87000274658203,1977.800048828125,4.205999851226807,5.248000144958496,9.4399995803833,yfinance
2023-12-13,74.26000213623047,69.47000122070312,2.548099994659424,12.1899995803833,4707.08984375,102.87000274658203,1982.300048828125,4.0329999923706055,5.2230000495910645,8.869999885559082,yfinance
2023-12-14,76.61000061035156,71.58000183105469,2.5913000106811523,12.479999542236328,4719.5498046875,101.95999908447266,2030.199951171875,3.930000066757202,5.215000152587891,9.239999771118164,yfinance
2023-12-15,76.55000305175781,71.43000030517578,2.620800018310547,12.279999732971191,4719.18994140625,102.55000305175781,2021.0999755859375,3.927999973297119,5.224999904632568,9.920000076293945,yfinance
2023-12-18,77.94999694824219,72.47000122070312,2.672800064086914,12.5600004196167,4740.56005859375,102.51000213623047,2026.300048828125,3.9539999961853027,5.224999904632568,10.600000381469727,yfinance
2023-12-19,79.2300033569336,73.44000244140625,2.7167999744415283,12.529999732971191,4768.3701171875,102.16999816894531,2038.4000244140625,3.921999931335449,5.23799991607666,9.779999732971191,yfinance
2023-12-20,79.69999694824219,74.22000122070312,2.7084999084472656,13.670000076293945,4698.35009765625,102.41000366210938,2034.5,3.877000093460083,5.230000019073486,10.039999961853027,yfinance
2023-12-21,79.38999938964844,73.88999938964844,2.6967999935150146,13.649999618530273,4746.75,101.83999633789062,2039.0999755859375,3.8940000534057617,5.210000038146973,9.970000267028809,yfinance
2023-12-22,79.06999969482422,73.55999755859375,2.6612000465393066,13.029999732971191,4754.6298828125,101.69999694824219,2057.10009765625,3.9010000228881836,5.208000183105469,10.4399995803833,yfinance
2023-12-26,81.06999969482422,75.56999969482422,2.668800115585327,12.989999771118164,4774.75,101.47000122070312,2058.199951171875,3.885999917984009,5.203000068664551,10.399999618530273,yfinance
2023-12-27,79.6500015258789,74.11000061035156,2.6238999366760254,12.430000305175781,4781.580078125,100.98999786376953,2081.89990234375,3.7890000343322754,5.235000133514404,10.869999885559082,yfinance
2023-12-28,78.38999938964844,71.7699966430664,2.556299924850464,12.470000267028809,4783.35009765625,101.2300033569336,2073.89990234375,3.8499999046325684,5.2179999351501465,11.649999618530273,yfinance
2023-12-29,77.04000091552734,71.6500015258789,2.553100109100342,12.449999809265137,4769.830078125,101.33000183105469,2062.39990234375,3.865999937057495,5.179999828338623,11.5600004196167,yfinance
2024-01-02,75.88999938964844,70.37999725341797,2.5257999897003174,13.199999809265137,4742.830078125,102.19999694824219,2064.39990234375,3.946000099182129,5.2129998207092285,10.619999885559082,yfinance
2024-01-03,78.25,72.69999694824219,2.6043999195098877,14.039999961853027,4704.81005859375,102.45999908447266,2034.199951171875,3.9070000648498535,5.235000133514404,10.140000343322754,yfinance
2024-01-04,77.58999633789062,72.19000244140625,2.588399887084961,14.130000114440918,4688.68017578125,102.41999816894531,2042.300048828125,3.990999937057495,5.228000164031982,10.899999618530273,yfinance
2024-01-05,78.76000213623047,73.80999755859375,2.6085000038146973,13.350000381469727,4697.240234375,102.41000366210938,2042.4000244140625,4.041999816894531,5.21999979019165,10.609999656677246,yfinance
2024-01-08,76.12000274658203,70.7699966430664,2.576900005340576,13.079999923706055,4763.5400390625,102.20999908447266,2026.5999755859375,4.001999855041504,5.21999979019165,9.609999656677246,yfinance
2024-01-09,77.58999633789062,72.23999786376953,2.650399923324585,12.760000228881836,4756.5,102.56999969482422,2026.4000244140625,4.019000053405762,5.230000019073486,9.0,yfinance
2024-01-10,76.80000305175781,71.37000274658203,2.600600004196167,12.6899995803833,4783.4501953125,102.36000061035156,2021.699951171875,4.03000020980835,5.224999904632568,9.550000190734863,yfinance
2024-01-11,77.41000366210938,72.0199966430664,2.673799991607666,12.4399995803833,4780.240234375,102.29000091552734,2014.300048828125,3.9769999980926514,5.2179999351501465,9.4399995803833,yfinance
2024-01-12,78.29000091552734,72.68000030517578,2.669300079345703,12.699999809265137,4783.830078125,102.4000015258789,2046.699951171875,3.950000047683716,5.197999954223633,9.5,yfinance
2024-01-16,78.29000091552734,72.4000015258789,2.660599946975708,13.84000015258789,4765.97998046875,103.36000061035156,2026.0,4.065999984741211,5.203000068664551,9.770000457763672,yfinance
2024-01-17,77.87999725341797,72.55999755859375,2.653599977493286,14.789999961853027,4739.2099609375,103.44999694824219,2002.5999755859375,4.105999946594238,5.215000152587891,10.0600004196167,yfinance
2024-01-18,79.0999984741211,74.08000183105469,2.6935999393463135,14.130000114440918,4780.93994140625,103.54000091552734,2018.5999755859375,4.144000053405762,5.199999809265137,11.1899995803833,yfinance
2024-01-19,78.55999755859375,73.41000366210938,2.662100076675415,13.300000190734863,4839.81005859375,103.29000091552734,2026.5,4.145999908447266,5.197999954223633,11.050000190734863,yfinance
2024-01-22,80.05999755859375,75.19000244140625,2.69350004196167,13.1899995803833,4850.43017578125,103.33000183105469,2019.800048828125,4.093999862670898,5.199999809265137,10.430000305175781,yfinance
2024-01-23,79.55000305175781,74.37000274658203,2.6912999153137207,12.550000190734863,4864.60009765625,103.62000274658203,2023.699951171875,4.142000198364258,5.210000038146973,10.720000267028809,yfinance
2024-01-24,80.04000091552734,75.08999633789062,2.68179988861084,13.140000343322754,4868.5498046875,103.23999786376953,2013.9000244140625,4.177999973297119,5.210000038146973,11.75,yfinance
2024-01-25,82.43000030517578,77.36000061035156,2.7953999042510986,13.449999809265137,4894.16015625,103.56999969482422,2016.9000244140625,4.131999969482422,5.195000171661377,11.100000381469727,yfinance
2024-01-26,83.55000305175781,78.01000213623047,2.843400001525879,13.260000228881836,4890.97021484375,103.47000122070312,2016.800048828125,4.159999847412109,5.199999809265137,11.0600004196167,yfinance
2024-01-29,82.4000015258789,76.77999877929688,2.833899974822998,13.600000381469727,4927.93017578125,103.61000061035156,2025.199951171875,4.091000080108643,5.199999809265137,10.75,yfinance
2024-01-30,82.87000274658203,77.81999969482422,2.80679988861084,13.3100004196167,4924.97021484375,103.4000015258789,2031.5,4.059000015258789,5.203000068664551,10.979999542236328,yfinance
2024-01-31,81.70999908447266,75.8499984741211,2.808199882507324,14.350000381469727,4845.64990234375,103.2699966430664,2048.39990234375,3.9670000076293945,5.188000202178955,11.239999771118164,yfinance
2024-02-01,78.69999694824219,73.81999969482422,2.712899923324585,13.880000114440918,4906.18994140625,103.05000305175781,2053.0,3.86299991607666,5.199999809265137,11.109999656677246,yfinance
2024-02-02,77.33000183105469,72.27999877929688,2.6600000858306885,13.850000381469727,4958.60986328125,103.91999816894531,2036.0999755859375,4.0329999923706055,5.210000038146973,11.170000076293945,yfinance
2024-02-05,77.98999786376953,72.77999877929688,2.7248001098632812,13.670000076293945,4942.81005859375,104.44999694824219,2025.699951171875,4.164000034332275,5.228000164031982,11.8100004196167,yfinance
2024-02-06,78.58999633789062,73.30999755859375,2.7427000999450684,13.0600004196167,4954.22998046875,104.18000030517578,2034.5,4.090000152587891,5.2230000495910645,12.640000343322754,yfinance
2024-02-07,79.20999908447266,73.86000061035156,2.815200090408325,12.829999923706055,4995.06005859375,104.04000091552734,2035.199951171875,4.110000133514404,5.2230000495910645,11.800000190734863,yfinance
2024-02-08,81.62999725341797,76.22000122070312,2.8907999992370605,12.789999961853027,4997.91015625,104.1500015258789,2032.199951171875,4.170000076293945,5.2179999351501465,12.550000190734863,yfinance
2024-02-09,82.19000244140625,76.83999633789062,2.964200019836426,12.930000305175781,5026.60986328125,104.08000183105469,2023.300048828125,4.186999797821045,5.21999979019165,12.350000381469727,yfinance
2024-02-12,82.0,76.91999816894531,2.919600009918213,13.930000305175781,5021.83984375,104.16999816894531,2018.199951171875,4.171999931335449,5.228000164031982,12.5,yfinance
2024-02-13,82.7699966430664,77.87000274658203,2.895900011062622,15.850000381469727,4953.169921875,104.95999908447266,1992.9000244140625,4.315999984741211,5.232999801635742,12.260000228881836,yfinance
2024-02-14,81.5999984741211,76.63999938964844,2.8101000785827637,14.380000114440918,5000.6201171875,104.72000122070312,1990.300048828125,4.267000198364258,5.2179999351501465,12.75,yfinance
2024-02-15,82.86000061035156,78.02999877929688,2.823699951171875,14.010000228881836,5029.72998046875,104.30000305175781,2002.0999755859375,4.239999771118164,5.2179999351501465,12.789999961853027,yfinance
2024-02-16,83.47000122070312,79.19000244140625,2.8066000938415527,14.239999771118164,5005.56982421875,104.27999877929688,2011.5,4.295000076293945,5.2230000495910645,12.819999694824219,yfinance
2024-02-20,82.33999633789062,78.18000030517578,2.7314999103546143,15.420000076293945,4975.509765625,104.08000183105469,2027.5,4.275000095367432,5.2129998207092285,12.5,yfinance
2024-02-21,83.02999877929688,77.91000366210938,2.705199956893921,15.34000015258789,4981.7998046875,104.01000213623047,2022.300048828125,4.324999809265137,5.235000133514404,12.949999809265137,yfinance
2024-02-22,83.66999816894531,78.61000061035156,2.752000093460083,14.539999961853027,5087.02978515625,103.95999908447266,2019.699951171875,4.327000141143799,5.232999801635742,13.510000228881836,yfinance
2024-02-23,81.62000274658203,76.48999786376953,2.68969988822937,13.75,5088.7998046875,103.94000244140625,2038.5999755859375,4.260000228881836,5.239999771118164,14.336999893188477,yfinance
2024-02-26,82.52999877929688,77.58000183105469,2.762700080871582,13.739999771118164,5069.52978515625,103.83000183105469,2028.5,4.298999786376953,5.25,13.732999801635742,yfinance
2024-02-27,83.6500015258789,78.87000274658203,2.746000051498413,13.430000305175781,5078.18017578125,103.83000183105469,2034.0,4.315000057220459,5.244999885559082,14.449999809265137,yfinance
2024-02-28,83.68000030517578,78.54000091552734,2.6582999229431152,13.84000015258789,5069.759765625,103.9800033569336,2033.0,4.27400016784668,5.239999771118164,15.029999732971191,yfinance
2024-02-29,83.62000274658203,78.26000213623047,2.683799982070923,13.399999618530273,5096.27001953125,104.16000366210938,2045.699951171875,4.251999855041504,5.2230000495910645,15.25,yfinance
2024-03-01,83.55000305175781,79.97000122070312,2.704200029373169,13.109999656677246,5137.080078125,103.86000061035156,2086.89990234375,4.179999828338623,5.215000152587891,16.100000381469727,yfinance
2024-03-04,82.80000305175781,78.73999786376953,2.647200107574463,13.489999771118164,5130.9501953125,103.83000183105469,2117.699951171875,4.218999862670898,5.2230000495910645,16.229999542236328,yfinance
2024-03-05,82.04000091552734,78.1500015258789,2.6064999103546143,14.460000038146973,5078.64990234375,103.80000305175781,2133.5,4.13700008392334,5.224999904632568,15.75,yfinance
2024-03-06,82.95999908447266,79.12999725341797,2.663300037384033,14.5,5104.759765625,103.37000274658203,2150.300048828125,4.104000091552734,5.230000019073486,15.569999694824219,yfinance
2024-03-07,82.95999908447266,78.93000030517578,2.694700002670288,14.4399995803833,5157.35986328125,102.81999969482422,2158.0,4.0920000076293945,5.228000164031982,16.43000030517578,yfinance
2024-03-08,82.08000183105469,78.01000213623047,2.640899896621704,14.739999771118164,5123.68994140625,102.73999786376953,2178.60009765625,4.089000225067139,5.228000164031982,16.84000015258789,yfinance
2024-03-11,82.20999908447266,77.93000030517578,2.6517999172210693,15.220000267028809,5117.93994140625,102.87000274658203,2182.5,4.104000091552734,5.239999771118164,16.040000915527344,yfinance
2024-03-12,81.91999816894531,77.55999755859375,2.616499900817871,13.84000015258789,5175.27001953125,102.95999908447266,2160.39990234375,4.15500020980835,5.239999771118164,16.479999542236328,yfinance
2024-03-13,84.02999877929688,79.72000122070312,2.6851000785827637,13.75,5165.31005859375,102.79000091552734,2175.39990234375,4.191999912261963,5.23799991607666,16.25,yfinance
2024-03-14,85.41999816894531,81.26000213623047,2.7088000774383545,14.399999618530273,5150.47998046875,103.36000061035156,2163.0,4.297999858856201,5.23799991607666,16.059999465942383,yfinance
2024-03-15,85.33999633789062,81.04000091552734,2.7269999980926514,14.40999984741211,5117.08984375,103.43000030517578,2157.300048828125,4.303999900817871,5.23799991607666,15.6899995803833,yfinance
2024-03-18,86.88999938964844,82.72000122070312,2.7881999015808105,14.329999923706055,5149.419921875,103.58000183105469,2160.699951171875,4.340000152587891,5.23799991607666,16.190000534057617,yfinance
2024-03-19,87.37999725341797,83.47000122070312,2.760699987411499,13.819999694824219,5178.509765625,103.80999755859375,2156.300048828125,4.296999931335449,5.23799991607666,15.489999771118164,yfinance
2024-03-20,85.94999694824219,81.68000030517578,2.69569993019104,13.039999961853027,5224.6201171875,103.41000366210938,2157.89990234375,4.2729997634887695,5.228000164031982,14.680000305175781,yfinance
2024-03-21,85.77999877929688,81.06999969482422,2.668800115585327,12.920000076293945,5241.52978515625,104.0,2182.39990234375,4.270999908447266,5.228000164031982,15.270000457763672,yfinance
2024-03-22,85.43000030517578,80.62999725341797,2.65339994430542,13.0600004196167,5234.18017578125,104.43000030517578,2158.10009765625,4.2179999351501465,5.21999979019165,14.729999542236328,yfinance
2024-03-25,86.75,81.94999694824219,2.6786000728607178,13.1899995803833,5218.18994140625,104.2300033569336,2174.800048828125,4.252999782562256,5.2179999351501465,14.069999694824219,yfinance
2024-03-26,86.25,81.62000274658203,2.621799945831299,13.239999771118164,5203.580078125,104.29000091552734,2175.60009765625,4.234000205993652,5.2179999351501465,13.380000114440918,yfinance
2024-03-27,86.08999633789062,81.3499984741211,2.598599910736084,12.779999732971191,5248.490234375,104.3499984741211,2190.60009765625,4.196000099182129,5.215000152587891,13.350000381469727,yfinance
2024-03-28,87.4800033569336,83.16999816894531,2.615600109100342,13.010000228881836,5254.35009765625,104.55000305175781,2217.39990234375,4.205999851226807,5.203000068664551,13.859999656677246,yfinance
2024-04-01,87.41999816894531,83.70999908447266,2.6270999908447266,13.649999618530273,5243.77001953125,105.0199966430664,2236.5,4.328999996185303,5.2179999351501465,13.890000343322754,yfinance
2024-04-02,88.91999816894531,85.1500015258789,2.711899995803833,14.609999656677246,5205.81005859375,104.81999969482422,2261.0,4.364999771118164,5.2129998207092285,12.699999809265137,yfinance
2024-04-03,89.3499984741211,85.43000030517578,2.7323999404907227,14.329999923706055,5211.490234375,104.25,2294.39990234375,4.355000019073486,5.210000038146973,13.319999694824219,yfinance
2024-04-04,90.6500015258789,86.58999633789062,2.741300106048584,16.350000381469727,5147.2099609375,104.12000274658203,2288.800048828125,4.309000015258789,5.203000068664551,12.710000038146973,yfinance
2024-04-05,91.16999816894531,86.91000366210938,2.7730000019073486,16.030000686645508,5204.33984375,104.30000305175781,2325.699951171875,4.377999782562256,5.215000152587891,12.850000381469727,yfinance
2024-04-08,90.37999725341797,86.43000030517578,2.7286999225616455,15.1899995803833,5202.39013671875,104.13999938964844,2331.699951171875,4.423999786376953,5.2230000495910645,12.510000228881836,yfinance
2024-04-09,89.41999816894531,85.2300033569336,2.677000045776367,14.979999542236328,5209.91015625,104.1500015258789,2343.5,4.366000175476074,5.21999979019165,12.779999732971191,yfinance
2024-04-10,90.4800033569336,86.20999908447266,2.7076001167297363,15.800000190734863,5160.64013671875,105.25,2329.60009765625,4.559999942779541,5.243000030517578,13.5,yfinance
2024-04-11,89.73999786376953,85.0199966430664,2.6598000526428223,14.90999984741211,5199.06005859375,105.27999877929688,2354.800048828125,4.576000213623047,5.23799991607666,13.539999961853027,yfinance
2024-04-12,90.44999694824219,85.66000366210938,2.6851000785827637,17.309999465942383,5123.41015625,106.04000091552734,2356.199951171875,4.499000072479248,5.230000019073486,13.670000076293945,yfinance
2024-04-15,90.0999984741211,85.41000366210938,2.6542000770568848,19.229999542236328,5061.81982421875,106.20999908447266,2365.800048828125,4.627999782562256,5.23799991607666,13.5600004196167,yfinance
2024-04-16,90.0199966430664,85.36000061035156,2.6512999534606934,18.399999618530273,5051.41015625,106.26000213623047,2390.800048828125,4.658999919891357,5.232999801635742,13.399999618530273,yfinance
2024-04-17,87.29000091552734,82.69000244140625,2.574700117111206,18.209999084472656,5022.2099609375,105.94999694824219,2371.699951171875,4.585000038146973,5.239999771118164,13.8100004196167,yfinance
2024-04-18,87.11000061035156,82.7300033569336,2.533900022506714,18.0,5011.1201171875,106.1500015258789,2382.300048828125,4.646999835968018,5.243000030517578,13.430000305175781,yfinance
2024-04-19,87.29000091552734,83.13999938964844,2.541300058364868,18.709999084472656,4967.22998046875,106.1500015258789,2398.39990234375,4.614999771118164,5.244999885559082,13.609999656677246,yfinance
2024-04-22,87.0,82.8499984741211,2.5604000091552734,16.940000534057617,5010.60009765625,106.08000183105469,2332.199951171875,4.623000144958496,5.244999885559082,13.029999732971191,yfinance
2024-04-23,88.41999816894531,83.36000061035156,2.579200029373169,15.6899995803833,5070.5498046875,105.69000244140625,2327.699951171875,4.5980000495910645,5.244999885559082,13.399999618530273,yfinance
2024-04-24,88.0199966430664,82.80999755859375,2.5499000549316406,15.970000267028809,5071.6298828125,105.86000061035156,2324.5,4.6519999504089355,5.255000114440918,13.15999984741211,yfinance
2024-04-25,89.01000213623047,83.56999969482422,2.5504000186920166,15.369999885559082,5048.419921875,105.5999984741211,2329.800048828125,4.705999851226807,5.244999885559082,13.020000457763672,yfinance
2024-04-26,89.5,83.8499984741211,2.5481998920440674,15.029999732971191,5099.9599609375,105.94000244140625,2334.800048828125,4.669000148773193,5.23799991607666,12.819999694824219,yfinance
2024-04-29,88.4000015258789,82.62999725341797,2.5313000679016113,14.670000076293945,5116.169921875,105.58000183105469,2345.39990234375,4.613999843597412,5.243000030517578,12.600000381469727,yfinance
2024-04-30,87.86000061035156,81.93000030517578,2.513400077819824,15.649999618530273,5035.68994140625,106.22000122070312,2291.39990234375,4.685999870300293,5.244999885559082,12.710000038146973,yfinance
2024-05-01,83.44000244140625,79.0,2.451900005340576,15.390000343322754,5018.39013671875,105.76000213623047,2299.89990234375,4.59499979019165,5.25,12.6899995803833,yfinance
2024-05-02,83.66999816894531,78.94999694824219,2.4430999755859375,14.680000305175781,5064.2001953125,105.30000305175781,2299.199951171875,4.571000099182129,5.23799991607666,13.460000038146973,yfinance
2024-05-03,82.95999908447266,78.11000061035156,2.4433999061584473,13.489999771118164,5127.7900390625,105.02999877929688,2299.0,4.5,5.235000133514404,13.449999809265137,yfinance
2024-05-06,83.33000183105469,78.4800033569336,2.461400032043457,13.489999771118164,5180.740234375,105.05000305175781,2321.60009765625,4.488999843597412,5.239999771118164,13.569999694824219,yfinance
2024-05-07,83.16000366210938,78.37999725341797,2.46560001373291,13.229999542236328,5187.7001953125,105.41000366210938,2315.199951171875,4.4629998207092285,5.243000030517578,14.600000381469727,yfinance
2024-05-08,83.58000183105469,78.98999786376953,2.476099967956543,13.0,5187.669921875,105.55000305175781,2313.60009765625,4.492000102996826,5.244999885559082,13.930000305175781,yfinance
2024-05-09,83.87999725341797,79.26000213623047,2.47760009765625,12.6899995803833,5214.080078125,105.2300033569336,2332.10009765625,4.448999881744385,5.239999771118164,13.65999984741211,yfinance
2024-05-10,82.79000091552734,78.26000213623047,2.4344000816345215,12.550000190734863,5222.68017578125,105.30999755859375,2367.300048828125,4.504000186920166,5.243000030517578,13.739999771118164,yfinance
2024-05-13,83.36000061035156,79.12000274658203,2.436800003051758,13.600000381469727,5221.419921875,105.22000122070312,2336.10009765625,4.480999946594238,5.239999771118164,13.270000457763672,yfinance
2024-05-14,82.37999725341797,78.0199966430664,2.4200000762939453,13.420000076293945,5246.68017578125,105.01000213623047,2353.39990234375,4.445000171661377,5.235000133514404,12.949999809265137,yfinance
2024-05-15,82.75,78.62999725341797,2.423099994659424,12.449999809265137,5308.14990234375,104.3499984741211,2388.699951171875,4.355999946594238,5.239999771118164,12.619999885559082,yfinance
2024-05-16,83.2699966430664,79.2300033569336,2.443700075149536,12.420000076293945,5297.10009765625,104.45999908447266,2380.0,4.376999855041504,5.243000030517578,12.75,yfinance
2024-05-17,83.9800033569336,80.05999755859375,2.486299991607666,11.989999771118164,5303.27001953125,104.44999694824219,2412.199951171875,4.420000076293945,5.239999771118164,12.729999542236328,yfinance
2024-05-20,83.70999908447266,79.80000305175781,2.4870998859405518,12.149999618530273,5308.1298828125,104.56999969482422,2433.89990234375,4.436999797821045,5.239999771118164,12.829999923706055,yfinance
2024-05-21,82.87999725341797,79.26000213623047,2.4623000621795654,11.859999656677246,5321.41015625,104.66000366210938,2421.699951171875,4.414000034332275,5.239999771118164,12.380000114440918,yfinance
2024-05-22,81.9000015258789,77.56999969482422,2.43179988861084,12.289999961853027,5307.009765625,104.94000244140625,2389.199951171875,4.434000015258789,5.244999885559082,12.140000343322754,yfinance
2024-05-23,81.36000061035156,76.87000274658203,2.411799907684326,12.770000457763672,5267.83984375,105.11000061035156,2335.0,4.474999904632568,5.244999885559082,12.100000381469727,yfinance
2024-05-24,82.12000274658203,77.72000122070312,2.413599967956543,11.930000305175781,5304.72021484375,104.72000122070312,2332.5,4.4670000076293945,5.244999885559082,12.260000228881836,yfinance
2024-05-28,84.22000122070312,79.83000183105469,2.4649999141693115,12.920000076293945,5306.0400390625,104.61000061035156,2355.199951171875,4.541999816894531,5.248000144958496,12.0,yfinance
2024-05-29,83.5999984741211,79.2300033569336,2.437000036239624,14.279999732971191,5266.9501953125,105.0999984741211,2340.300048828125,4.624000072479248,5.25,12.079999923706055,yfinance
2024-05-30,81.86000061035156,77.91000366210938,2.3694000244140625,14.470000267028809,5235.47998046875,104.72000122070312,2342.89990234375,4.553999900817871,5.248000144958496,12.15999984741211,yfinance
2024-05-31,81.62000274658203,76.98999786376953,2.363600015640259,12.920000076293945,5277.509765625,104.66999816894531,2322.89990234375,4.513999938964844,5.244999885559082,11.9399995803833,yfinance
2024-06-03,78.36000061035156,74.22000122070312,2.2962000370025635,13.109999656677246,5283.39990234375,104.13999938964844,2346.60009765625,4.4019999504089355,5.243000030517578,12.119999885559082,yfinance
2024-06-04,77.5199966430664,73.25,2.285900115966797,13.15999984741211,5291.33984375,104.11000061035156,2325.5,4.335999965667725,5.239999771118164,12.25,yfinance
2024-06-05,78.41000366210938,74.06999969482422,2.301100015640259,12.630000114440918,5354.02978515625,104.2699966430664,2354.10009765625,4.289000034332275,5.239999771118164,12.0600004196167,yfinance
2024-06-06,79.87000274658203,75.55000305175781,2.357599973678589,12.579999923706055,5352.9599609375,104.0999984741211,2370.300048828125,4.281000137329102,5.232999801635742,12.0600004196167,yfinance
2024-06-07,79.62000274658203,75.52999877929688,2.3517000675201416,12.220000267028809,5346.990234375,104.88999938964844,2305.199951171875,4.429999828338623,5.23799991607666,11.84000015258789,yfinance
2024-06-10,81.62999725341797,77.73999786376953,2.4147000312805176,12.739999771118164,5360.7900390625,105.1500015258789,2307.699951171875,4.468999862670898,5.232999801635742,11.460000038146973,yfinance
2024-06-11,81.91999816894531,77.9000015258789,2.421299934387207,12.850000381469727,5375.31982421875,105.2300033569336,2307.5,4.4039998054504395,5.244999885559082,11.420000076293945,yfinance
2024-06-12,82.5999984741211,78.5,2.4407999515533447,12.039999961853027,5421.02978515625,104.6500015258789,2336.0,4.295000076293945,5.243000030517578,11.9399995803833,yfinance
2024-06-13,82.75,78.62000274658203,2.486799955368042,11.9399995803833,5433.740234375,105.19999694824219,2300.199951171875,4.23799991607666,5.239999771118164,12.119999885559082,yfinance
2024-06-14,82.62000274658203,78.44999694824219,2.470599889755249,12.65999984741211,5431.60009765625,105.55000305175781,2331.39990234375,4.2129998207092285,5.239999771118164,11.770000457763672,yfinance
2024-06-17,84.25,80.33000183105469,2.4825000762939453,12.75,5473.22998046875,105.31999969482422,2312.39990234375,4.2789998054504395,5.243000030517578,11.960000038146973,yfinance
2024-06-18,85.33000183105469,81.56999969482422,2.5208001136779785,12.300000190734863,5487.02978515625,105.26000213623047,2330.39990234375,4.2170000076293945,5.235000133514404,11.869999885559082,yfinance
2024-06-20,85.70999908447266,82.16999816894531,2.5244998931884766,13.279999732971191,5473.169921875,105.58999633789062,2353.800048828125,4.254000186920166,5.224999904632568,11.920000076293945,yfinance
2024-06-21,85.23999786376953,80.7300033569336,2.491499900817871,13.199999809265137,5464.6201171875,105.80000305175781,2316.39990234375,4.256999969482422,5.215000152587891,11.779999732971191,yfinance
2024-06-24,86.01000213623047,81.62999725341797,2.521399974822998,13.329999923706055,5447.8701171875,105.47000122070312,2330.0,4.248000144958496,5.210000038146973,11.4399995803833,yfinance
2024-06-25,85.01000213623047,80.83000183105469,2.509399890899658,12.84000015258789,5469.2998046875,105.61000061035156,2316.60009765625,4.23799991607666,5.2230000495910645,11.399999618530273,yfinance
2024-06-26,85.25,80.9000015258789,2.5374999046325684,12.550000190734863,5477.89990234375,106.05000305175781,2299.199951171875,4.315999984741211,5.230000019073486,11.800000190734863,yfinance
2024-06-27,86.38999938964844,81.73999786376953,2.547600030899048,12.239999771118164,5482.8701171875,105.91000366210938,2324.5,4.288000106811523,5.2230000495910645,11.920000076293945,yfinance
2024-06-28,86.41000366210938,81.54000091552734,2.516900062561035,12.4399995803833,5460.47998046875,105.87000274658203,2327.699951171875,4.3429999351501465,5.2129998207092285,12.239999771118164,yfinance
2024-07-01,86.5999984741211,83.37999725341797,2.6147000789642334,12.220000267028809,5475.08984375,105.9000015258789,2327.60009765625,4.479000091552734,5.2179999351501465,12.5,yfinance
2024-07-02,86.23999786376953,82.80999755859375,2.629699945449829,12.029999732971191,5509.009765625,105.72000122070312,2323.0,4.435999870300293,5.228000164031982,11.859999656677246,yfinance
2024-07-03,87.33999633789062,83.87999725341797,2.6342999935150146,12.09000015258789,5537.02001953125,105.4000015258789,2359.800048828125,4.355000019073486,5.230000019073486,12.0,yfinance
2024-07-05,86.54000091552734,83.16000366210938,2.602400064468384,12.479999542236328,5567.18994140625,104.87999725341797,2388.5,4.271999835968018,5.224999904632568,11.329999923706055,yfinance
2024-07-08,85.75,82.33000183105469,2.5790998935699463,12.369999885559082,5572.85009765625,105.01000213623047,2355.199951171875,4.269000053405762,5.2179999351501465,11.520000457763672,yfinance
2024-07-09,84.66000366210938,81.41000366210938,2.5236001014709473,12.510000228881836,5576.97998046875,105.12000274658203,2360.10009765625,4.300000190734863,5.224999904632568,11.65999984741211,yfinance
2024-07-10,85.08000183105469,82.0999984741211,2.518399953842163,12.850000381469727,5633.91015625,105.05000305175781,2372.199951171875,4.28000020980835,5.224999904632568,11.979999542236328,yfinance
2024-07-11,85.4000015258789,82.62000274658203,2.518199920654297,12.920000076293945,5584.5400390625,104.44000244140625,2415.0,4.192999839782715,5.197999954223633,11.9399995803833,yfinance
2024-07-12,85.02999877929688,82.20999908447266,2.5095999240875244,12.460000038146973,5615.35009765625,104.08999633789062,2414.0,4.189000129699707,5.197999954223633,12.079999923706055,yfinance
2024-07-15,84.8499984741211,81.91000366210938,2.5136001110076904,13.119999885559082,5631.22021484375,104.19000244140625,2422.89990234375,4.229000091552734,5.192999839782715,11.720000267028809,yfinance
2024-07-16,83.7300033569336,80.76000213623047,2.4688000679016113,13.1899995803833,5667.2001953125,104.2699966430664,2462.39990234375,4.166999816894531,5.192999839782715,11.600000381469727,yfinance
2024-07-17,85.08000183105469,82.8499984741211,2.49399995803833,14.479999542236328,5588.27001953125,103.75,2454.800048828125,4.145999908447266,5.195000171661377,11.6899995803833,yfinance
2024-07-18,85.11000061035156,82.81999969482422,2.486799955368042,15.930000305175781,5544.58984375,104.16999816894531,2451.800048828125,4.189000129699707,5.192999839782715,11.800000190734863,yfinance
2024-07-19,82.62999725341797,80.12999725341797,2.419100046157837,16.520000457763672,5505.0,104.4000015258789,2395.5,4.238999843597412,5.192999839782715,11.760000228881836,yfinance
2024-07-22,82.4000015258789,79.77999877929688,2.434799909591675,14.90999984741211,5564.41015625,104.30999755859375,2392.0,4.260000228881836,5.190000057220459,11.770000457763672,yfinance
2024-07-23,81.01000213623047,76.95999908447266,2.409899950027466,14.720000267028809,5555.740234375,104.44999694824219,2404.60009765625,4.238999843597412,5.172999858856201,11.489999771118164,yfinance
2024-07-24,81.70999908447266,77.58999633789062,2.452399969100952,18.040000915527344,5427.1298828125,104.38999938964844,2413.300048828125,4.285999774932861,5.170000076293945,11.640000343322754,yfinance
2024-07-25,82.37000274658203,78.27999877929688,2.4711999893188477,18.459999084472656,5399.22021484375,104.36000061035156,2351.89990234375,4.25600004196167,5.159999847412109,11.359999656677246,yfinance
2024-07-26,81.12999725341797,77.16000366210938,2.4196999073028564,16.389999389648438,5459.10009765625,104.31999969482422,2380.0,4.199999809265137,5.15500020980835,11.0600004196167,yfinance
2024-07-29,79.77999877929688,75.80999755859375,2.375,16.600000381469727,5463.5400390625,104.55999755859375,2377.300048828125,4.177999973297119,5.146999835968018,11.229999542236328,yfinance
2024-07-30,78.62999725341797,74.7300033569336,2.3368000984191895,17.690000534057617,5436.43994140625,104.55000305175781,2405.0,4.14300012588501,5.135000228881836,10.829999923706055,yfinance
2024-07-31,80.72000122070312,77.91000366210938,2.4154999256134033,16.360000610351562,5522.2998046875,104.0999984741211,2426.5,4.109000205993652,5.135000228881836,10.720000267028809,yfinance
2024-08-01,79.5199966430664,76.30999755859375,2.406399965286255,18.59000015258789,5446.68017578125,104.41999816894531,2435.0,3.9760000705718994,5.114999771118164,10.890000343322754,yfinance
2024-08-02,76.80999755859375,73.5199966430664,2.31850004196167,23.389999389648438,5346.56005859375,103.20999908447266,2425.699951171875,3.7920000553131104,5.03000020980835,10.9399995803833,yfinance
2024-08-05,76.30000305175781,72.94000244140625,2.2985999584198,38.56999969482422,5186.330078125,102.69000244140625,2401.699951171875,3.7850000858306885,5.059999942779541,10.770000457763672,yfinance
2024-08-06,76.4800033569336,73.19999694824219,2.295799970626831,27.709999084472656,5240.02978515625,102.97000122070312,2389.10009765625,3.888000011444092,5.079999923706055,10.979999542236328,yfinance
2024-08-07,78.33000183105469,75.2300033569336,2.355600118637085,27.850000381469727,5199.5,103.19999694824219,2390.5,3.9679999351501465,5.079999923706055,10.770000457763672,yfinance
2024-08-08,79.16000366210938,76.19000244140625,2.357800006866455,23.790000915527344,5319.31005859375,103.20999908447266,2422.199951171875,3.996999979019165,5.083000183105469,10.899999618530273,yfinance
2024-08-09,79.66000366210938,76.83999633789062,2.3396999835968018,20.3700008392334,5344.16015625,103.13999938964844,2432.10009765625,3.941999912261963,5.074999809265137,10.710000038146973,yfinance
2024-08-12,82.30000305175781,80.05999755859375,2.4065001010894775,20.709999084472656,5344.39013671875,103.13999938964844,2462.39990234375,3.9089999198913574,5.072999954223633,10.579999923706055,yfinance
2024-08-13,80.69000244140625,78.3499984741211,2.38919997215271,18.1200008392334,5434.43017578125,102.55999755859375,2466.699951171875,3.8519999980926514,5.052999973297119,10.829999923706055,yfinance
2024-08-14,79.76000213623047,76.9800033569336,2.3682000637054443,16.190000534057617,5455.2099609375,102.56999969482422,2439.39990234375,3.819999933242798,5.063000202178955,10.899999618530273,yfinance
2024-08-15,81.04000091552734,78.16000366210938,2.3778998851776123,15.229999542236328,5543.22021484375,102.9800033569336,2453.10009765625,3.9260001182556152,5.079999923706055,10.770000457763672,yfinance
2024-08-16,79.68000030517578,76.6500015258789,2.328700065612793,14.800000190734863,5554.25,102.45999908447266,2498.60009765625,3.8919999599456787,5.074999809265137,10.6899995803833,yfinance
2024-08-19,77.66000366210938,74.37000274658203,2.2634999752044678,14.649999618530273,5608.25,101.88999938964844,2501.800048828125,3.867000102996826,5.063000202178955,10.449999809265137,yfinance
2024-08-20,77.19999694824219,74.04000091552734,2.263200044631958,15.880000114440918,5597.1201171875,101.44000244140625,2511.300048828125,3.818000078201294,5.0329999923706055,10.6899995803833,yfinance
2024-08-21,76.05000305175781,71.93000030517578,2.2497000694274902,16.270000457763672,5620.85009765625,101.04000091552734,2508.39990234375,3.7780001163482666,5.005000114440918,10.800000190734863,yfinance
2024-08-22,77.22000122070312,73.01000213623047,2.2634999752044678,17.549999237060547,5570.64013671875,101.51000213623047,2478.89990234375,3.861999988555908,5.025000095367432,10.592000007629395,yfinance
2024-08-23,79.0199966430664,74.83000183105469,2.2997000217437744,15.859999656677246,5634.60986328125,100.72000122070312,2508.39990234375,3.806999921798706,5.0,10.40999984741211,yfinance
2024-08-26,81.43000030517578,77.41999816894531,2.3480000495910645,16.149999618530273,5616.83984375,100.8499984741211,2517.699951171875,3.818000078201294,4.998000144958496,10.65999984741211,yfinance
2024-08-27,79.55000305175781,75.52999877929688,2.2862000465393066,15.430000305175781,5625.7998046875,100.55000305175781,2516.0,3.8329999446868896,4.9679999351501465,10.6899995803833,yfinance
2024-08-28,78.6500015258789,74.5199966430664,2.229099988937378,17.110000610351562,5592.18017578125,101.08999633789062,2501.0,3.8410000801086426,4.954999923706055,10.694999694824219,yfinance
2024-08-29,79.94000244140625,75.91000366210938,2.2839999198913574,15.649999618530273,5591.9599609375,101.33999633789062,2525.699951171875,3.867000102996826,4.965000152587891,11.140000343322754,yfinance
2024-08-30,78.80000305175781,73.55000305175781,2.251499891281128,15.0,5648.39990234375,101.69999694824219,2493.800048828125,3.9110000133514404,4.9679999351501465,11.109999656677246,yfinance
2024-09-03,73.75,70.33999633789062,2.2060000896453857,20.719999313354492,5528.93017578125,101.83000183105469,2489.89990234375,3.8440001010894775,4.96999979019165,10.5,yfinance
2024-09-04,72.69999694824219,69.19999694824219,2.1575000286102295,21.31999969482422,5520.06982421875,101.36000061035156,2493.39990234375,3.7679998874664307,4.947999954223633,10.619999885559082,yfinance
2024-09-05,72.69000244140625,69.1500015258789,2.1689000129699707,19.899999618530273,5503.41015625,101.11000061035156,2511.39990234375,3.7309999465942383,4.932000160217285,10.739999771118164,yfinance
2024-09-06,71.05999755859375,67.66999816894531,2.115000009536743,22.3799991607666,5408.419921875,101.18000030517578,2493.5,3.7100000381469727,4.9079999923706055,10.739999771118164,yfinance
2024-09-09,71.83999633789062,68.70999908447266,2.139400005340576,19.450000762939453,5471.0498046875,101.55000305175781,2501.800048828125,3.697000026702881,4.894999980926514,10.569999694824219,yfinance
2024-09-10,69.19000244140625,65.75,2.058000087738037,19.079999923706055,5495.52001953125,101.62999725341797,2512.300048828125,3.6459999084472656,4.835000038146973,10.5600004196167,yfinance
2024-09-11,70.61000061035156,67.30999755859375,2.0917000770568848,17.690000534057617,5554.1298828125,101.68000030517578,2512.10009765625,3.6530001163482666,4.875,10.75,yfinance
2024-09-12,71.97000122070312,68.97000122070312,2.118799924850464,17.06999969482422,5595.759765625,101.37000274658203,2551.199951171875,3.680000066757202,4.840000152587891,10.619999885559082,yfinance
2024-09-13,71.61000061035156,68.6500015258789,2.0843000411987305,16.559999465942383,5626.02001953125,101.11000061035156,2581.300048828125,3.6500000953674316,4.763000011444092,10.270000457763672,yfinance
2024-09-16,72.75,70.08999633789062,2.0968000888824463,17.139999389648438,5633.08984375,100.76000213623047,2580.39990234375,3.621000051498413,4.744999885559082,10.369999885559082,yfinance
2024-09-17,73.69999694824219,71.19000244140625,2.136699914932251,17.610000610351562,5634.580078125,100.88999938964844,2564.300048828125,3.6419999599456787,4.735000133514404,10.350000381469727,yfinance
2024-09-18,73.6500015258789,70.91000366210938,2.1475000381469727,18.229999542236328,5618.259765625,100.5999984741211,2570.699951171875,3.684999942779541,4.614999771118164,10.680000305175781,yfinance
2024-09-19,74.87999725341797,71.94999694824219,2.171999931335449,16.329999923706055,5713.64013671875,100.61000061035156,2588.0,3.740000009536743,4.5929999351501465,10.569999694824219,yfinance
2024-09-20,74.48999786376953,71.91999816894531,2.1614999771118164,16.149999618530273,5702.5498046875,100.72000122070312,2619.89990234375,3.7279999256134033,4.545000076293945,10.399999618530273,yfinance
2024-09-23,73.9000015258789,70.37000274658203,2.1451001167297363,15.890000343322754,5718.56982421875,100.91999816894531,2626.5,3.739000082015991,4.502999782562256,10.619999885559082,yfinance
2024-09-24,75.16999816894531,71.55999755859375,2.180500030517578,15.390000343322754,5732.93017578125,100.37000274658203,2651.199951171875,3.7360000610351562,4.494999885559082,10.739999771118164,yfinance
2024-09-25,73.45999908447266,69.69000244140625,2.1602001190185547,15.40999984741211,5722.259765625,100.91999816894531,2659.199951171875,3.7809998989105225,4.486999988555908,10.649999618530273,yfinance
2024-09-26,71.5999984741211,67.66999816894531,2.1361000537872314,15.369999885559082,5745.3701171875,100.55999755859375,2669.89990234375,3.7909998893737793,4.4679999351501465,10.720000267028809,yfinance
2024-09-27,71.9800033569336,68.18000030517578,2.132699966430664,16.959999084472656,5738.169921875,100.41999816894531,2644.300048828125,3.749000072479248,4.48199987411499,10.449999809265137,yfinance
2024-09-30,71.7699966430664,68.16999816894531,2.1317999362945557,16.729999542236328,5762.47998046875,100.77999877929688,2636.10009765625,3.802000045776367,4.498000144958496,10.739999771118164,yfinance
2024-10-01,73.55999755859375,69.83000183105469,2.1742000579833984,19.260000228881836,5708.75,101.19000244140625,2667.300048828125,3.743000030517578,4.48199987411499,10.1899995803833,yfinance
2024-10-02,73.9000015258789,70.0999984741211,2.1821000576019287,18.899999618530273,5709.5400390625,101.68000030517578,2647.10009765625,3.7850000858306885,4.4730000495910645,10.079999923706055,yfinance
2024-10-03,77.62000274658203,73.70999908447266,2.2946999073028564,20.489999771118164,5699.93994140625,101.98999786376953,2657.10009765625,3.8499999046325684,4.465000152587891,10.350000381469727,yfinance
2024-10-04,78.05000305175781,74.37999725341797,2.312700033187866,19.209999084472656,5751.06982421875,102.5199966430664,2645.800048828125,3.9809999465942383,4.505000114440918,10.260000228881836,yfinance
2024-10-07,80.93000030517578,77.13999938964844,2.396199941635132,22.639999389648438,5695.93994140625,102.54000091552734,2644.800048828125,4.026000022888184,4.525000095367432,10.220000267028809,yfinance
2024-10-08,77.18000030517578,73.56999969482422,2.2971999645233154,21.420000076293945,5751.1298828125,102.55000305175781,2615.0,4.0329999923706055,4.5279998779296875,9.789999961853027,yfinance
2024-10-09,76.58000183105469,73.23999786376953,2.276900053024292,20.860000610351562,5792.0400390625,102.93000030517578,2606.0,4.066999912261963,4.534999847412109,9.329999923706055,yfinance
2024-10-10,79.4000015258789,75.8499984741211,2.3508999347686768,20.93000030517578,5780.0498046875,102.98999786376953,2620.60009765625,4.0960001945495605,4.53000020980835,9.539999961853027,yfinance
2024-10-11,79.04000091552734,75.55999755859375,2.343899965286255,20.459999084472656,5815.02978515625,102.88999938964844,2657.60009765625,4.072999954223633,4.514999866485596,9.40999984741211,yfinance
2024-10-14,77.45999908447266,73.83000183105469,2.274199962615967,19.700000762939453,5859.85009765625,103.30000305175781,2647.800048828125,4.0980000495910645,4.51800012588501,9.039999961853027,yfinance
2024-10-15,74.25,70.58000183105469,2.187700033187866,20.639999389648438,5815.259765625,103.26000213623047,2661.39990234375,4.038000106811523,4.514999866485596,8.520000457763672,yfinance
2024-10-16,74.22000122070312,70.38999938964844,2.1747000217437744,19.579999923706055,5842.47021484375,103.58999633789062,2674.0,4.015999794006348,4.502999782562256,8.100000381469727,yfinance
2024-10-17,74.44999694824219,70.66999816894531,2.194499969482422,19.110000610351562,5841.47021484375,103.83000183105469,2691.0,4.0960001945495605,4.514999866485596,8.420000076293945,yfinance
2024-10-18,73.05999755859375,69.22000122070312,2.1521999835968018,18.030000686645508,5864.669921875,103.48999786376953,2713.699951171875,4.072999954223633,4.513000011444092,8.220000267028809,yfinance
2024-10-21,74.29000091552734,70.55999755859375,2.183300018310547,18.3700008392334,5853.97998046875,104.01000213623047,2723.10009765625,4.182000160217285,4.51800012588501,7.929999828338623,yfinance
2024-10-22,76.04000091552734,72.08999633789062,2.236999988555908,18.200000762939453,5851.2001953125,104.08000183105469,2744.199951171875,4.203999996185303,4.5,7.929999828338623,yfinance
2024-10-23,74.95999908447266,70.7699966430664,2.22160005569458,19.239999771118164,5797.419921875,104.43000030517578,2714.39990234375,4.242000102996826,4.505000114440918,8.0600004196167,yfinance
2024-10-24,74.37999725341797,70.19000244140625,2.2023000717163086,19.079999923706055,5809.85986328125,104.05999755859375,2734.89990234375,4.199999809265137,4.486999988555908,7.929999828338623,yfinance
2024-10-25,76.05000305175781,71.77999877929688,2.238100051879883,20.329999923706055,5808.1201171875,104.26000213623047,2740.89990234375,4.23199987411499,4.510000228881836,7.809999942779541,yfinance
2024-10-28,71.41999816894531,67.37999725341797,2.1285998821258545,19.799999237060547,5823.52001953125,104.31999969482422,2742.89990234375,4.2779998779296875,4.48199987411499,7.53000020980835,yfinance
2024-10-29,71.12000274658203,67.20999908447266,2.133699893951416,19.34000015258789,5832.919921875,104.27999877929688,2768.39990234375,4.27400016784668,4.480000019073486,7.869999885559082,yfinance
2024-10-30,72.55000305175781,68.61000061035156,2.1875998973846436,20.350000381469727,5813.669921875,103.98999786376953,2788.5,4.265999794006348,4.4629998207092285,7.480000019073486,yfinance
2024-10-31,73.16000366210938,69.26000213623047,2.2195000648498535,23.15999984741211,5705.4501953125,103.9800033569336,2738.300048828125,4.283999919891357,4.432000160217285,7.480000019073486,yfinance
2024-11-01,73.0999984741211,69.48999786376953,2.2342000007629395,21.8799991607666,5728.7998046875,104.27999877929688,2738.60009765625,4.361000061035156,4.400000095367432,7.46999979019165,yfinance
2024-11-04,75.08000183105469,71.47000122070312,2.28410005569458,21.979999542236328,5712.68994140625,103.88999938964844,2736.10009765625,4.309000015258789,4.418000221252441,7.78000020980835,yfinance
2024-11-05,75.52999877929688,71.98999786376953,2.3041999340057373,20.489999771118164,5782.759765625,103.41999816894531,2740.300048828125,4.289000034332275,4.422999858856201,7.849999904632568,yfinance
2024-11-06,74.91999816894531,71.69000244140625,2.2699999809265137,16.270000457763672,5929.0400390625,105.08999633789062,2667.60009765625,4.426000118255615,4.429999828338623,7.650000095367432,yfinance
2024-11-07,75.62999725341797,72.36000061035156,2.286400079727173,15.199999809265137,5973.10009765625,104.51000213623047,2698.39990234375,4.341000080108643,4.420000076293945,7.889999866485596,yfinance
2024-11-08,73.87000274658203,70.37999725341797,2.2388999462127686,14.9399995803833,5995.5400390625,105.0,2687.5,4.306000232696533,4.422999858856201,8.149999618530273,yfinance
2024-11-11,71.83000183105469,68.04000091552734,2.1975998878479004,14.970000267028809,6001.35009765625,105.54000091552734,2611.199951171875,4.308000087738037,4.414999961853027,8.460000038146973,yfinance
2024-11-12,71.88999938964844,68.12000274658203,2.2107999324798584,14.710000038146973,5983.990234375,106.0199966430664,2600.0,4.432000160217285,4.422999858856201,8.300000190734863,yfinance
2024-11-13,72.27999877929688,68.43000030517578,2.2193000316619873,14.020000457763672,5985.3798828125,106.4800033569336,2580.800048828125,4.451000213623047,4.389999866485596,8.489999771118164,yfinance
2024-11-14,72.55999755859375,68.69999694824219,2.2123000621795654,14.3100004196167,5949.169921875,106.66999816894531,2568.199951171875,4.418000221252441,4.382999897003174,8.449999809265137,yfinance
2024-11-15,71.04000091552734,67.0199966430664,2.1709001064300537,16.139999389648438,5870.6201171875,106.69000244140625,2565.699951171875,4.427999973297119,4.39300012588501,8.5,yfinance
2024-11-18,73.30000305175781,69.16000366210938,2.2513999938964844,15.579999923706055,5893.6201171875,106.27999877929688,2610.60009765625,4.414000034332275,4.4029998779296875,7.989999771118164,yfinance
2024-11-19,73.30999755859375,69.38999938964844,2.2402000427246094,16.350000381469727,5916.97998046875,106.20999908447266,2627.10009765625,4.379000186920166,4.4079999923706055,7.800000190734863,yfinance
2024-11-20,72.80999755859375,68.87000274658203,2.226300001144409,17.15999984741211,5917.10986328125,106.68000030517578,2648.199951171875,4.406000137329102,4.409999847412109,7.664000034332275,yfinance
2024-11-21,74.2300033569336,70.0999984741211,2.274399995803833,16.8700008392334,5948.7099609375,106.97000122070312,2672.10009765625,4.432000160217285,4.413000106811523,7.5,yfinance
2024-11-22,75.16999816894531,71.23999786376953,2.274899959564209,15.239999771118164,5969.33984375,107.48999786376953,2709.89990234375,4.409999847412109,4.414999961853027,7.230000019073486,yfinance
2024-11-25,73.01000213623047,68.94000244140625,2.235300064086914,14.600000381469727,5987.3701171875,106.81999969482422,2616.800048828125,4.264999866485596,4.40500020980835,7.451000213623047,yfinance
2024-11-26,72.80999755859375,68.7699966430664,2.2404000759124756,14.100000381469727,6021.6298828125,107.01000213623047,2620.300048828125,4.302000045776367,4.394999980926514,7.409999847412109,yfinance
2024-11-27,72.83000183105469,68.72000122070312,2.2035999298095703,14.100000381469727,5998.740234375,106.08000183105469,2639.89990234375,4.242000102996826,4.385000228881836,6.800000190734863,yfinance
2024-11-29,72.94000244140625,68.0,2.193000078201294,13.510000228881836,6032.3798828125,105.73999786376953,2657.0,4.177999973297119,4.373000144958496,6.650000095367432,yfinance
2024-12-02,71.83000183105469,68.0999984741211,2.1777000427246094,13.34000015258789,6047.14990234375,106.44999694824219,2634.89990234375,4.196000099182129,4.380000114440918,6.349999904632568,yfinance
2024-12-03,73.62000274658203,69.94000244140625,2.2177000045776367,13.300000190734863,6049.8798828125,106.37000274658203,2644.699951171875,4.2230000495910645,4.35699987411499,6.349999904632568,yfinance
2024-12-04,72.30999755859375,68.54000091552734,2.1673998832702637,13.449999809265137,6086.490234375,106.33999633789062,2653.800048828125,4.179999828338623,4.34499979019165,6.440000057220459,yfinance
2024-12-05,72.08999633789062,68.30000305175781,2.1556999683380127,13.539999961853027,6075.10986328125,105.70999908447266,2626.60009765625,4.179999828338623,4.329999923706055,6.619999885559082,yfinance
2024-12-06,71.12000274658203,67.19999694824219,2.1326000690460205,12.770000457763672,6090.27001953125,105.97000122070312,2638.60009765625,4.151000022888184,4.295000076293945,6.489999771118164,yfinance
2024-12-09,72.13999938964844,68.37000274658203,2.183500051498413,14.1899995803833,6052.85009765625,106.1500015258789,2664.89990234375,4.198999881744385,4.293000221252441,6.199999809265137,yfinance
2024-12-10,72.19000244140625,68.58999633789062,2.1861000061035156,14.180000305175781,6034.91015625,106.4000015258789,2697.60009765625,4.2210001945495605,4.284999847412109,6.019999980926514,yfinance
2024-12-11,73.5199966430664,70.29000091552734,2.223299980163574,13.579999923706055,6084.18994140625,106.70999908447266,2733.800048828125,4.270999908447266,4.255000114440918,5.710000038146973,yfinance
2024-12-12,73.41000366210938,70.0199966430664,2.236599922180176,13.920000076293945,6051.25,106.95999908447266,2687.5,4.323999881744385,4.2230000495910645,5.900000095367432,yfinance
2024-12-13,74.48999786376953,71.29000091552734,2.2699999809265137,13.8100004196167,6051.08984375,107.0,2656.0,4.39900016784668,4.2179999351501465,6.099999904632568,yfinance
2024-12-16,73.91000366210938,70.70999908447266,2.2639999389648438,14.6899995803833,6074.080078125,106.86000061035156,2651.39990234375,4.396999835968018,4.228000164031982,6.070000171661377,yfinance
2024-12-17,73.19000244140625,70.08000183105469,2.2279000282287598,15.869999885559082,6050.60986328125,106.95999908447266,2644.39990234375,4.385000228881836,4.239999771118164,5.849999904632568,yfinance
2024-12-18,73.38999938964844,70.58000183105469,2.255000114440918,27.6200008392334,5872.16015625,108.02999877929688,2636.5,4.49399995803833,4.23199987411499,6.059999942779541,yfinance
2024-12-19,72.87999725341797,69.91000366210938,2.2376999855041504,24.09000015258789,5867.080078125,108.41000366210938,2592.199951171875,4.570000171661377,4.21999979019165,6.010000228881836,yfinance
2024-12-20,72.94000244140625,69.45999908447266,2.2316999435424805,18.360000610351562,5930.85009765625,107.62000274658203,2628.699951171875,4.52400016784668,4.215000152587891,6.21999979019165,yfinance
2024-12-23,72.62999725341797,69.23999786376953,2.226300001144409,16.780000686645508,5974.06982421875,108.04000091552734,2612.300048828125,4.598999977111816,4.215000152587891,6.25,yfinance
2024-12-24,73.58000183105469,70.0999984741211,2.2214999198913574,14.270000457763672,6040.0400390625,108.26000213623047,2620.0,4.591000080108643,4.199999809265137,6.130000114440918,yfinance
2024-12-26,73.26000213623047,69.62000274658203,2.2053000926971436,14.729999542236328,6037.58984375,108.12999725341797,2638.800048828125,4.578999996185303,4.215000152587891,6.065000057220459,yfinance
2024-12-27,74.16999816894531,70.5999984741211,2.244800090789795,15.949999809265137,5970.83984375,108.0,2617.199951171875,4.61899995803833,4.177999973297119,6.099999904632568,yfinance
2024-12-30,74.38999938964844,70.98999786376953,2.299499988555908,17.399999618530273,5906.93994140625,108.12999725341797,2606.10009765625,4.545000076293945,4.182000160217285,5.920000076293945,yfinance
2024-12-31,74.63999938964844,71.72000122070312,2.3206000328063965,17.350000381469727,5881.6298828125,108.48999786376953,2629.199951171875,4.572999954223633,4.208000183105469,6.079999923706055,yfinance
2025-01-02,75.93000030517578,73.12999725341797,2.3540000915527344,17.93000030517578,5868.5498046875,109.38999938964844,2658.89990234375,4.574999809265137,4.208000183105469,6.25,yfinance
2025-01-03,76.51000213623047,73.95999908447266,2.3478000164031982,16.1299991607666,5942.47021484375,108.94999694824219,2645.0,4.5960001945495605,4.192999839782715,6.260000228881836,yfinance
2025-01-06,76.30000305175781,73.55999755859375,2.3552000522613525,16.040000915527344,5975.3798828125,108.26000213623047,2638.39990234375,4.618000030517578,4.190000057220459,5.820000171661377,yfinance
2025-01-07,77.05000305175781,74.25,2.366300106048584,17.81999969482422,5909.02978515625,108.54000091552734,2656.699951171875,4.683000087738037,4.203000068664551,5.630000114440918,yfinance
2025-01-08,76.16000366210938,73.31999969482422,2.3506999015808105,17.700000762939453,5918.25,109.08999633789062,2664.5,4.692999839782715,4.204999923706055,5.550000190734863,yfinance
2025-01-09,76.91999816894531,73.91999816894531,2.378200054168701,,,109.18000030517578,2683.800048828125,,,,yfinance
2025-01-10,79.76000213623047,76.56999969482422,2.501699924468994,19.540000915527344,5827.0400390625,109.6500015258789,2708.5,4.776000022888184,4.2129998207092285,6.699999809265137,yfinance
2025-01-13,81.01000213623047,78.81999969482422,2.5332999229431152,19.190000534057617,5836.22021484375,109.95999908447266,2673.5,4.802999973297119,4.2179999351501465,5.840000152587891,yfinance
2025-01-14,79.91999816894531,77.5,2.5253000259399414,18.709999084472656,5842.91015625,109.2699966430664,2677.5,4.788000106811523,4.2129998207092285,6.130000114440918,yfinance
2025-01-15,82.02999877929688,80.04000091552734,2.6135001182556152,16.1200008392334,5949.91015625,109.08999633789062,2712.5,4.6529998779296875,4.204999923706055,5.889999866485596,yfinance
2025-01-16,81.29000091552734,78.68000030517578,2.6171998977661133,16.600000381469727,5937.33984375,108.95999908447266,2746.39990234375,4.605999946594238,4.195000171661377,5.730000019073486,yfinance
2025-01-17,80.79000091552734,77.87999725341797,2.621000051498413,15.970000267028809,5996.66015625,109.3499984741211,2744.300048828125,4.609000205993652,4.192999839782715,5.71999979019165,yfinance
2025-01-21,79.29000091552734,75.88999938964844,2.5580999851226807,15.0600004196167,6049.240234375,108.05999755859375,2755.0,4.573999881744385,4.197000026702881,5.610000133514404,yfinance
2025-01-22,79.0,75.44000244140625,2.4842000007629395,15.100000381469727,6086.3701171875,108.16999816894531,2767.60009765625,4.598999977111816,4.215000152587891,5.28000020980835,yfinance
2025-01-23,78.29000091552734,74.62000274658203,2.4714999198913574,15.020000457763672,6118.7099609375,108.05000305175781,2763.10009765625,4.638000011444092,4.2129998207092285,5.139999866485596,yfinance
2025-01-24,78.5,74.66000366210938,2.516200065612793,14.850000381469727,6101.240234375,107.44000244140625,2777.300048828125,4.625999927520752,4.204999923706055,5.139999866485596,yfinance
2025-01-27,77.08000183105469,73.16999816894531,2.4600000381469727,17.899999618530273,6012.27978515625,107.33999633789062,2737.5,4.5279998779296875,4.188000202178955,5.320000171661377,yfinance
2025-01-28,77.48999786376953,73.7699966430664,2.4500999450683594,16.40999984741211,6067.7001953125,107.87000274658203,2766.800048828125,4.551000118255615,4.190000057220459,5.28000020980835,yfinance
2025-01-29,76.58000183105469,72.62000274658203,2.4539999961853027,16.559999465942383,6039.31005859375,108.0,2769.10009765625,4.554999828338623,4.188000202178955,5.320000171661377,yfinance
2025-01-30,76.87000274658203,72.7300033569336,2.475399971008301,15.84000015258789,6071.169921875,107.80000305175781,2823.0,4.51200008392334,4.182000160217285,5.489999771118164,yfinance
2025-01-31,76.76000213623047,72.52999877929688,2.484499931335449,16.43000030517578,6040.52978515625,108.37000274658203,2812.5,4.568999767303467,4.188000202178955,5.769999980926514,yfinance
2025-02-03,75.95999908447266,73.16000366210938,2.463099956512451,18.6200008392334,5994.56982421875,108.98999786376953,2833.89990234375,4.543000221252441,4.190000057220459,5.46999979019165,yfinance
2025-02-04,76.19999694824219,72.69999694824219,2.429800033569336,17.209999084472656,6037.8798828125,107.95999908447266,2853.300048828125,4.513000011444092,4.2129998207092285,5.869999885559082,yfinance
2025-02-05,74.61000061035156,71.02999877929688,2.384200096130371,15.770000457763672,6061.47998046875,107.58000183105469,2871.60009765625,4.421999931335449,4.210000038146973,5.989999771118164,yfinance
2025-02-06,74.29000091552734,70.61000061035156,2.3980000019073486,15.5,6083.56982421875,107.69000244140625,2856.0,4.440000057220459,4.2129998207092285,5.800000190734863,yfinance
2025-02-07,74.66000366210938,71.0,2.430799961090088,16.540000915527344,6025.990234375,108.04000091552734,2867.300048828125,4.486999988555908,4.228000164031982,5.860000133514404,yfinance
2025-02-10,75.87000274658203,72.31999969482422,2.450900077819824,15.8100004196167,6066.43994140625,108.31999969482422,2914.300048828125,4.493000030517578,4.228000164031982,5.78000020980835,yfinance
2025-02-11,77.0,73.31999969482422,2.5146000385284424,16.020000457763672,6068.5,107.95999908447266,2912.5,4.5370001792907715,4.224999904632568,5.679999828338623,yfinance
2025-02-12,75.18000030517578,71.37000274658203,2.4519999027252197,15.890000343322754,6051.97021484375,107.94000244140625,2909.0,4.63700008392334,4.228000164031982,5.510000228881836,yfinance
2025-02-13,75.0199966430664,71.29000091552734,2.448699951171875,15.100000381469727,6115.06982421875,107.30999755859375,2925.89990234375,4.525000095367432,4.2129998207092285,5.5,yfinance
2025-02-14,74.73999786376953,70.73999786376953,2.4618000984191895,14.770000457763672,6114.6298828125,106.56999969482422,2883.60009765625,4.4720001220703125,4.2129998207092285,5.639999866485596,yfinance
2025-02-18,75.83999633789062,71.8499984741211,2.4405999183654785,15.350000381469727,6129.580078125,107.05000305175781,2931.60009765625,4.544000148773193,4.2129998207092285,6.079999923706055,yfinance
2025-02-19,76.04000091552734,72.25,2.4565000534057617,15.270000457763672,6144.14990234375,107.16999816894531,2919.39990234375,4.534999847412109,4.2179999351501465,5.989999771118164,yfinance
2025-02-20,76.4800033569336,72.56999969482422,2.5034000873565674,15.65999984741211,6117.52001953125,106.33999633789062,2940.0,4.5,4.204999923706055,6.449999809265137,yfinance
2025-02-21,74.43000030517578,70.4000015258789,2.432300090789795,18.209999084472656,6013.1298828125,106.61000061035156,2937.60009765625,4.420000076293945,4.197000026702881,6.320000171661377,yfinance
2025-02-24,74.77999877929688,70.69999694824219,2.435800075531006,18.979999542236328,5983.25,106.5999984741211,2947.89990234375,4.39300012588501,4.190000057220459,6.090000152587891,yfinance
2025-02-25,73.0199966430664,68.93000030517578,2.3903000354766846,19.43000030517578,5955.25,106.30999755859375,2904.5,4.297999858856201,4.182000160217285,6.260000228881836,yfinance
2025-02-26,72.52999877929688,68.62000274658203,2.3443000316619873,19.100000381469727,5956.06005859375,106.41999816894531,2916.800048828125,4.249000072479248,4.192999839782715,6.400000095367432,yfinance
2025-02-27,74.04000091552734,70.3499984741211,2.395900011062622,21.1299991607666,5861.56982421875,107.23999786376953,2883.199951171875,4.284999847412109,4.195000171661377,6.170000076293945,yfinance
2025-02-28,73.18000030517578,69.76000213623047,2.3548998832702637,19.6299991607666,5954.5,107.61000061035156,2836.800048828125,4.230999946594238,4.192999839782715,6.400000095367432,yfinance
2025-03-03,71.62000274658203,68.37000274658203,2.2604000568389893,22.780000686645508,5849.72021484375,106.75,2890.199951171875,4.179999828338623,4.192999839782715,6.150000095367432,yfinance
2025-03-04,71.04000091552734,68.26000213623047,2.2871999740600586,23.510000228881836,5778.14990234375,105.73999786376953,2909.60009765625,4.210000038146973,4.195000171661377,6.0,yfinance
2025-03-05,69.30000305175781,66.30999755859375,2.240799903869629,21.93000030517578,5842.6298828125,105.73999786376953,2915.300048828125,4.264999866485596,4.204999923706055,6.289999961853027,yfinance
2025-03-06,69.45999908447266,66.36000061035156,2.22379994392395,24.8700008392334,5738.52001953125,104.05999755859375,2916.60009765625,4.285999774932861,4.197000026702881,6.5,yfinance
2025-03-07,70.36000061035156,67.04000091552734,2.2160000801086426,23.3700008392334,5770.2001953125,103.83999633789062,2904.699951171875,4.316999912261963,4.197000026702881,6.570000171661377,yfinance
2025-03-10,69.27999877929688,66.02999877929688,2.1798999309539795,27.860000610351562,5614.56005859375,103.91000366210938,2891.0,4.2129998207092285,4.184999942779541,6.550000190734863,yfinance
2025-03-11,69.55999755859375,66.25,2.1967999935150146,26.920000076293945,5572.06982421875,103.44000244140625,2912.89990234375,4.288000106811523,4.195000171661377,6.679999828338623,yfinance
2025-03-12,70.94999694824219,67.68000030517578,2.2063000202178955,24.229999542236328,5599.2998046875,103.61000061035156,2939.10009765625,4.317999839782715,4.197000026702881,7.139999866485596,yfinance
2025-03-13,69.87999725341797,66.55000305175781,2.1621999740600586,24.65999984741211,5521.52001953125,103.83000183105469,2984.300048828125,4.27400016784668,4.188000202178955,6.849999904632568,yfinance
2025-03-14,70.58000183105469,67.18000030517578,2.166599988937378,21.770000457763672,5638.93994140625,103.72000122070312,2994.5,4.308000087738037,4.188000202178955,6.949999809265137,yfinance
2025-03-17,71.06999969482422,67.58000183105469,2.2037999629974365,20.510000228881836,5675.1201171875,103.37000274658203,3000.0,4.306000232696533,4.188000202178955,6.860000133514404,yfinance
2025-03-18,70.55999755859375,66.9000015258789,2.194499969482422,21.700000762939453,5614.66015625,103.23999786376953,3035.10009765625,4.281000137329102,4.195000171661377,6.730000019073486,yfinance
2025-03-19,70.77999877929688,67.16000366210938,2.2318999767303467,19.899999618530273,5675.2900390625,103.43000030517578,3035.89990234375,4.25600004196167,4.190000057220459,6.5,yfinance
2025-03-20,72.0,68.26000213623047,2.254300117492676,19.799999237060547,5662.89013671875,103.8499984741211,3040.0,4.232999801635742,4.182000160217285,6.775000095367432,yfinance
2025-03-21,72.16000366210938,68.27999877929688,2.2495999336242676,19.280000686645508,5667.56005859375,104.08999633789062,3018.199951171875,4.251999855041504,4.184999942779541,6.909999847412109,yfinance
2025-03-24,73.0,69.11000061035156,2.2571001052856445,17.479999542236328,5767.56982421875,104.26000213623047,3013.10009765625,4.330999851226807,4.182000160217285,6.75,yfinance
2025-03-25,73.0199966430664,69.0,2.285900115966797,17.149999618530273,5776.64990234375,104.18000030517578,3023.699951171875,4.307000160217285,4.182000160217285,6.510000228881836,yfinance
2025-03-26,73.79000091552734,69.6500015258789,2.2887001037597656,18.329999923706055,5712.2001953125,104.55000305175781,3020.89990234375,4.3379998207092285,4.190000057220459,6.400000095367432,yfinance
2025-03-27,74.02999877929688,69.91999816894531,2.2846999168395996,18.690000534057617,5693.31005859375,104.06999969482422,3060.199951171875,4.36899995803833,4.188000202178955,6.349999904632568,yfinance
2025-03-28,73.62999725341797,69.36000061035156,2.2609000205993652,21.649999618530273,5580.93994140625,104.04000091552734,3086.5,4.255000114440918,4.188000202178955,6.360000133514404,yfinance
2025-03-31,74.73999786376953,71.4800033569336,2.313999891281128,22.280000686645508,5611.85009765625,104.20999908447266,3122.800048828125,4.245999813079834,4.192999839782715,6.25,yfinance
2025-04-01,74.48999786376953,71.19999694824219,2.2888998985290527,21.770000457763672,5633.06982421875,104.26000213623047,3118.89990234375,4.156000137329102,4.199999809265137,6.5,yfinance
2025-04-02,74.94999694824219,71.70999908447266,2.322000026702881,21.510000228881836,5670.97021484375,103.80999755859375,3139.89990234375,4.196000099182129,4.203000068664551,6.369999885559082,yfinance
2025-04-03,70.13999938964844,66.94999694824219,2.1888999938964844,30.020000457763672,5396.52001953125,102.06999969482422,3097.0,4.054999828338623,4.184999942779541,6.019999980926514,yfinance
2025-04-04,65.58000183105469,61.9900016784668,2.081899881362915,45.310001373291016,5074.080078125,103.0199966430664,3012.0,3.984999895095825,4.15500020980835,5.619999885559082,yfinance
2025-04-07,64.20999908447266,60.70000076293945,2.0699000358581543,46.97999954223633,5062.25,103.26000213623047,2951.300048828125,4.15500020980835,4.150000095367432,5.380000114440918,yfinance
2025-04-08,62.81999969482422,59.58000183105469,2.056999921798706,52.33000183105469,4982.77001953125,102.95999908447266,2968.39990234375,4.26200008392334,4.177999973297119,5.360000133514404,yfinance
2025-04-09,65.4800033569336,62.349998474121094,2.113600015640259,33.619998931884766,5456.89990234375,102.9000015258789,3056.5,4.400000095367432,4.228000164031982,5.329999923706055,yfinance
2025-04-10,63.33000183105469,60.06999969482422,2.0464000701904297,40.720001220703125,5268.0498046875,100.87000274658203,3155.199951171875,4.394000053405762,4.197000026702881,5.599999904632568,yfinance
2025-04-11,64.76000213623047,61.5,2.0652999877929688,37.560001373291016,5363.35986328125,99.77999877929688,3222.199951171875,4.493000030517578,4.2129998207092285,5.630000114440918,yfinance
2025-04-14,64.87999725341797,61.529998779296875,2.0917000770568848,30.889999389648438,5405.97021484375,99.63999938964844,3204.800048828125,4.363999843597412,4.195000171661377,5.75,yfinance
2025-04-15,64.66999816894531,61.33000183105469,2.078399896621704,30.1200008392334,5396.6298828125,100.22000122070312,3218.699951171875,4.322999954223633,4.199999809265137,5.690000057220459,yfinance
2025-04-16,65.8499984741211,62.470001220703125,2.1154000759124756,32.63999938964844,5275.7001953125,99.37999725341797,3326.60009765625,4.2789998054504395,4.208000183105469,5.71999979019165,yfinance
2025-04-17,67.95999908447266,64.68000030517578,2.1522998809814453,29.649999618530273,5282.7001953125,99.37999725341797,3308.699951171875,4.333000183105469,4.204999923706055,5.739999771118164,yfinance
2025-04-21,66.26000213623047,63.08000183105469,2.1089000701904297,33.81999969482422,5158.2001953125,98.27999877929688,3406.199951171875,4.40500020980835,4.210000038146973,5.730000019073486,yfinance
2025-04-22,67.44000244140625,64.30999755859375,2.1486001014709473,30.56999969482422,5287.759765625,98.91999816894531,3400.800048828125,4.388999938964844,4.2129998207092285,5.599999904632568,yfinance
2025-04-23,66.12000274658203,62.27000045776367,2.1268999576568604,28.450000762939453,5375.85986328125,99.83999633789062,3276.300048828125,4.38700008392334,4.208000183105469,5.880000114440918,yfinance
2025-04-24,66.55000305175781,62.790000915527344,2.143699884414673,26.469999313354492,5484.77001953125,99.29000091552734,3332.0,4.304999828338623,4.197000026702881,5.829999923706055,yfinance
2025-04-25,66.87000274658203,63.02000045776367,2.16729998588562,24.84000015258789,5525.2099609375,99.47000122070312,3282.39990234375,4.265999794006348,4.192999839782715,5.920000076293945,yfinance
2025-04-28,65.86000061035156,62.04999923706055,2.17549991607666,25.149999618530273,5528.75,99.01000213623047,3332.5,4.216000080108643,4.192999839782715,5.78000020980835,yfinance
2025-04-29,64.25,60.41999816894531,2.1203999519348145,24.170000076293945,5560.830078125,99.23999786376953,3318.800048828125,4.172999858856201,4.190000057220459,5.570000171661377,yfinance
2025-04-30,63.119998931884766,58.209999084472656,2.0367000102996826,24.700000762939453,5569.06005859375,99.47000122070312,3305.0,4.177000045776367,4.190000057220459,5.764999866485596,yfinance
2025-05-01,62.130001068115234,59.2400016784668,2.01200008392334,24.600000381469727,5604.14013671875,100.25,3210.0,4.230999946594238,4.184999942779541,5.949999809265137,yfinance
2025-05-02,61.290000915527344,58.290000915527344,1.9931999444961548,22.68000030517578,5686.669921875,100.0,3231.89990234375,4.322000026702881,4.208000183105469,5.840000152587891,yfinance
2025-05-05,60.22999954223633,57.130001068115234,1.9744999408721924,23.639999389648438,5650.3798828125,99.83000183105469,3311.300048828125,4.3429999351501465,4.208000183105469,5.914000034332275,yfinance
2025-05-06,62.150001525878906,59.09000015258789,2.0088000297546387,24.760000228881836,5606.91015625,99.23999786376953,3411.39990234375,4.308000087738037,4.210000038146973,5.619999885559082,yfinance
2025-05-07,61.119998931884766,58.06999969482422,1.9766000509262085,23.549999237060547,5631.27978515625,99.61000061035156,3381.39990234375,4.275000095367432,4.215000152587891,5.619999885559082,yfinance
2025-05-08,62.84000015258789,59.90999984741211,2.0399999618530273,22.479999542236328,5663.93994140625,100.63999938964844,3296.60009765625,4.373000144958496,4.215000152587891,5.420000076293945,yfinance
2025-05-09,63.90999984741211,61.02000045776367,2.0664000511169434,21.899999618530273,5659.91015625,100.33999633789062,3335.39990234375,4.375,4.215000152587891,5.429999828338623,yfinance
2025-05-12,64.95999908447266,61.95000076293945,2.1110999584198,18.389999389648438,5844.18994140625,101.79000091552734,3220.0,4.456999778747559,4.28000020980835,5.539999961853027,yfinance
2025-05-13,66.62999725341797,63.66999816894531,2.171299934387207,18.219999313354492,5886.5498046875,101.0,3240.300048828125,4.499000072479248,4.284999847412109,5.300000190734863,yfinance
2025-05-14,66.08999633789062,63.150001525878906,2.2060999870300293,18.6200008392334,5892.580078125,101.04000091552734,3181.39990234375,4.5279998779296875,4.284999847412109,5.460000038146973,yfinance
2025-05-15,64.52999877929688,61.619998931884766,2.1659998893737793,17.829999923706055,5916.93017578125,100.87999725341797,3220.699951171875,4.454999923706055,4.257999897003174,5.550000190734863,yfinance
2025-05-16,65.41000366210938,62.4900016784668,2.1405999660491943,17.239999771118164,5958.3798828125,101.08999633789062,3182.0,4.440999984741211,4.236999988555908,5.504000186920166,yfinance
2025-05-19,65.54000091552734,62.689998626708984,2.127700090408325,18.139999389648438,5963.60009765625,100.43000030517578,3228.89990234375,4.474999904632568,4.239999771118164,5.309999942779541,yfinance
2025-05-20,65.37999725341797,62.560001373291016,2.1289000511169434,18.09000015258789,5940.4599609375,100.12000274658203,3280.300048828125,4.480999946594238,4.248000144958496,5.360000133514404,yfinance
2025-05-21,64.91000366210938,61.56999969482422,2.1391000747680664,20.8700008392334,5844.60986328125,99.55999755859375,3309.300048828125,4.5960001945495605,4.235000133514404,5.340000152587891,yfinance
2025-05-22,64.44000244140625,61.20000076293945,2.117500066757202,20.280000686645508,5842.009765625,99.95999908447266,3292.300048828125,4.552999973297119,4.23199987411499,5.210000038146973,yfinance
2025-05-23,64.77999877929688,61.529998779296875,2.10479998588562,22.290000915527344,5802.81982421875,99.11000061035156,3363.60009765625,4.508999824523926,4.230000019073486,5.150000095367432,yfinance
2025-05-26,,,,,,98.93000030517578,,,,,yfinance
2025-05-27,64.08999633789062,60.88999938964844,2.079400062561035,18.959999084472656,5921.5400390625,99.5199966430664,3299.10009765625,4.434000015258789,4.203000068664551,5.150000095367432,yfinance
2025-05-28,64.9000015258789,61.84000015258789,2.088099956512451,19.309999465942383,5888.5498046875,99.87999725341797,3293.60009765625,4.4770002365112305,4.224999904632568,5.166999816894531,yfinance
2025-05-29,64.1500015258789,60.939998626708984,2.0481998920440674,19.18000030517578,5912.169921875,99.27999877929688,3317.10009765625,4.423999786376953,4.230000019073486,5.190000057220459,yfinance
2025-05-30,63.900001525878906,60.790000915527344,2.017199993133545,18.56999969482422,5911.68994140625,99.33000183105469,3288.89990234375,4.415999889373779,4.23199987411499,5.190000057220459,yfinance
2025-06-02,64.62999725341797,62.52000045776367,2.0445001125335693,18.360000610351562,5935.93994140625,98.69999694824219,3370.60009765625,4.461999893188477,4.23199987411499,5.099999904632568,yfinance
2025-06-03,65.62999725341797,63.40999984741211,2.099900007247925,17.690000534057617,5970.3701171875,99.25,3350.199951171875,4.460000038146973,4.235000133514404,5.199999809265137,yfinance
2025-06-04,64.86000061035156,62.849998474121094,2.0701000690460205,17.610000610351562,5970.81005859375,98.79000091552734,3373.5,4.364999771118164,4.239999771118164,5.420000076293945,yfinance
2025-06-05,65.33999633789062,63.369998931884766,2.0945000648498535,18.479999542236328,5939.2998046875,98.73999786376953,3350.699951171875,4.394000053405762,4.23199987411499,5.489999771118164,yfinance
2025-06-06,66.47000122070312,64.58000183105469,2.1252999305725098,16.770000457763672,6000.35986328125,99.19000244140625,3322.699951171875,4.510000228881836,4.23199987411499,5.409999847412109,yfinance
2025-06-09,67.04000091552734,65.29000091552734,2.146399974822998,17.15999984741211,6005.8798828125,98.94000244140625,3332.10009765625,4.48199987411499,4.239999771118164,5.372000217437744,yfinance
2025-06-10,66.87000274658203,64.9800033569336,2.1415998935699463,16.950000762939453,6038.81005859375,99.05000305175781,3320.89990234375,4.473999977111816,4.25,5.519999980926514,yfinance
2025-06-11,69.7699966430664,68.1500015258789,2.2053000926971436,17.260000228881836,6022.240234375,98.62999725341797,3321.300048828125,4.4120001792907715,4.25,5.650000095367432,yfinance
2025-06-12,69.36000061035156,68.04000091552734,2.188699960708618,18.020000457763672,6045.259765625,97.91999816894531,3380.89990234375,4.35699987411499,4.257999897003174,5.730000019073486,yfinance
2025-06-13,74.2300033569336,72.9800033569336,2.3587000370025635,20.81999969482422,5976.97021484375,98.18000030517578,3431.199951171875,4.423999786376953,4.239999771118164,5.869999885559082,yfinance
2025-06-16,73.2300033569336,71.7699966430664,2.3933000564575195,19.110000610351562,6033.10986328125,98.0,3396.39990234375,4.452000141143799,4.248000144958496,5.679999828338623,yfinance
2025-06-17,76.44999694824219,74.83999633789062,2.5051000118255615,21.600000381469727,5982.72021484375,98.81999969482422,3386.60009765625,4.39300012588501,4.2179999351501465,5.630000114440918,yfinance
2025-06-18,76.69999694824219,75.13999938964844,2.533400058746338,20.139999389648438,5980.8701171875,98.91000366210938,3389.800048828125,4.396999835968018,4.2230000495910645,5.619999885559082,yfinance
2025-06-20,77.01000213623047,74.93000030517578,2.541800022125244,20.6200008392334,5967.83984375,98.70999908447266,3368.10009765625,4.375,4.195000171661377,5.730000019073486,yfinance
2025-06-23,71.4800033569336,68.51000213623047,2.363100051879883,19.829999923706055,6025.169921875,98.41999816894531,3377.699951171875,4.320000171661377,4.1579999923706055,5.78000020980835,yfinance
2025-06-24,67.13999938964844,64.37000274658203,2.285099983215332,17.479999542236328,6092.18017578125,97.86000061035156,3317.39990234375,4.293000221252441,4.182000160217285,5.735000133514404,yfinance
2025-06-25,67.68000030517578,64.91999816894531,2.2964000701904297,16.760000228881836,6092.16015625,97.68000030517578,3327.10009765625,4.293000221252441,4.188000202178955,5.800000190734863,yfinance
2025-06-26,67.7300033569336,65.23999786376953,2.360100030899048,16.59000015258789,6141.02001953125,97.1500015258789,3333.5,4.252999782562256,4.192999839782715,5.659999847412109,yfinance
2025-06-27,67.7699966430664,65.5199966430664,2.3071999549865723,16.31999969482422,6173.06982421875,97.4000015258789,3273.699951171875,4.2829999923706055,4.197000026702881,5.584000110626221,yfinance
2025-06-30,67.61000061035156,65.11000061035156,2.3457999229431152,16.729999542236328,6204.9501953125,96.87999725341797,3294.39990234375,4.230000019073486,4.190000057220459,5.550000190734863,yfinance
2025-07-01,67.11000061035156,65.44999694824219,2.326900005340576,16.829999923706055,6198.009765625,96.81999969482422,3336.699951171875,4.250999927520752,4.224999904632568,5.630000114440918,yfinance
2025-07-02,69.11000061035156,67.44999694824219,2.4117000102996826,16.639999389648438,6227.419921875,96.77999877929688,3348.0,4.293000221252441,4.2230000495910645,5.769999980926514,yfinance
2025-07-03,68.80000305175781,67.0,2.369800090789795,16.3799991607666,6279.35009765625,97.18000030517578,3331.60009765625,4.3480000495910645,4.239999771118164,5.929999828338623,yfinance
2025-07-04,68.29000091552734,66.5,2.4089999198913574,,,,3332.5,,,,yfinance
2025-07-07,69.58000183105469,67.93000030517578,2.421099901199341,17.790000915527344,6229.97998046875,97.4800033569336,3332.199951171875,4.394999980926514,4.244999885559082,6.070000171661377,yfinance
2025-07-08,70.1500015258789,68.33000183105469,2.4412999153137207,16.809999465942383,6225.52001953125,97.51000213623047,3307.0,4.414999961853027,4.25,6.179999828338623,yfinance
2025-07-09,70.19000244140625,68.37999725341797,2.4091999530792236,15.9399995803833,6263.259765625,97.47000122070312,3311.60009765625,4.3420000076293945,4.244999885559082,6.25,yfinance
2025-07-10,68.63999938964844,66.56999969482422,2.383500099182129,15.779999732971191,6280.4599609375,97.6500015258789,3317.39990234375,4.3460001945495605,4.239999771118164,6.659999847412109,yfinance
2025-07-11,70.36000061035156,68.44999694824219,2.4474000930786133,16.399999618530273,6259.75,97.8499984741211,3356.0,4.422999858856201,4.236999988555908,7.090000152587891,yfinance
2025-07-14,69.20999908447266,66.9800033569336,2.3898000717163086,17.200000762939453,6268.56005859375,98.08000183105469,3351.5,4.427000045776367,4.228000164031982,7.260000228881836,yfinance
2025-07-15,68.70999908447266,66.5199966430664,2.4052000045776367,17.3799991607666,6243.759765625,98.62000274658203,3329.800048828125,4.488999843597412,4.23199987411499,6.78000020980835,yfinance
2025-07-16,68.5199966430664,66.37999725341797,2.3914999961853027,17.15999984741211,6263.7001953125,98.38999938964844,3352.5,4.454999923706055,4.224999904632568,7.25,yfinance
2025-07-17,69.5199966430664,67.54000091552734,2.464600086212158,16.520000457763672,6297.35986328125,98.7300033569336,3340.10009765625,4.4629998207092285,4.235000133514404,7.610000133514404,yfinance
2025-07-18,69.27999877929688,67.33999633789062,2.453000068664551,16.40999984741211,6296.7900390625,98.4800033569336,3353.0,4.432000160217285,4.230000019073486,7.400000095367432,yfinance
2025-07-21,69.20999908447266,67.19999694824219,2.509200096130371,16.649999618530273,6305.60009765625,97.8499984741211,3401.89990234375,4.372000217437744,4.2230000495910645,7.349999904632568,yfinance
2025-07-22,68.58999633789062,66.20999908447266,2.4518001079559326,16.5,6309.6201171875,97.38999938964844,3439.199951171875,4.335999965667725,4.230000019073486,7.670000076293945,yfinance
2025-07-23,68.51000213623047,65.25,2.4489998817443848,15.369999885559082,6358.91015625,97.20999908447266,3394.10009765625,4.388000011444092,4.239999771118164,7.519999980926514,yfinance
2025-07-24,69.18000030517578,66.02999877929688,2.412899971008301,15.390000343322754,6363.35009765625,97.37999725341797,3371.0,4.4079999923706055,4.244999885559082,7.420000076293945,yfinance
2025-07-25,68.44000244140625,65.16000366210938,2.4061999320983887,14.930000305175781,6388.64013671875,97.6500015258789,3334.0,4.386000156402588,4.244999885559082,7.150000095367432,yfinance
2025-07-28,70.04000091552734,66.70999908447266,2.4265999794006348,15.029999732971191,6389.77001953125,98.66000366210938,3309.10009765625,4.420000076293945,4.235000133514404,7.245999813079834,yfinance
2025-07-29,72.51000213623047,69.20999908447266,2.4637999534606934,15.979999542236328,6370.85986328125,98.91000366210938,3323.39990234375,4.329999923706055,4.230000019073486,6.940000057220459,yfinance
2025-07-30,73.23999786376953,70.0,2.4184999465942383,15.479999542236328,6362.89990234375,99.94000244140625,3295.800048828125,4.375999927520752,4.23199987411499,7.019999980926514,yfinance
2025-07-31,72.52999877929688,69.26000213623047,2.3994998931884766,16.719999313354492,6339.39013671875,100.02999877929688,3293.199951171875,4.360000133514404,4.235000133514404,7.400000095367432,yfinance
2025-08-01,69.66999816894531,67.33000183105469,2.2999000549316406,20.3799991607666,6238.009765625,98.69000244140625,3347.699951171875,4.21999979019165,4.182000160217285,7.460000038146973,yfinance
2025-08-04,68.76000213623047,66.29000091552734,2.3176000118255615,17.520000457763672,6329.93994140625,98.77999877929688,3374.39990234375,4.199999809265137,4.1529998779296875,7.309999942779541,yfinance
2025-08-05,67.63999938964844,65.16000366210938,2.250200033187866,17.850000381469727,6299.18994140625,98.77999877929688,3381.89990234375,4.196000099182129,4.150000095367432,7.769999980926514,yfinance
2025-08-06,66.88999938964844,64.3499984741211,2.2627999782562256,16.770000457763672,6345.06005859375,98.18000030517578,3380.0,4.21999979019165,4.132999897003174,7.730000019073486,yfinance
2025-08-07,66.43000030517578,63.880001068115234,2.2667999267578125,16.56999969482422,6340.0,98.4000015258789,3400.300048828125,4.24399995803833,4.138000011444092,7.75,yfinance
2025-08-08,66.58999633789062,63.880001068115234,2.2792999744415283,15.149999618530273,6389.4501953125,98.18000030517578,3439.10009765625,4.284999847412109,4.132999897003174,7.800000190734863,yfinance
2025-08-11,66.62999725341797,63.959999084472656,2.2909998893737793,16.25,6373.4501953125,98.5199966430664,3353.10009765625,4.2729997634887695,4.14300012588501,7.900000095367432,yfinance
2025-08-12,66.12000274658203,63.16999816894531,2.2441000938415527,14.729999542236328,6445.759765625,98.0999984741211,3348.89990234375,4.293000221252441,4.130000114440918,8.020000457763672,yfinance
2025-08-13,65.62999725341797,62.650001525878906,2.242799997329712,14.489999771118164,6466.580078125,97.83999633789062,3358.699951171875,4.23799991607666,4.110000133514404,8.166999816894531,yfinance
2025-08-14,66.83999633789062,63.959999084472656,2.234499931335449,14.829999923706055,6468.5400390625,98.25,3335.199951171875,4.293000221252441,4.111999988555908,8.130000114440918,yfinance
2025-08-15,65.8499984741211,62.79999923706055,2.2249999046325684,15.09000015258789,6449.7998046875,97.8499984741211,3336.0,4.328000068664551,4.111999988555908,8.020000457763672,yfinance
2025-08-18,66.5999984741211,63.41999816894531,2.240299940109253,14.989999771118164,6449.14990234375,98.16999816894531,3331.699951171875,4.341000080108643,4.123000144958496,8.079999923706055,yfinance
2025-08-19,65.79000091552734,62.349998474121094,2.2511000633239746,15.569999694824219,6411.3701171875,98.2699966430664,3313.39990234375,4.302000045776367,4.110000133514404,7.7729997634887695,yfinance
2025-08-20,66.83999633789062,63.209999084472656,2.279599905014038,15.6899995803833,6395.77978515625,98.22000122070312,3343.39990234375,4.296000003814697,4.114999771118164,8.039999961853027,yfinance
2025-08-21,67.66999816894531,63.52000045776367,2.3250999450683594,16.600000381469727,6370.169921875,98.62000274658203,3336.89990234375,4.329999923706055,4.127999782562256,8.15999984741211,yfinance
2025-08-22,67.7300033569336,63.65999984741211,2.3080999851226807,14.220000267028809,6466.91015625,97.72000122070312,3374.39990234375,4.260000228881836,4.0879998207092285,8.40999984741211,yfinance
2025-08-25,68.80000305175781,64.80000305175781,2.3475000858306885,14.789999961853027,6439.31982421875,98.43000030517578,3373.800048828125,4.275000095367432,4.0929999351501465,8.5,yfinance
2025-08-26,67.22000122070312,63.25,2.2804999351501465,14.619999885559082,6465.93994140625,98.2300033569336,3388.60009765625,4.257999897003174,4.0879998207092285,8.600000381469727,yfinance
2025-08-27,68.05000305175781,64.1500015258789,2.295300006866455,14.850000381469727,6481.39990234375,98.2300033569336,3404.60009765625,4.23799991607666,4.059999942779541,8.300000190734863,yfinance
2025-08-28,68.62000274658203,64.5999984741211,2.309799909591675,14.430000305175781,6501.85986328125,97.80999755859375,3431.800048828125,4.206999778747559,4.072000026702881,8.350000381469727,yfinance
2025-08-29,68.12000274658203,64.01000213623047,2.266700029373169,15.359999656677246,6460.259765625,97.7699966430664,3473.699951171875,4.2270002365112305,4.043000221252441,8.369999885559082,yfinance
2025-09-02,69.13999938964844,65.58999633789062,2.3743999004364014,17.170000076293945,6415.5400390625,98.4000015258789,3549.39990234375,4.2769999504089355,4.0320000648498535,8.020000457763672,yfinance
2025-09-03,67.5999984741211,63.970001220703125,2.3608999252319336,16.350000381469727,6448.259765625,98.13999938964844,3593.199951171875,4.210999965667725,4.01800012588501,8.140000343322754,yfinance
2025-09-04,66.98999786376953,63.47999954223633,2.330699920654297,15.300000190734863,6502.080078125,98.3499984741211,3565.800048828125,4.176000118255615,3.997999906539917,8.062999725341797,yfinance
2025-09-05,65.5,61.869998931884766,2.2869999408721924,15.180000305175781,6481.5,97.7699966430664,3613.199951171875,4.085999965667725,3.9100000858306885,8.039999961853027,yfinance
2025-09-08,66.0199966430664,62.2599983215332,2.3118999004364014,15.109999656677246,6495.14990234375,97.44999694824219,3638.10009765625,4.046000003814697,3.927999973297119,8.149999618530273,yfinance
2025-09-09,66.38999938964844,62.630001068115234,2.3199000358581543,15.039999961853027,6512.60986328125,97.79000091552734,3643.300048828125,4.073999881744385,3.943000078201294,8.390000343322754,yfinance
2025-09-10,67.48999786376953,63.66999816894531,2.333699941635132,15.350000381469727,6532.0400390625,97.77999877929688,3643.60009765625,4.0320000648498535,3.930000066757202,8.220000267028809,yfinance
2025-09-11,66.37000274658203,62.369998931884766,2.281899929046631,14.710000038146973,6587.47021484375,97.54000091552734,3636.89990234375,4.011000156402588,3.927999973297119,8.114999771118164,yfinance
2025-09-12,66.98999786376953,62.689998626708984,2.2899999618530273,14.760000228881836,6584.2900390625,97.55000305175781,3649.39990234375,4.060999870300293,3.927999973297119,8.100000381469727,yfinance
2025-09-15,67.44000244140625,63.29999923706055,2.3310999870300293,15.6899995803833,6615.27978515625,97.30000305175781,3682.199951171875,4.033999919891357,3.9000000953674316,8.210000038146973,yfinance
2025-09-16,68.47000122070312,64.5199966430664,2.3935000896453857,16.360000610351562,6606.759765625,96.62999725341797,3688.89990234375,4.026000022888184,3.890000104904175,8.039999961853027,yfinance
2025-09-17,67.94999694824219,64.05000305175781,2.35479998588562,15.720000267028809,6600.35009765625,96.87000274658203,3681.800048828125,4.076000213623047,3.868000030517578,8.140000343322754,yfinance
2025-09-18,67.44000244140625,63.56999969482422,2.3399999141693115,15.699999809265137,6631.9599609375,97.3499984741211,3643.699951171875,4.104000091552734,3.880000114440918,8.199999809265137,yfinance
2025-09-19,66.68000030517578,62.68000030517578,2.2988998889923096,15.449999809265137,6664.35986328125,97.63999938964844,3671.5,4.138999938964844,3.878000020980835,8.15999984741211,yfinance
2025-09-22,66.56999969482422,62.63999938964844,2.29229998588562,16.100000381469727,6693.75,97.33000183105469,3740.699951171875,4.14300012588501,3.8480000495910645,8.0600004196167,yfinance
2025-09-23,67.62999725341797,63.40999984741211,2.328000068664551,16.639999389648438,6656.919921875,97.26000213623047,3780.60009765625,4.119999885559082,3.8450000286102295,8.25,yfinance
2025-09-24,69.30999755859375,64.98999786376953,2.37719988822937,16.18000030517578,6637.97021484375,97.87000274658203,3732.10009765625,4.146999835968018,3.8580000400543213,8.380000114440918,yfinance
2025-09-25,69.41999816894531,64.9800033569336,2.426500082015991,16.739999771118164,6604.72021484375,98.55000305175781,3736.89990234375,4.171999931335449,3.882999897003174,8.199999809265137,yfinance
2025-09-26,70.12999725341797,65.72000122070312,2.4289000034332275,15.289999961853027,6643.7001953125,98.1500015258789,3775.300048828125,4.186999797821045,3.859999895095825,8.050000190734863,yfinance
2025-09-29,67.97000122070312,63.45000076293945,2.356600046157837,16.1200008392334,6661.2099609375,97.91000366210938,3820.89990234375,4.140999794006348,3.86299991607666,7.769999980926514,yfinance
2025-09-30,67.0199966430664,62.369998931884766,2.3324999809265137,16.280000686645508,6688.4599609375,97.7699966430664,3840.800048828125,4.1479997634887695,3.8450000286102295,7.510000228881836,yfinance
2025-10-01,65.3499984741211,61.779998779296875,2.3018999099731445,16.290000915527344,6711.2001953125,97.70999908447266,3867.5,4.105999946594238,3.8450000286102295,7.579999923706055,yfinance
2025-10-02,64.11000061035156,60.47999954223633,2.243499994277954,16.6299991607666,6715.35009765625,97.8499984741211,3839.699951171875,4.0879998207092285,3.8480000495910645,7.78000020980835,yfinance
2025-10-03,64.52999877929688,60.880001068115234,2.236299991607666,16.649999618530273,6715.7900390625,97.72000122070312,3880.800048828125,4.11899995803833,3.8580000400543213,7.71999979019165,yfinance
2025-10-06,65.47000122070312,61.689998626708984,2.24429988861084,16.3700008392334,6740.27978515625,98.11000061035156,3948.5,4.1620001792907715,3.859999895095825,7.866000175476074,yfinance
2025-10-07,65.44999694824219,61.72999954223633,2.2653000354766846,17.239999771118164,6714.58984375,98.58000183105469,3976.60009765625,4.126999855041504,3.8429999351501465,8.0,yfinance
2025-10-08,66.25,62.54999923706055,2.291300058364868,16.299999237060547,6753.72021484375,98.8499984741211,4043.300048828125,4.129000186920166,3.8429999351501465,7.599999904632568,yfinance
2025-10-09,65.22000122070312,61.5099983215332,2.2802999019622803,16.43000030517578,6735.10986328125,99.54000091552734,3946.300048828125,4.1479997634887695,3.8529999256134033,7.699999809265137,yfinance
2025-10-10,62.72999954223633,58.900001525878906,2.204400062561035,21.65999984741211,6552.509765625,98.9800033569336,3975.89990234375,4.051000118255615,3.8529999256134033,8.180000305175781,yfinance
2025-10-13,63.31999969482422,59.4900016784668,2.2497000694274902,19.030000686645508,6654.72021484375,99.2699966430664,4108.60009765625,4.051000118255615,3.8529999256134033,8.640000343322754,yfinance
2025-10-14,62.38999938964844,58.70000076293945,2.1975998878479004,20.809999465942383,6644.31005859375,99.05000305175781,4138.7001953125,4.021999835968018,3.8529999256134033,8.199999809265137,yfinance
2025-10-15,61.90999984741211,58.27000045776367,2.174799919128418,20.639999389648438,6671.06005859375,98.79000091552734,4176.89990234375,4.046000003814697,3.8580000400543213,8.520000457763672,yfinance
2025-10-16,61.060001373291016,57.459999084472656,2.1535000801086426,25.309999465942383,6629.06982421875,98.38999938964844,4280.2001953125,3.9760000705718994,3.8529999256134033,8.329999923706055,yfinance
2025-10-17,61.290000915527344,57.540000915527344,2.180000066757202,20.780000686645508,6664.009765625,98.43000030517578,4189.89990234375,4.006999969482422,3.8320000171661377,8.15999984741211,yfinance
2025-10-20,61.0099983215332,57.52000045776367,2.1921000480651855,18.229999542236328,6735.1298828125,98.58999633789062,4336.39990234375,3.9860000610351562,3.7980000972747803,8.239999771118164,yfinance
2025-10-21,61.31999969482422,57.81999969482422,2.2058000564575195,17.8700008392334,6735.35009765625,98.93000030517578,4087.699951171875,3.9630000591278076,3.7850000858306885,8.380000114440918,yfinance
2025-10-22,62.59000015258789,58.5,2.2495999336242676,18.600000381469727,6699.39990234375,98.9000015258789,4044.39990234375,3.953000068664551,3.7880001068115234,8.229999542236328,yfinance
2025-10-23,65.98999786376953,61.790000915527344,2.4030001163482666,17.299999237060547,6738.43994140625,98.94000244140625,4125.5,3.990999937057495,3.7880001068115234,7.820000171661377,yfinance
2025-10-24,65.94000244140625,61.5,2.40310001373291,16.3700008392334,6791.68994140625,98.94999694824219,4118.39990234375,3.996999979019165,3.763000011444092,7.849999904632568,yfinance
2025-10-27,65.62000274658203,61.310001373291016,2.4361000061035156,15.789999961853027,6875.16015625,98.77999877929688,4001.89990234375,3.996999979019165,3.7179999351501465,7.96999979019165,yfinance
2025-10-28,64.4000015258789,60.150001525878906,2.387200117111206,16.420000076293945,6890.89013671875,98.69000244140625,3966.199951171875,3.9830000400543213,3.7200000286102295,7.953000068664551,yfinance
2025-10-29,64.91999816894531,60.47999954223633,2.424299955368042,16.920000076293945,6890.58984375,99.22000122070312,3983.699951171875,4.058000087738037,3.7300000190734863,8.199999809265137,yfinance
2025-10-30,65.0,60.56999969482422,2.4600000381469727,16.90999984741211,6822.33984375,99.52999877929688,4001.300048828125,4.0929999351501465,3.756999969482422,8.25,yfinance
2025-10-31,65.06999969482422,60.97999954223633,2.4312000274658203,17.440000534057617,6840.2001953125,99.80000305175781,3982.199951171875,4.10099983215332,3.7179999351501465,8.100000381469727,yfinance
2025-11-03,64.88999938964844,61.04999923706055,2.4052999019622803,17.170000076293945,6851.97021484375,99.87000274658203,4000.300048828125,4.105999946594238,3.7829999923706055,7.920000076293945,yfinance
2025-11-04,64.44000244140625,60.560001373291016,2.4446001052856445,19.0,6771.5498046875,100.22000122070312,3947.699951171875,4.089000225067139,3.7929999828338623,8.180000305175781,yfinance
2025-11-05,63.52000045776367,59.599998474121094,2.432499885559082,18.010000228881836,6796.2900390625,100.19999694824219,3980.300048828125,4.1570000648498535,3.7880001068115234,8.300000190734863,yfinance
2025-11-06,63.380001068115234,59.43000030517578,2.4960999488830566,19.5,6720.31982421875,99.7300033569336,3979.89990234375,4.0929999351501465,3.763000011444092,8.5,yfinance
2025-11-07,63.630001068115234,59.75,2.482100009918213,19.079999923706055,6728.7998046875,99.5999984741211,3999.39990234375,4.0929999351501465,3.756999969482422,8.350000381469727,yfinance
2025-11-10,64.05999755859375,60.130001068115234,2.5104000568389893,17.600000381469727,6832.43017578125,99.62000274658203,4111.7998046875,4.110000133514404,3.7829999923706055,8.369999885559082,yfinance
2025-11-11,65.16000366210938,61.040000915527344,2.575700044631958,17.280000686645508,6846.60986328125,99.45999908447266,4106.7998046875,4.119999885559082,3.7829999923706055,8.420000076293945,yfinance
2025-11-12,62.709999084472656,58.4900016784668,2.481600046157837,17.510000228881836,6850.919921875,99.4800033569336,4204.39990234375,4.065000057220459,3.7780001163482666,8.479999542236328,yfinance
2025-11-13,63.0099983215332,58.689998626708984,2.4646999835968018,20.0,6737.490234375,99.18000030517578,4186.89990234375,4.111999988555908,3.7929999828338623,8.699999809265137,yfinance
2025-11-14,64.38999938964844,60.09000015258789,2.531100034713745,19.829999923706055,6734.10986328125,99.2699966430664,4087.60009765625,4.1479997634887695,3.7880001068115234,8.600000381469727,yfinance
2025-11-17,64.19999694824219,59.90999984741211,2.546999931335449,22.3799991607666,6672.41015625,99.58999633789062,4068.300048828125,4.132999897003174,3.7720000743865967,8.800000190734863,yfinance
2025-11-18,64.88999938964844,60.7400016784668,2.7011001110076904,24.690000534057617,6617.31982421875,99.55000305175781,4061.300048828125,4.123000144958496,3.7720000743865967,8.989999771118164,yfinance
2025-11-19,63.5099983215332,59.439998626708984,2.635699987411499,23.65999984741211,6642.16015625,100.2300033569336,4077.699951171875,4.132999897003174,3.7720000743865967,8.899999618530273,yfinance
2025-11-20,63.380001068115234,59.13999938964844,2.5332999229431152,26.420000076293945,6538.759765625,100.16000366210938,4056.5,4.105999946594238,3.7750000953674316,8.920000076293945,yfinance
2025-11-21,62.560001373291016,58.060001373291016,2.456399917602539,23.43000030517578,6602.990234375,100.18000030517578,4076.699951171875,4.063000202178955,3.740000009536743,8.949999809265137,yfinance
2025-11-24,63.369998931884766,58.84000015258789,2.406100034713745,20.520000457763672,6705.1201171875,100.13999938964844,4091.89990234375,4.038000106811523,3.7300000190734863,9.1899995803833,yfinance
2025-11-25,62.47999954223633,57.95000076293945,2.353800058364868,18.559999465942383,6765.8798828125,99.66000366210938,4139.2001953125,4.001999855041504,3.7320001125335693,9.229999542236328,yfinance
2025-11-26,63.130001068115234,58.650001525878906,2.325500011444092,17.190000534057617,6812.60986328125,99.5999984741211,4165.2001953125,3.997999906539917,3.753000020980835,9.199999809265137,yfinance
2025-11-28,63.20000076293945,58.54999923706055,2.3329999446868896,16.350000381469727,6849.08984375,99.45999908447266,4218.2998046875,4.017000198364258,3.697000026702881,8.770000457763672,yfinance
2025-12-01,63.16999816894531,59.31999969482422,2.3399999141693115,17.239999771118164,6812.6298828125,99.41000366210938,4239.2998046875,4.0960001945495605,3.693000078201294,9.34000015258789,yfinance
2025-12-02,62.45000076293945,58.63999938964844,2.312700033187866,16.59000015258789,6829.3701171875,99.36000061035156,4186.60009765625,4.085999965667725,3.671999931335449,9.25,yfinance
2025-12-03,62.66999816894531,58.95000076293945,2.300800085067749,16.079999923706055,6849.72021484375,98.8499984741211,4199.2998046875,4.057000160217285,3.634999990463257,9.300000190734863,yfinance
2025-12-04,63.2599983215332,59.66999816894531,2.3036999702453613,15.779999732971191,6857.1201171875,98.98999786376953,4211.7998046875,4.107999801635742,3.611999988555908,9.270000457763672,yfinance
2025-12-05,63.75,60.08000183105469,2.3629000186920166,15.40999984741211,6870.39990234375,98.98999786376953,4212.89990234375,4.138999938964844,3.6029999256134033,9.0,yfinance
2025-12-08,62.4900016784668,58.880001068115234,2.2981998920440674,16.65999984741211,6846.509765625,99.08999633789062,4187.2001953125,4.171999931335449,3.618000030517578,9.25,yfinance
2025-12-09,61.939998626708984,58.25,2.2600998878479004,16.93000030517578,6840.509765625,99.22000122070312,4206.7001953125,4.185999870300293,3.631999969482422,8.829999923706055,yfinance
2025-12-10,62.209999084472656,58.459999084472656,2.2730000019073486,15.770000457763672,6886.68017578125,98.79000091552734,4196.39990234375,4.164000034332275,3.5929999351501465,9.012999534606934,yfinance
2025-12-11,61.279998779296875,57.599998474121094,2.2288999557495117,14.850000381469727,6901.0,98.3499984741211,4285.5,4.140999794006348,3.568000078201294,8.84000015258789,yfinance
2025-12-12,61.119998931884766,57.439998626708984,2.197999954223633,15.739999771118164,6827.41015625,98.4000015258789,4300.10009765625,4.193999767303467,3.5250000953674316,8.680000305175781,yfinance
2025-12-15,60.560001373291016,56.81999969482422,2.1805999279022217,16.5,6816.509765625,98.1500015258789,4306.7001953125,4.182000160217285,3.5380001068115234,8.920000076293945,yfinance
2025-12-16,58.91999816894531,55.27000045776367,2.1285998821258545,16.479999542236328,6800.259765625,98.1500015258789,4304.5,4.14900016784668,3.5450000762939453,8.770000457763672,yfinance
2025-12-17,59.68000030517578,55.939998626708984,2.1494998931884766,17.6200008392334,6721.43017578125,98.37000274658203,4347.5,4.151000022888184,3.5429999828338623,8.420000076293945,yfinance
2025-12-18,59.81999969482422,56.150001525878906,2.1315999031066895,16.8700008392334,6774.759765625,98.43000030517578,4339.5,4.116000175476074,3.5220000743865967,8.656000137329102,yfinance
2025-12-19,60.470001220703125,56.65999984741211,2.1219000816345215,14.90999984741211,6834.5,98.5999984741211,4361.39990234375,4.151000022888184,3.5220000743865967,8.699999809265137,yfinance
2025-12-22,62.06999969482422,58.0099983215332,2.158099889755249,14.079999923706055,6878.490234375,98.29000091552734,4444.60009765625,4.169000148773193,3.5280001163482666,8.880000114440918,yfinance
2025-12-23,62.380001068115234,58.380001068115234,2.1905999183654785,14.0,6909.7900390625,97.94000244140625,4482.7998046875,4.169000148773193,3.546999931335449,8.739999771118164,yfinance
2025-12-24,62.2400016784668,58.349998474121094,2.157599925994873,13.470000267028809,6932.0498046875,97.9800033569336,4480.60009765625,4.136000156402588,3.555000066757202,8.770000457763672,yfinance
2025-12-26,60.63999938964844,56.7400016784668,2.1070001125335693,13.600000381469727,6929.93994140625,98.0199966430664,4529.10009765625,4.136000156402588,3.5429999828338623,8.75,yfinance
2025-12-29,61.939998626708984,58.08000183105469,2.127500057220459,14.199999809265137,6905.740234375,98.04000091552734,4325.10009765625,4.116000175476074,3.5380001068115234,8.739999771118164,yfinance
2025-12-30,61.91999816894531,57.95000076293945,2.1505000591278076,14.329999923706055,6896.240234375,98.23999786376953,4370.10009765625,4.130000114440918,3.5399999618530273,8.680000305175781,yfinance
2025-12-31,60.849998474121094,57.41999816894531,2.1205999851226807,14.949999809265137,6845.5,98.27999877929688,4325.60009765625,4.163000106811523,3.546999931335449,8.770000457763672,yfinance
2026-01-02,60.75,57.31999969482422,2.1150999069213867,14.510000228881836,6858.47021484375,98.41999816894531,4314.39990234375,4.186999797821045,3.5329999923706055,8.460000038146973,yfinance
2026-01-05,61.7599983215332,58.31999969482422,2.1428000926971436,14.899999618530273,6902.0498046875,98.2699966430664,4436.89990234375,4.164999961853027,3.515000104904175,8.720000267028809,yfinance
2026-01-06,60.70000076293945,57.130001068115234,2.0829999446868896,14.75,6944.81982421875,98.58000183105469,4482.2001953125,4.178999900817871,3.5199999809265137,8.8100004196167,yfinance
2026-01-07,59.959999084472656,55.9900016784668,2.0566999912261963,15.380000114440918,6920.93017578125,98.68000030517578,4449.2998046875,4.138000011444092,3.515000104904175,8.789999961853027,yfinance
2026-01-08,61.9900016784668,57.7599983215332,2.119499921798706,15.449999809265137,6921.4599609375,98.93000030517578,4449.7001953125,4.183000087738037,3.506999969482422,9.140000343322754,yfinance
2026-01-09,63.34000015258789,59.119998931884766,2.134999990463257,14.489999771118164,6966.27978515625,99.12999725341797,4490.2998046875,4.171000003814697,3.513000011444092,8.850000381469727,yfinance
2026-01-12,63.869998931884766,59.5,2.154400110244751,15.119999885559082,6977.27001953125,98.86000061035156,4604.2998046875,4.186999797821045,3.5329999923706055,8.729999542236328,yfinance
2026-01-13,65.47000122070312,61.150001525878906,2.2383999824523926,15.979999542236328,6963.740234375,99.12999725341797,4589.2001953125,4.171000003814697,3.559999942779541,8.720999717712402,yfinance
2026-01-14,66.5199966430664,62.02000045776367,2.281899929046631,16.75,6926.60009765625,99.12999725341797,4626.2998046875,4.139999866485596,3.559999942779541,9.039999961853027,yfinance
2026-01-15,63.7599983215332,59.189998626708984,2.2083001136779785,15.84000015258789,6944.47021484375,99.31999969482422,4616.2998046875,4.159999847412109,3.565000057220459,9.479999542236328,yfinance
2026-01-16,64.12999725341797,59.439998626708984,2.237600088119507,15.859999656677246,6940.009765625,99.38999938964844,4588.39990234375,4.230999946594238,3.556999921798706,9.800000190734863,yfinance
2026-01-20,64.91999816894531,60.34000015258789,2.3385000228881836,20.09000015258789,6796.85986328125,98.63999938964844,4759.60009765625,4.295000076293945,3.572000026702881,10.239999771118164,yfinance
2026-01-21,65.23999786376953,60.619998931884766,2.430500030517578,16.899999618530273,6875.6201171875,98.76000213623047,4831.7998046875,4.252999782562256,3.5880000591278076,10.069999694824219,yfinance
2026-01-22,64.05999755859375,59.36000061035156,2.36680006980896,15.640000343322754,6913.35009765625,98.36000061035156,4908.7998046875,4.249000072479248,3.5880000591278076,10.0,yfinance
2026-01-23,65.87999725341797,61.06999969482422,2.428499937057495,16.09000015258789,6915.60986328125,97.5999984741211,4976.2001953125,4.238999843597412,3.5820000171661377,10.359999656677246,yfinance
2026-01-26,65.58999633789062,60.630001068115234,2.568000078201294,16.149999618530273,6950.22998046875,97.04000091552734,5079.7001953125,4.2129998207092285,3.575000047683716,10.979999542236328,yfinance
2026-01-27,67.56999969482422,62.38999938964844,2.646199941635132,16.350000381469727,6978.60009765625,96.22000122070312,5079.89990234375,4.2230000495910645,3.569999933242798,11.260000228881836,yfinance
2026-01-28,68.4000015258789,63.209999084472656,2.666100025177002,16.350000381469727,6978.02978515625,96.44999694824219,5301.60009765625,4.250999927520752,3.5820000171661377,11.010000228881836,yfinance
2026-01-29,70.70999908447266,65.41999816894531,2.585400104522705,16.8799991607666,6969.009765625,96.27999877929688,5318.39990234375,4.2270002365112305,3.5799999237060547,11.479999542236328,yfinance
2026-01-30,70.69000244140625,65.20999908447266,2.735599994659424,17.440000534057617,6939.02978515625,96.98999786376953,4713.89990234375,4.241000175476074,3.572000026702881,11.529999732971191,yfinance
2026-02-02,66.30000305175781,62.13999938964844,2.359800100326538,16.34000015258789,6976.43994140625,97.61000061035156,4622.5,4.275000095367432,3.578000068664551,11.199999809265137,yfinance
2026-02-03,67.33000183105469,63.209999084472656,2.4093000888824463,18.0,6917.81005859375,97.44000244140625,4903.7001953125,4.27400016784668,3.5899999141693115,10.550000190734863,yfinance
2026-02-04,69.45999908447266,65.13999938964844,2.4700000286102295,18.639999389648438,6882.72021484375,97.62000274658203,4920.39990234375,4.275000095367432,3.5950000286102295,10.850000381469727,yfinance
2026-02-05,67.55000305175781,63.290000915527344,2.393199920654297,21.770000457763672,6798.39990234375,97.81999969482422,4861.39990234375,4.210000038146973,3.578000068664551,10.710000038146973,yfinance
2026-02-06,68.05000305175781,63.54999923706055,2.413300037384033,20.3700008392334,6932.2998046875,97.62999725341797,4951.2001953125,4.205999851226807,3.5899999141693115,10.649999618530273,yfinance
2026-02-09,69.04000091552734,64.36000061035156,2.4168999195098877,17.360000610351562,6964.81982421875,96.81999969482422,5050.89990234375,4.197999954223633,3.5929999351501465,10.949999809265137,yfinance
2026-02-10,68.80000305175781,63.959999084472656,2.3987998962402344,17.790000915527344,6941.81005859375,96.80000305175781,5003.7998046875,4.146999835968018,3.5899999141693115,11.180000305175781,yfinance
2026-02-11,69.4000015258789,64.62999725341797,2.4403998851776123,17.649999618530273,6941.47021484375,96.83000183105469,5071.60009765625,4.171999931335449,3.5999999046325684,11.4399995803833,yfinance
2026-02-12,67.5199966430664,62.84000015258789,2.392699956893921,20.81999969482422,6832.759765625,96.93000030517578,4923.7001953125,4.104000091552734,3.5980000495910645,11.300000190734863,yfinance
2026-02-13,67.75,62.88999938964844,2.3879001140594482,20.600000381469727,6836.169921875,96.87999725341797,5022.0,4.056000232696533,3.5929999351501465,11.489999771118164,yfinance
2026-02-17,67.41999816894531,62.33000183105469,2.3905999660491943,20.290000915527344,6843.22021484375,97.16000366210938,4882.89990234375,4.052000045776367,3.5929999351501465,11.680000305175781,yfinance
2026-02-18,70.3499984741211,65.19000244140625,2.518699884414673,19.6200008392334,6881.31005859375,97.69999694824219,4986.5,4.078999996185303,3.6029999256134033,11.760000228881836,yfinance
2026-02-19,71.66000366210938,66.43000030517578,2.6147000789642334,20.229999542236328,6861.89013671875,97.93000030517578,4975.89990234375,4.074999809265137,3.5950000286102295,11.65999984741211,yfinance
2026-02-20,71.76000213623047,66.38999938964844,2.5857999324798584,19.09000015258789,6909.509765625,97.80000305175781,5059.2998046875,4.085999965667725,3.5950000286102295,11.729999542236328,yfinance
2026-02-23,71.48999786376953,66.30999755859375,2.6782000064849854,21.010000228881836,6837.75,97.69999694824219,5204.7001953125,4.0289998054504395,3.5880000591278076,11.770000457763672,yfinance
2026-02-24,70.7699966430664,65.62999725341797,2.6868999004364014,19.549999237060547,6890.06982421875,97.87999725341797,5155.7998046875,4.0329999923706055,3.5880000591278076,11.869999885559082,yfinance
2026-02-25,70.8499984741211,65.41999816894531,2.6740000247955322,17.93000030517578,6946.1298828125,97.69999694824219,5206.39990234375,4.047999858856201,3.5880000591278076,11.680000305175781,yfinance
2026-02-26,70.75,65.20999908447266,2.612499952316284,18.6299991607666,6908.85986328125,97.79000091552734,5176.5,4.017000198364258,3.5880000591278076,11.90999984741211,yfinance
2026-02-27,72.4800033569336,67.0199966430664,2.6709001064300537,19.860000610351562,6878.8798828125,97.61000061035156,5230.5,3.9619998931884766,3.578000068664551,12.069999694824219,yfinance
2026-03-02,77.73999786376953,71.2300033569336,2.900399923324585,21.440000534057617,6881.6201171875,98.37999725341797,5294.39990234375,4.047999858856201,3.5899999141693115,12.220000267028809,yfinance
2026-03-03,81.4000015258789,74.55999755859375,3.1868999004364014,23.56999969482422,6816.6298828125,99.05000305175781,5107.39990234375,4.056000232696533,3.5950000286102295,12.5,yfinance
2026-03-04,81.4000015258789,74.66000366210938,3.293800115585327,21.149999618530273,6869.5,98.7699966430664,5120.2001953125,4.079999923706055,3.5950000286102295,11.90999984741211,yfinance
2026-03-05,85.41000366210938,81.01000213623047,3.614300012588501,23.75,6830.7099609375,99.31999969482422,5065.2998046875,4.145999908447266,3.5880000591278076,11.520000457763672,yfinance
2026-03-06,92.69000244140625,90.9000015258789,3.6224000453948975,29.489999771118164,6740.02001953125,98.98999786376953,5146.10009765625,4.132999897003174,3.569999933242798,10.460000038146973,yfinance
2026-03-09,98.95999908447266,94.7699966430664,3.5866000652313232,25.5,6795.990234375,99.18000030517578,5091.5,4.136000156402588,3.5929999351501465,10.260000228881836,yfinance
2026-03-10,87.80000305175781,83.44999694824219,3.34660005569458,24.93000030517578,6781.47998046875,98.83000183105469,5229.7001953125,4.136000156402588,3.5950000286102295,10.229999542236328,yfinance
2026-03-11,91.9800033569336,87.25,3.678800106048584,24.229999542236328,6775.7998046875,99.2300033569336,5167.39990234375,4.208000183105469,3.5999999046325684,10.699999809265137,yfinance
2026-03-12,100.45999908447266,95.7300033569336,3.898900032043457,27.290000915527344,6672.6201171875,99.73999786376953,5115.7998046875,4.2729997634887695,3.6050000190734863,10.399999618530273,yfinance
2026-03-13,103.13999938964844,98.70999908447266,4.014699935913086,27.190000534057617,6632.18994140625,100.36000061035156,5052.5,4.284999847412109,3.6029999256134033,10.489999771118164,yfinance
2026-03-16,100.20999908447266,93.5,3.8375000953674316,23.510000228881836,6699.3798828125,99.70999908447266,4994.0,4.21999979019165,3.6050000190734863,10.670000076293945,yfinance
2026-03-17,103.41999816894531,96.20999908447266,4.0157999992370605,22.3700008392334,6716.08984375,99.58000183105469,5001.0,4.202000141143799,3.6050000190734863,10.430000305175781,yfinance
2026-03-18,107.37999725341797,96.31999969482422,4.197800159454346,25.09000015258789,6624.7001953125,100.08999633789062,4889.89990234375,4.258999824523926,3.609999895095825,10.699999809265137,yfinance
2026-03-19,108.6500015258789,96.13999938964844,4.3420000076293945,24.059999465942383,6606.490234375,99.2300033569336,4600.7001953125,4.281000137329102,3.611999988555908,10.020000457763672,yfinance
2026-03-20,112.19000244140625,98.31999969482422,4.608399868011475,26.780000686645508,6506.47998046875,99.6500015258789,4570.39990234375,4.390999794006348,3.618000030517578,10.010000228881836,yfinance
2026-03-23,99.94000244140625,88.12999725341797,4.056000232696533,26.149999618530273,6581.0,98.94999694824219,4404.10009765625,4.334000110626221,3.611999988555908,9.989999771118164,yfinance
2026-03-24,104.48999786376953,92.3499984741211,4.290900230407715,26.950000762939453,6556.3701171875,99.43000030517578,4399.2998046875,4.392000198364258,3.619999885559082,9.800000190734863,yfinance
2026-03-25,102.22000122070312,90.31999969482422,4.00629997253418,25.329999923706055,6591.89990234375,99.5999984741211,4549.7998046875,4.328000068664551,3.619999885559082,10.0,yfinance
2026-03-26,108.01000213623047,94.4800033569336,4.273399829864502,27.440000534057617,6477.16015625,99.9000015258789,4375.5,4.415999889373779,3.619999885559082,10.0,yfinance
2026-03-27,112.56999969482422,99.63999938964844,4.495500087738037,31.049999237060547,6368.85009765625,100.1500015258789,4492.0,4.440000057220459,3.6070001125335693,9.930000305175781,yfinance
2026-03-30,112.77999877929688,102.87999725341797,4.364299774169922,30.610000610351562,6343.72021484375,100.51000213623047,4526.0,4.3420000076293945,3.5980000495910645,9.9399995803833,yfinance
2026-03-31,118.3499984741211,101.37999725341797,4.163400173187256,25.25,6528.52001953125,99.95999908447266,4647.60009765625,4.310999870300293,3.5999999046325684,9.970000267028809,yfinance
2026-04-01,101.16000366210938,100.12000274658203,4.05679988861084,24.540000915527344,6575.31982421875,99.6500015258789,4783.2001953125,4.318999767303467,3.6050000190734863,10.324999809265137,yfinance
2026-04-02,109.02999877929688,111.54000091552734,4.361100196838379,23.8700008392334,6582.68994140625,100.02999877929688,4651.5,4.313000202178955,3.6070001125335693,10.449999809265137,yfinance
2026-04-06,109.7699966430664,112.41000366210938,4.328400135040283,24.170000076293945,6611.830078125,99.9800033569336,4656.7998046875,4.335000038146973,3.622999906539917,9.9399995803833,yfinance
2026-04-07,109.2699966430664,112.94999694824219,4.477399826049805,25.780000686645508,6616.85009765625,99.63999938964844,4657.10009765625,4.3429999351501465,3.615000009536743,10.4399995803833,yfinance
2026-04-08,94.75,94.41000366210938,3.8083999156951904,21.040000915527344,6782.81005859375,99.12999725341797,4749.5,4.290999889373779,3.5999999046325684,10.600000381469727,yfinance
2026-04-09,95.91999816894531,97.87000274658203,3.937000036239624,19.489999771118164,6824.66015625,98.81999969482422,4792.2001953125,4.293000221252441,3.5880000591278076,10.300000190734863,yfinance
2026-04-10,95.19999694824219,96.56999969482422,3.7616000175476074,19.229999542236328,6816.89013671875,98.6500015258789,4761.89990234375,4.316999912261963,3.5929999351501465,10.699999809265137,yfinance
2026-04-13,99.36000061035156,99.08000183105469,3.8341000080108643,19.1200008392334,6886.240234375,98.37000274658203,4742.39990234375,4.296999931335449,3.6029999256134033,11.0600004196167,yfinance
2026-04-14,94.79000091552734,91.27999877929688,3.624300003051758,18.360000610351562,6967.3798828125,98.12000274658203,4825.0,4.25600004196167,3.611999988555908,11.420000076293945,yfinance
2026-04-15,94.93000030517578,91.29000091552734,3.753200054168701,18.170000076293945,7022.9501953125,98.05999755859375,4800.0,4.2820000648498535,3.611999988555908,11.399999618530273,yfinance
2026-04-16,99.38999938964844,94.69000244140625,3.832900047302246,17.940000534057617,7041.27978515625,98.22000122070312,4785.39990234375,4.309000015258789,3.609999895095825,11.130000114440918,yfinance
2026-04-17,90.37999725341797,83.8499984741211,3.39739990234375,17.479999542236328,7126.06005859375,98.0999984741211,4857.60009765625,4.245999813079834,3.5999999046325684,11.4399995803833,yfinance
2026-04-20,95.4800033569336,89.61000061035156,3.5408999919891357,18.8700008392334,7109.14013671875,98.05000305175781,4806.60009765625,4.25,3.5980000495910645,11.303999900817871,yfinance
2026-04-21,98.4800033569336,92.12999725341797,3.728800058364868,19.5,7064.009765625,98.41000366210938,4698.39990234375,4.291999816894531,3.5980000495910645,11.350000381469727,yfinance
2026-04-22,101.91000366210938,92.95999908447266,3.9379000663757324,18.920000076293945,7137.89990234375,98.58999633789062,4732.5,4.294000148773193,3.5950000286102295,11.399999618530273,yfinance
2026-04-23,105.06999969482422,95.8499984741211,3.9881999492645264,19.309999465942383,7108.39990234375,98.80000305175781,4705.10009765625,4.322999954223633,3.5950000286102295,11.34000015258789,yfinance
2026-04-24,105.33000183105469,94.4000015258789,3.887399911880493,18.709999084472656,7165.080078125,98.51000213623047,4722.2998046875,4.309999942779541,3.5929999351501465,10.899999618530273,yfinance
2026-04-27,108.2300033569336,96.37000274658203,3.9746999740600586,18.020000457763672,7173.91015625,98.4800033569336,4675.39990234375,4.335999965667725,3.5899999141693115,11.270000457763672,yfinance
2026-04-28,111.26000213623047,99.93000030517578,3.9711999893188477,17.829999923706055,7138.7998046875,98.62000274658203,4591.5,4.354000091552734,3.5899999141693115,11.449999809265137,yfinance
2026-04-29,118.02999877929688,106.87999725341797,4.198699951171875,18.809999465942383,7135.9501953125,98.91999816894531,4545.2001953125,4.418000221252441,3.5899999141693115,11.850000381469727,yfinance
2026-04-30,114.01000213623047,105.06999969482422,4.138400077819824,16.889999389648438,7209.009765625,98.08000183105469,4614.7001953125,4.389999866485596,3.5850000381469727,11.720000267028809,yfinance
2026-05-01,108.16999816894531,101.94000244140625,3.9463999271392822,16.989999771118164,7230.1201171875,98.20999908447266,4629.89990234375,4.377999782562256,3.575000047683716,11.729999542236328,yfinance
2026-05-04,114.44000244140625,106.41999816894531,4.073200225830078,18.290000915527344,7200.75,98.47000122070312,4519.5,4.446000099182129,3.5899999141693115,11.789999961853027,yfinance
2026-05-05,109.87000274658203,102.2699966430664,4.030200004577637,17.3799991607666,7259.22021484375,98.4800033569336,4555.7998046875,4.415999889373779,3.5999999046325684,12.180000305175781,yfinance
2026-05-06,101.2699966430664,95.08000183105469,3.785599946975708,17.389999389648438,7365.1201171875,98.0199966430664,4681.89990234375,4.355999946594238,3.5999999046325684,12.109999656677246,yfinance
2026-05-07,100.05999755859375,94.80999755859375,3.8166000843048096,17.079999923706055,7337.10986328125,98.25,4699.7998046875,4.392000198364258,3.5980000495910645,12.100000381469727,yfinance
2026-05-08,101.29000091552734,95.41999816894531,3.8991000652313232,17.190000534057617,7398.93017578125,97.83999633789062,4720.39990234375,4.363999843597412,3.5950000286102295,12.105999946594238,yfinance
2026-05-11,104.20999908447266,98.06999969482422,3.968600034713745,18.3799991607666,7412.83984375,97.94000244140625,4718.7001953125,4.409999847412109,3.5999999046325684,12.649999618530273,yfinance
2026-05-12,107.7699966430664,102.18000030517578,4.15880012512207,17.989999771118164,7400.9599609375,98.29000091552734,4677.60009765625,4.4629998207092285,3.6029999256134033,13.289999961853027,yfinance
2026-05-13,105.62999725341797,101.0199966430664,3.9667000770568848,17.8700008392334,7444.25,98.4800033569336,4697.7001953125,4.480999946594238,3.5999999046325684,13.329999923706055,yfinance
2026-05-14,105.72000122070312,101.16999816894531,3.905600070953369,17.260000228881836,7501.240234375,98.87999725341797,4678.10009765625,4.460999965667725,3.5880000591278076,12.949999809265137,yfinance
2026-05-15,109.26000213623047,105.41999816894531,4.053400039672852,18.43000030517578,7408.5,99.2699966430664,4555.7998046875,4.59499979019165,3.5880000591278076,13.180000305175781,yfinance
2026-05-18,112.0999984741211,108.66000366210938,4.114500045776367,17.81999969482422,7403.0498046875,98.97000122070312,4552.5,4.623000144958496,3.568000078201294,12.850000381469727,yfinance
2026-05-19,111.27999877929688,107.7699966430664,4.162499904632568,18.059999465942383,7353.60986328125,99.30000305175781,4506.2998046875,4.666999816894531,3.575000047683716,12.649999618530273,yfinance
2026-05-20,105.0199966430664,98.26000213623047,3.9470999240875244,17.440000534057617,7432.97021484375,99.11000061035156,4531.2998046875,4.572000026702881,3.556999921798706,12.109999656677246,yfinance
2026-05-21,102.58000183105469,96.3499984741211,3.8315999507904053,16.760000228881836,7445.72021484375,99.19000244140625,4539.7998046875,4.585999965667725,3.5820000171661377,12.5,yfinance
2026-05-22,103.54000091552734,96.5999984741211,3.8877999782562256,16.700000762939453,7473.47021484375,99.31999969482422,4521.0,4.558000087738037,3.5850000381469727,12.675000190734863,yfinance
2026-05-25,,,,16.59000015258789,,,,,,,yfinance
2026-05-26,99.58000183105469,93.88999938964844,3.714600086212158,17.010000228881836,7519.1201171875,99.16999816894531,4500.39990234375,4.493000030517578,3.5820000171661377,12.880000114440918,yfinance
2026-05-27,94.29000091552734,88.68000030517578,3.5975000858306885,16.290000915527344,7520.35986328125,99.20999908447266,4447.5,4.480999946594238,3.5850000381469727,12.875,yfinance
2026-05-28,93.70999908447266,88.9000015258789,3.6187000274658203,15.739999771118164,7563.6298828125,99.0199966430664,4499.2998046875,4.454999923706055,3.5899999141693115,13.149999618530273,yfinance
2026-05-29,92.05000305175781,87.36000061035156,3.5373001098632812,15.319999694824219,7580.06005859375,98.91000366210938,4560.5,4.453000068664551,3.5880000591278076,12.9399995803833,yfinance
2026-06-01,94.9800033569336,92.16000366210938,3.639400005340576,16.049999237060547,7599.9599609375,99.19999694824219,4475.2001953125,4.474999904632568,3.619999885559082,13.03499984741211,yfinance
2026-06-02,96.0,93.76000213623047,3.698699951171875,15.770000457763672,7609.77978515625,99.22000122070312,4489.10009765625,4.454999923706055,3.618000030517578,12.9399995803833,yfinance
2026-06-03,97.80999755859375,96.0199966430664,3.848099946975708,16.059999465942383,7553.68017578125,99.52999877929688,4436.7001953125,4.491000175476074,3.622999906539917,12.619999885559082,yfinance
2026-06-04,95.02999877929688,93.04000091552734,3.673799991607666,15.399999618530273,7584.31005859375,99.41000366210938,4475.7998046875,4.4770002365112305,3.619999885559082,12.65999984741211,yfinance
2026-06-05,93.08999633789062,90.54000091552734,3.587399959564209,21.510000228881836,7383.740234375,100.06999969482422,4337.10009765625,4.535999774932861,3.625,12.699999809265137,yfinance
2026-06-08,94.25,91.30000305175781,3.599900007247925,18.920000076293945,7405.72998046875,100.05000305175781,4335.89990234375,4.552000045776367,3.628000020980835,12.369999885559082,yfinance
2026-06-09,91.44999694824219,88.19999694824219,3.541800022125244,19.8700008392334,7386.64990234375,99.91000366210938,4260.0,4.5279998779296875,3.634999990463257,12.369999885559082,yfinance
2026-06-10,93.0999984741211,90.02999877929688,3.612600088119507,22.219999313354492,7266.990234375,99.94999694824219,4108.2001953125,4.541999816894531,3.634999990463257,12.5,yfinance
2026-06-11,90.37999725341797,87.70999908447266,3.5130999088287354,19.440000534057617,7394.2998046875,99.86000061035156,4090.300048828125,4.4629998207092285,3.622999906539917,12.520000457763672,yfinance
2026-06-12,87.33000183105469,84.87999725341797,3.404400110244751,17.68000030517578,7431.4599609375,99.75,4215.0,4.486999988555908,3.618000030517578,12.319999694824219,yfinance
2026-06-15,83.16999816894531,80.75,3.2664999961853027,16.200000762939453,7554.2900390625,99.62999725341797,4328.0,4.468999862670898,3.618000030517578,11.989999771118164,yfinance
2026-06-16,78.95999908447266,76.05000305175781,3.1702001094818115,16.40999984741211,7511.35009765625,99.54000091552734,4330.89990234375,4.427999973297119,3.630000114440918,12.130000114440918,yfinance
2026-06-17,79.55000305175781,76.79000091552734,3.1946001052856445,18.440000534057617,7420.10009765625,100.08999633789062,4358.89990234375,4.4629998207092285,3.6470000743865967,11.880000114440918,yfinance
2026-06-18,79.8499984741211,76.5999984741211,3.1273000240325928,16.399999618530273,7500.580078125,100.8499984741211,4224.10009765625,4.451000213623047,3.6579999923706055,11.569999694824219,yfinance
2026-06-22,79.23999786376953,75.33000183105469,3.118499994277954,17.350000381469727,,100.89900207519531,4223.7998046875,,,,yfinance
